row_id,target
RBT_080001,7
RBT_080002,3
RBT_080003,7
RBT_080004,6
RBT_080005,7
RBT_080006,4
RBT_080007,5
RBT_080008,4
RBT_080009,3
RBT_080010,4
RBT_080011,1
RBT_080012,6
RBT_080013,3
RBT_080014,5
RBT_080015,7
RBT_080016,6
RBT_080017,6
RBT_080018,5
RBT_080019,4
RBT_080020,5
RBT_080021,2
RBT_080022,2
RBT_080023,6
RBT_080024,5
RBT_080025,1
RBT_080026,5
RBT_080027,6
RBT_080028,3
RBT_080029,6
RBT_080030,5
RBT_080031,6
RBT_080032,5
RBT_080033,4
RBT_080034,2
RBT_080035,1
RBT_080036,5
RBT_080037,3
RBT_080038,7
RBT_080039,5
RBT_080040,5
RBT_080041,5
RBT_080042,4
RBT_080043,3
RBT_080044,2
RBT_080045,5
RBT_080046,6
RBT_080047,6
RBT_080048,6
RBT_080049,7
RBT_080050,7
RBT_080051,7
RBT_080052,5
RBT_080053,3
RBT_080054,2
RBT_080055,7
RBT_080056,4
RBT_080057,1
RBT_080058,5
RBT_080059,6
RBT_080060,7
RBT_080061,5
RBT_080062,5
RBT_080063,6
RBT_080064,5
RBT_080065,2
RBT_080066,7
RBT_080067,5
RBT_080068,1
RBT_080069,1
RBT_080070,2
RBT_080071,6
RBT_080072,6
RBT_080073,4
RBT_080074,5
RBT_080075,5
RBT_080076,2
RBT_080077,5
RBT_080078,5
RBT_080079,6
RBT_080080,6
RBT_080081,1
RBT_080082,3
RBT_080083,5
RBT_080084,5
RBT_080085,7
RBT_080086,6
RBT_080087,1
RBT_080088,1
RBT_080089,5
RBT_080090,6
RBT_080091,6
RBT_080092,3
RBT_080093,7
RBT_080094,3
RBT_080095,5
RBT_080096,3
RBT_080097,1
RBT_080098,6
RBT_080099,1
RBT_080100,5
RBT_080101,2
RBT_080102,1
RBT_080103,7
RBT_080104,7
RBT_080105,5
RBT_080106,5
RBT_080107,7
RBT_080108,6
RBT_080109,7
RBT_080110,4
RBT_080111,5
RBT_080112,5
RBT_080113,5
RBT_080114,5
RBT_080115,6
RBT_080116,3
RBT_080117,4
RBT_080118,3
RBT_080119,5
RBT_080120,6
RBT_080121,4
RBT_080122,6
RBT_080123,4
RBT_080124,5
RBT_080125,3
RBT_080126,7
RBT_080127,5
RBT_080128,6
RBT_080129,7
RBT_080130,3
RBT_080131,4
RBT_080132,5
RBT_080133,4
RBT_080134,6
RBT_080135,2
RBT_080136,5
RBT_080137,3
RBT_080138,7
RBT_080139,6
RBT_080140,6
RBT_080141,2
RBT_080142,3
RBT_080143,6
RBT_080144,5
RBT_080145,1
RBT_080146,5
RBT_080147,5
RBT_080148,2
RBT_080149,5
RBT_080150,3
RBT_080151,6
RBT_080152,5
RBT_080153,6
RBT_080154,5
RBT_080155,5
RBT_080156,6
RBT_080157,5
RBT_080158,5
RBT_080159,4
RBT_080160,5
RBT_080161,6
RBT_080162,5
RBT_080163,7
RBT_080164,6
RBT_080165,6
RBT_080166,6
RBT_080167,5
RBT_080168,6
RBT_080169,5
RBT_080170,2
RBT_080171,6
RBT_080172,4
RBT_080173,5
RBT_080174,2
RBT_080175,7
RBT_080176,5
RBT_080177,1
RBT_080178,5
RBT_080179,6
RBT_080180,6
RBT_080181,5
RBT_080182,3
RBT_080183,7
RBT_080184,7
RBT_080185,2
RBT_080186,2
RBT_080187,5
RBT_080188,5
RBT_080189,5
RBT_080190,4
RBT_080191,1
RBT_080192,5
RBT_080193,3
RBT_080194,5
RBT_080195,5
RBT_080196,3
RBT_080197,5
RBT_080198,6
RBT_080199,2
RBT_080200,5
RBT_080201,4
RBT_080202,2
RBT_080203,5
RBT_080204,4
RBT_080205,3
RBT_080206,5
RBT_080207,5
RBT_080208,5
RBT_080209,3
RBT_080210,7
RBT_080211,4
RBT_080212,4
RBT_080213,3
RBT_080214,2
RBT_080215,7
RBT_080216,5
RBT_080217,6
RBT_080218,5
RBT_080219,5
RBT_080220,7
RBT_080221,2
RBT_080222,4
RBT_080223,3
RBT_080224,5
RBT_080225,5
RBT_080226,4
RBT_080227,6
RBT_080228,1
RBT_080229,4
RBT_080230,6
RBT_080231,5
RBT_080232,6
RBT_080233,4
RBT_080234,4
RBT_080235,6
RBT_080236,7
RBT_080237,4
RBT_080238,4
RBT_080239,2
RBT_080240,6
RBT_080241,6
RBT_080242,5
RBT_080243,6
RBT_080244,6
RBT_080245,6
RBT_080246,5
RBT_080247,3
RBT_080248,6
RBT_080249,4
RBT_080250,6
RBT_080251,4
RBT_080252,3
RBT_080253,5
RBT_080254,4
RBT_080255,4
RBT_080256,4
RBT_080257,3
RBT_080258,5
RBT_080259,6
RBT_080260,3
RBT_080261,4
RBT_080262,5
RBT_080263,6
RBT_080264,4
RBT_080265,4
RBT_080266,6
RBT_080267,4
RBT_080268,6
RBT_080269,5
RBT_080270,5
RBT_080271,5
RBT_080272,2
RBT_080273,5
RBT_080274,4
RBT_080275,6
RBT_080276,7
RBT_080277,3
RBT_080278,2
RBT_080279,4
RBT_080280,5
RBT_080281,1
RBT_080282,6
RBT_080283,7
RBT_080284,6
RBT_080285,4
RBT_080286,2
RBT_080287,5
RBT_080288,4
RBT_080289,3
RBT_080290,5
RBT_080291,6
RBT_080292,4
RBT_080293,5
RBT_080294,5
RBT_080295,5
RBT_080296,1
RBT_080297,5
RBT_080298,5
RBT_080299,2
RBT_080300,5
RBT_080301,4
RBT_080302,5
RBT_080303,5
RBT_080304,6
RBT_080305,4
RBT_080306,7
RBT_080307,7
RBT_080308,5
RBT_080309,7
RBT_080310,5
RBT_080311,6
RBT_080312,2
RBT_080313,1
RBT_080314,4
RBT_080315,2
RBT_080316,7
RBT_080317,6
RBT_080318,6
RBT_080319,1
RBT_080320,4
RBT_080321,2
RBT_080322,6
RBT_080323,5
RBT_080324,3
RBT_080325,5
RBT_080326,2
RBT_080327,3
RBT_080328,2
RBT_080329,6
RBT_080330,5
RBT_080331,4
RBT_080332,1
RBT_080333,5
RBT_080334,5
RBT_080335,4
RBT_080336,5
RBT_080337,2
RBT_080338,7
RBT_080339,4
RBT_080340,7
RBT_080341,5
RBT_080342,6
RBT_080343,5
RBT_080344,6
RBT_080345,1
RBT_080346,3
RBT_080347,5
RBT_080348,4
RBT_080349,7
RBT_080350,5
RBT_080351,7
RBT_080352,5
RBT_080353,6
RBT_080354,5
RBT_080355,3
RBT_080356,1
RBT_080357,5
RBT_080358,7
RBT_080359,2
RBT_080360,6
RBT_080361,5
RBT_080362,7
RBT_080363,6
RBT_080364,4
RBT_080365,6
RBT_080366,6
RBT_080367,6
RBT_080368,2
RBT_080369,6
RBT_080370,4
RBT_080371,5
RBT_080372,2
RBT_080373,5
RBT_080374,7
RBT_080375,3
RBT_080376,6
RBT_080377,5
RBT_080378,4
RBT_080379,1
RBT_080380,5
RBT_080381,3
RBT_080382,6
RBT_080383,1
RBT_080384,5
RBT_080385,5
RBT_080386,4
RBT_080387,6
RBT_080388,3
RBT_080389,6
RBT_080390,3
RBT_080391,1
RBT_080392,7
RBT_080393,5
RBT_080394,5
RBT_080395,4
RBT_080396,3
RBT_080397,6
RBT_080398,5
RBT_080399,4
RBT_080400,4
RBT_080401,7
RBT_080402,7
RBT_080403,4
RBT_080404,6
RBT_080405,3
RBT_080406,6
RBT_080407,2
RBT_080408,6
RBT_080409,5
RBT_080410,2
RBT_080411,5
RBT_080412,3
RBT_080413,3
RBT_080414,5
RBT_080415,7
RBT_080416,7
RBT_080417,6
RBT_080418,6
RBT_080419,5
RBT_080420,5
RBT_080421,6
RBT_080422,2
RBT_080423,7
RBT_080424,4
RBT_080425,5
RBT_080426,4
RBT_080427,3
RBT_080428,6
RBT_080429,4
RBT_080430,4
RBT_080431,3
RBT_080432,5
RBT_080433,5
RBT_080434,5
RBT_080435,1
RBT_080436,5
RBT_080437,4
RBT_080438,3
RBT_080439,5
RBT_080440,5
RBT_080441,5
RBT_080442,5
RBT_080443,5
RBT_080444,2
RBT_080445,3
RBT_080446,1
RBT_080447,7
RBT_080448,3
RBT_080449,6
RBT_080450,6
RBT_080451,6
RBT_080452,5
RBT_080453,5
RBT_080454,3
RBT_080455,2
RBT_080456,5
RBT_080457,6
RBT_080458,6
RBT_080459,6
RBT_080460,7
RBT_080461,5
RBT_080462,4
RBT_080463,6
RBT_080464,3
RBT_080465,1
RBT_080466,1
RBT_080467,5
RBT_080468,7
RBT_080469,5
RBT_080470,4
RBT_080471,5
RBT_080472,5
RBT_080473,6
RBT_080474,4
RBT_080475,5
RBT_080476,1
RBT_080477,5
RBT_080478,6
RBT_080479,5
RBT_080480,5
RBT_080481,4
RBT_080482,4
RBT_080483,5
RBT_080484,5
RBT_080485,7
RBT_080486,4
RBT_080487,2
RBT_080488,7
RBT_080489,4
RBT_080490,6
RBT_080491,6
RBT_080492,6
RBT_080493,5
RBT_080494,5
RBT_080495,2
RBT_080496,5
RBT_080497,5
RBT_080498,7
RBT_080499,5
RBT_080500,6
RBT_080501,3
RBT_080502,6
RBT_080503,1
RBT_080504,5
RBT_080505,6
RBT_080506,5
RBT_080507,3
RBT_080508,5
RBT_080509,6
RBT_080510,6
RBT_080511,5
RBT_080512,6
RBT_080513,6
RBT_080514,3
RBT_080515,6
RBT_080516,5
RBT_080517,5
RBT_080518,5
RBT_080519,7
RBT_080520,6
RBT_080521,7
RBT_080522,5
RBT_080523,1
RBT_080524,4
RBT_080525,6
RBT_080526,5
RBT_080527,3
RBT_080528,1
RBT_080529,4
RBT_080530,3
RBT_080531,6
RBT_080532,7
RBT_080533,6
RBT_080534,2
RBT_080535,3
RBT_080536,3
RBT_080537,4
RBT_080538,2
RBT_080539,7
RBT_080540,6
RBT_080541,2
RBT_080542,3
RBT_080543,4
RBT_080544,6
RBT_080545,6
RBT_080546,4
RBT_080547,7
RBT_080548,1
RBT_080549,3
RBT_080550,3
RBT_080551,1
RBT_080552,5
RBT_080553,3
RBT_080554,5
RBT_080555,7
RBT_080556,5
RBT_080557,4
RBT_080558,5
RBT_080559,4
RBT_080560,6
RBT_080561,5
RBT_080562,2
RBT_080563,5
RBT_080564,3
RBT_080565,4
RBT_080566,4
RBT_080567,2
RBT_080568,7
RBT_080569,5
RBT_080570,3
RBT_080571,5
RBT_080572,5
RBT_080573,4
RBT_080574,5
RBT_080575,5
RBT_080576,3
RBT_080577,5
RBT_080578,6
RBT_080579,3
RBT_080580,5
RBT_080581,7
RBT_080582,6
RBT_080583,5
RBT_080584,6
RBT_080585,5
RBT_080586,7
RBT_080587,3
RBT_080588,6
RBT_080589,1
RBT_080590,2
RBT_080591,6
RBT_080592,6
RBT_080593,1
RBT_080594,4
RBT_080595,2
RBT_080596,7
RBT_080597,5
RBT_080598,5
RBT_080599,6
RBT_080600,6
RBT_080601,7
RBT_080602,7
RBT_080603,4
RBT_080604,5
RBT_080605,5
RBT_080606,5
RBT_080607,5
RBT_080608,2
RBT_080609,7
RBT_080610,3
RBT_080611,5
RBT_080612,4
RBT_080613,5
RBT_080614,7
RBT_080615,5
RBT_080616,6
RBT_080617,3
RBT_080618,5
RBT_080619,7
RBT_080620,6
RBT_080621,5
RBT_080622,7
RBT_080623,1
RBT_080624,5
RBT_080625,6
RBT_080626,4
RBT_080627,7
RBT_080628,6
RBT_080629,6
RBT_080630,1
RBT_080631,3
RBT_080632,6
RBT_080633,5
RBT_080634,5
RBT_080635,1
RBT_080636,5
RBT_080637,6
RBT_080638,5
RBT_080639,5
RBT_080640,6
RBT_080641,6
RBT_080642,6
RBT_080643,5
RBT_080644,5
RBT_080645,5
RBT_080646,5
RBT_080647,2
RBT_080648,5
RBT_080649,5
RBT_080650,7
RBT_080651,4
RBT_080652,2
RBT_080653,7
RBT_080654,2
RBT_080655,7
RBT_080656,4
RBT_080657,1
RBT_080658,2
RBT_080659,5
RBT_080660,1
RBT_080661,7
RBT_080662,6
RBT_080663,5
RBT_080664,7
RBT_080665,4
RBT_080666,6
RBT_080667,6
RBT_080668,5
RBT_080669,4
RBT_080670,4
RBT_080671,7
RBT_080672,2
RBT_080673,3
RBT_080674,5
RBT_080675,6
RBT_080676,3
RBT_080677,6
RBT_080678,7
RBT_080679,2
RBT_080680,7
RBT_080681,5
RBT_080682,4
RBT_080683,1
RBT_080684,5
RBT_080685,7
RBT_080686,3
RBT_080687,5
RBT_080688,5
RBT_080689,1
RBT_080690,6
RBT_080691,6
RBT_080692,6
RBT_080693,5
RBT_080694,3
RBT_080695,3
RBT_080696,5
RBT_080697,7
RBT_080698,5
RBT_080699,5
RBT_080700,5
RBT_080701,7
RBT_080702,3
RBT_080703,5
RBT_080704,4
RBT_080705,7
RBT_080706,6
RBT_080707,5
RBT_080708,4
RBT_080709,4
RBT_080710,4
RBT_080711,7
RBT_080712,7
RBT_080713,5
RBT_080714,4
RBT_080715,7
RBT_080716,5
RBT_080717,1
RBT_080718,5
RBT_080719,5
RBT_080720,7
RBT_080721,5
RBT_080722,4
RBT_080723,5
RBT_080724,1
RBT_080725,7
RBT_080726,1
RBT_080727,1
RBT_080728,5
RBT_080729,3
RBT_080730,4
RBT_080731,5
RBT_080732,6
RBT_080733,5
RBT_080734,7
RBT_080735,4
RBT_080736,7
RBT_080737,5
RBT_080738,5
RBT_080739,7
RBT_080740,5
RBT_080741,3
RBT_080742,5
RBT_080743,3
RBT_080744,4
RBT_080745,6
RBT_080746,6
RBT_080747,4
RBT_080748,1
RBT_080749,5
RBT_080750,4
RBT_080751,1
RBT_080752,2
RBT_080753,5
RBT_080754,5
RBT_080755,4
RBT_080756,6
RBT_080757,6
RBT_080758,5
RBT_080759,4
RBT_080760,5
RBT_080761,6
RBT_080762,1
RBT_080763,5
RBT_080764,6
RBT_080765,6
RBT_080766,3
RBT_080767,2
RBT_080768,3
RBT_080769,7
RBT_080770,3
RBT_080771,6
RBT_080772,7
RBT_080773,6
RBT_080774,4
RBT_080775,6
RBT_080776,5
RBT_080777,6
RBT_080778,3
RBT_080779,7
RBT_080780,5
RBT_080781,4
RBT_080782,6
RBT_080783,4
RBT_080784,2
RBT_080785,5
RBT_080786,4
RBT_080787,4
RBT_080788,7
RBT_080789,2
RBT_080790,4
RBT_080791,4
RBT_080792,5
RBT_080793,5
RBT_080794,3
RBT_080795,5
RBT_080796,4
RBT_080797,6
RBT_080798,5
RBT_080799,6
RBT_080800,6
RBT_080801,7
RBT_080802,6
RBT_080803,5
RBT_080804,5
RBT_080805,3
RBT_080806,2
RBT_080807,5
RBT_080808,6
RBT_080809,4
RBT_080810,4
RBT_080811,7
RBT_080812,3
RBT_080813,6
RBT_080814,5
RBT_080815,7
RBT_080816,5
RBT_080817,3
RBT_080818,3
RBT_080819,4
RBT_080820,4
RBT_080821,7
RBT_080822,4
RBT_080823,6
RBT_080824,5
RBT_080825,5
RBT_080826,7
RBT_080827,6
RBT_080828,3
RBT_080829,5
RBT_080830,5
RBT_080831,6
RBT_080832,4
RBT_080833,4
RBT_080834,4
RBT_080835,4
RBT_080836,1
RBT_080837,6
RBT_080838,3
RBT_080839,6
RBT_080840,6
RBT_080841,4
RBT_080842,5
RBT_080843,6
RBT_080844,6
RBT_080845,4
RBT_080846,7
RBT_080847,4
RBT_080848,3
RBT_080849,3
RBT_080850,6
RBT_080851,1
RBT_080852,6
RBT_080853,4
RBT_080854,5
RBT_080855,6
RBT_080856,6
RBT_080857,5
RBT_080858,5
RBT_080859,5
RBT_080860,6
RBT_080861,6
RBT_080862,6
RBT_080863,6
RBT_080864,5
RBT_080865,4
RBT_080866,4
RBT_080867,3
RBT_080868,6
RBT_080869,2
RBT_080870,3
RBT_080871,7
RBT_080872,2
RBT_080873,2
RBT_080874,7
RBT_080875,5
RBT_080876,7
RBT_080877,4
RBT_080878,4
RBT_080879,3
RBT_080880,7
RBT_080881,6
RBT_080882,3
RBT_080883,7
RBT_080884,2
RBT_080885,5
RBT_080886,4
RBT_080887,6
RBT_080888,5
RBT_080889,7
RBT_080890,5
RBT_080891,5
RBT_080892,6
RBT_080893,6
RBT_080894,1
RBT_080895,4
RBT_080896,6
RBT_080897,5
RBT_080898,1
RBT_080899,1
RBT_080900,6
RBT_080901,3
RBT_080902,3
RBT_080903,4
RBT_080904,2
RBT_080905,1
RBT_080906,6
RBT_080907,5
RBT_080908,5
RBT_080909,5
RBT_080910,7
RBT_080911,6
RBT_080912,7
RBT_080913,5
RBT_080914,6
RBT_080915,7
RBT_080916,1
RBT_080917,4
RBT_080918,6
RBT_080919,4
RBT_080920,1
RBT_080921,6
RBT_080922,3
RBT_080923,4
RBT_080924,7
RBT_080925,3
RBT_080926,7
RBT_080927,5
RBT_080928,7
RBT_080929,6
RBT_080930,5
RBT_080931,7
RBT_080932,5
RBT_080933,5
RBT_080934,5
RBT_080935,3
RBT_080936,6
RBT_080937,4
RBT_080938,4
RBT_080939,6
RBT_080940,4
RBT_080941,5
RBT_080942,5
RBT_080943,5
RBT_080944,2
RBT_080945,7
RBT_080946,4
RBT_080947,4
RBT_080948,2
RBT_080949,5
RBT_080950,5
RBT_080951,7
RBT_080952,5
RBT_080953,7
RBT_080954,6
RBT_080955,5
RBT_080956,6
RBT_080957,7
RBT_080958,6
RBT_080959,2
RBT_080960,3
RBT_080961,5
RBT_080962,4
RBT_080963,5
RBT_080964,5
RBT_080965,5
RBT_080966,5
RBT_080967,5
RBT_080968,3
RBT_080969,5
RBT_080970,5
RBT_080971,5
RBT_080972,1
RBT_080973,3
RBT_080974,5
RBT_080975,5
RBT_080976,4
RBT_080977,5
RBT_080978,5
RBT_080979,5
RBT_080980,7
RBT_080981,4
RBT_080982,4
RBT_080983,5
RBT_080984,7
RBT_080985,5
RBT_080986,3
RBT_080987,7
RBT_080988,5
RBT_080989,6
RBT_080990,5
RBT_080991,4
RBT_080992,6
RBT_080993,5
RBT_080994,6
RBT_080995,3
RBT_080996,5
RBT_080997,5
RBT_080998,7
RBT_080999,1
RBT_081000,6
RBT_081001,5
RBT_081002,5
RBT_081003,6
RBT_081004,5
RBT_081005,6
RBT_081006,5
RBT_081007,2
RBT_081008,2
RBT_081009,4
RBT_081010,4
RBT_081011,1
RBT_081012,6
RBT_081013,3
RBT_081014,5
RBT_081015,3
RBT_081016,3
RBT_081017,4
RBT_081018,7
RBT_081019,4
RBT_081020,1
RBT_081021,7
RBT_081022,5
RBT_081023,4
RBT_081024,7
RBT_081025,6
RBT_081026,6
RBT_081027,5
RBT_081028,6
RBT_081029,7
RBT_081030,7
RBT_081031,6
RBT_081032,2
RBT_081033,7
RBT_081034,3
RBT_081035,4
RBT_081036,3
RBT_081037,3
RBT_081038,7
RBT_081039,2
RBT_081040,3
RBT_081041,3
RBT_081042,4
RBT_081043,6
RBT_081044,4
RBT_081045,6
RBT_081046,6
RBT_081047,1
RBT_081048,6
RBT_081049,6
RBT_081050,3
RBT_081051,5
RBT_081052,2
RBT_081053,3
RBT_081054,5
RBT_081055,1
RBT_081056,2
RBT_081057,3
RBT_081058,2
RBT_081059,1
RBT_081060,5
RBT_081061,3
RBT_081062,6
RBT_081063,7
RBT_081064,7
RBT_081065,2
RBT_081066,7
RBT_081067,5
RBT_081068,3
RBT_081069,6
RBT_081070,4
RBT_081071,5
RBT_081072,6
RBT_081073,2
RBT_081074,3
RBT_081075,7
RBT_081076,6
RBT_081077,4
RBT_081078,6
RBT_081079,3
RBT_081080,6
RBT_081081,5
RBT_081082,5
RBT_081083,7
RBT_081084,6
RBT_081085,3
RBT_081086,7
RBT_081087,4
RBT_081088,3
RBT_081089,3
RBT_081090,4
RBT_081091,4
RBT_081092,6
RBT_081093,7
RBT_081094,5
RBT_081095,5
RBT_081096,5
RBT_081097,5
RBT_081098,5
RBT_081099,7
RBT_081100,1
RBT_081101,6
RBT_081102,3
RBT_081103,5
RBT_081104,5
RBT_081105,5
RBT_081106,7
RBT_081107,5
RBT_081108,6
RBT_081109,6
RBT_081110,4
RBT_081111,7
RBT_081112,2
RBT_081113,5
RBT_081114,7
RBT_081115,1
RBT_081116,5
RBT_081117,5
RBT_081118,3
RBT_081119,4
RBT_081120,7
RBT_081121,5
RBT_081122,4
RBT_081123,7
RBT_081124,4
RBT_081125,6
RBT_081126,5
RBT_081127,5
RBT_081128,4
RBT_081129,5
RBT_081130,7
RBT_081131,2
RBT_081132,4
RBT_081133,7
RBT_081134,3
RBT_081135,1
RBT_081136,1
RBT_081137,4
RBT_081138,5
RBT_081139,1
RBT_081140,4
RBT_081141,6
RBT_081142,6
RBT_081143,5
RBT_081144,4
RBT_081145,7
RBT_081146,7
RBT_081147,6
RBT_081148,7
RBT_081149,5
RBT_081150,5
RBT_081151,7
RBT_081152,6
RBT_081153,7
RBT_081154,6
RBT_081155,5
RBT_081156,5
RBT_081157,5
RBT_081158,3
RBT_081159,5
RBT_081160,5
RBT_081161,6
RBT_081162,5
RBT_081163,7
RBT_081164,4
RBT_081165,7
RBT_081166,1
RBT_081167,5
RBT_081168,4
RBT_081169,4
RBT_081170,2
RBT_081171,6
RBT_081172,4
RBT_081173,6
RBT_081174,6
RBT_081175,5
RBT_081176,5
RBT_081177,2
RBT_081178,5
RBT_081179,5
RBT_081180,2
RBT_081181,6
RBT_081182,5
RBT_081183,5
RBT_081184,6
RBT_081185,5
RBT_081186,5
RBT_081187,4
RBT_081188,6
RBT_081189,2
RBT_081190,6
RBT_081191,6
RBT_081192,7
RBT_081193,4
RBT_081194,3
RBT_081195,6
RBT_081196,2
RBT_081197,3
RBT_081198,4
RBT_081199,4
RBT_081200,3
RBT_081201,7
RBT_081202,1
RBT_081203,6
RBT_081204,5
RBT_081205,6
RBT_081206,6
RBT_081207,2
RBT_081208,5
RBT_081209,4
RBT_081210,6
RBT_081211,6
RBT_081212,3
RBT_081213,4
RBT_081214,5
RBT_081215,5
RBT_081216,4
RBT_081217,4
RBT_081218,6
RBT_081219,1
RBT_081220,4
RBT_081221,4
RBT_081222,5
RBT_081223,6
RBT_081224,5
RBT_081225,4
RBT_081226,6
RBT_081227,6
RBT_081228,3
RBT_081229,2
RBT_081230,5
RBT_081231,6
RBT_081232,6
RBT_081233,3
RBT_081234,3
RBT_081235,7
RBT_081236,4
RBT_081237,4
RBT_081238,6
RBT_081239,6
RBT_081240,5
RBT_081241,6
RBT_081242,5
RBT_081243,6
RBT_081244,5
RBT_081245,7
RBT_081246,4
RBT_081247,6
RBT_081248,6
RBT_081249,6
RBT_081250,5
RBT_081251,5
RBT_081252,1
RBT_081253,6
RBT_081254,7
RBT_081255,4
RBT_081256,3
RBT_081257,5
RBT_081258,2
RBT_081259,1
RBT_081260,5
RBT_081261,6
RBT_081262,6
RBT_081263,3
RBT_081264,7
RBT_081265,5
RBT_081266,7
RBT_081267,3
RBT_081268,5
RBT_081269,5
RBT_081270,5
RBT_081271,7
RBT_081272,6
RBT_081273,6
RBT_081274,5
RBT_081275,4
RBT_081276,5
RBT_081277,6
RBT_081278,5
RBT_081279,7
RBT_081280,4
RBT_081281,4
RBT_081282,7
RBT_081283,6
RBT_081284,6
RBT_081285,6
RBT_081286,7
RBT_081287,7
RBT_081288,7
RBT_081289,4
RBT_081290,5
RBT_081291,6
RBT_081292,5
RBT_081293,5
RBT_081294,7
RBT_081295,4
RBT_081296,5
RBT_081297,5
RBT_081298,4
RBT_081299,4
RBT_081300,6
RBT_081301,6
RBT_081302,5
RBT_081303,4
RBT_081304,6
RBT_081305,6
RBT_081306,3
RBT_081307,5
RBT_081308,5
RBT_081309,5
RBT_081310,1
RBT_081311,7
RBT_081312,2
RBT_081313,4
RBT_081314,4
RBT_081315,6
RBT_081316,5
RBT_081317,3
RBT_081318,3
RBT_081319,4
RBT_081320,6
RBT_081321,7
RBT_081322,4
RBT_081323,5
RBT_081324,5
RBT_081325,5
RBT_081326,4
RBT_081327,5
RBT_081328,5
RBT_081329,6
RBT_081330,6
RBT_081331,7
RBT_081332,5
RBT_081333,1
RBT_081334,4
RBT_081335,6
RBT_081336,7
RBT_081337,1
RBT_081338,6
RBT_081339,5
RBT_081340,5
RBT_081341,3
RBT_081342,6
RBT_081343,4
RBT_081344,5
RBT_081345,5
RBT_081346,4
RBT_081347,6
RBT_081348,4
RBT_081349,6
RBT_081350,5
RBT_081351,1
RBT_081352,6
RBT_081353,7
RBT_081354,2
RBT_081355,5
RBT_081356,2
RBT_081357,7
RBT_081358,7
RBT_081359,5
RBT_081360,4
RBT_081361,6
RBT_081362,5
RBT_081363,5
RBT_081364,3
RBT_081365,4
RBT_081366,5
RBT_081367,4
RBT_081368,3
RBT_081369,5
RBT_081370,5
RBT_081371,2
RBT_081372,4
RBT_081373,3
RBT_081374,6
RBT_081375,2
RBT_081376,6
RBT_081377,5
RBT_081378,5
RBT_081379,7
RBT_081380,4
RBT_081381,6
RBT_081382,5
RBT_081383,7
RBT_081384,1
RBT_081385,5
RBT_081386,7
RBT_081387,5
RBT_081388,7
RBT_081389,6
RBT_081390,5
RBT_081391,1
RBT_081392,4
RBT_081393,2
RBT_081394,5
RBT_081395,7
RBT_081396,5
RBT_081397,5
RBT_081398,3
RBT_081399,5
RBT_081400,5
RBT_081401,6
RBT_081402,5
RBT_081403,7
RBT_081404,6
RBT_081405,3
RBT_081406,3
RBT_081407,1
RBT_081408,5
RBT_081409,1
RBT_081410,5
RBT_081411,4
RBT_081412,5
RBT_081413,3
RBT_081414,5
RBT_081415,7
RBT_081416,5
RBT_081417,4
RBT_081418,6
RBT_081419,1
RBT_081420,4
RBT_081421,7
RBT_081422,6
RBT_081423,2
RBT_081424,5
RBT_081425,5
RBT_081426,7
RBT_081427,5
RBT_081428,2
RBT_081429,5
RBT_081430,4
RBT_081431,4
RBT_081432,2
RBT_081433,5
RBT_081434,5
RBT_081435,7
RBT_081436,6
RBT_081437,5
RBT_081438,6
RBT_081439,4
RBT_081440,3
RBT_081441,3
RBT_081442,3
RBT_081443,3
RBT_081444,7
RBT_081445,3
RBT_081446,2
RBT_081447,5
RBT_081448,3
RBT_081449,3
RBT_081450,3
RBT_081451,7
RBT_081452,1
RBT_081453,3
RBT_081454,6
RBT_081455,4
RBT_081456,5
RBT_081457,2
RBT_081458,6
RBT_081459,6
RBT_081460,2
RBT_081461,7
RBT_081462,5
RBT_081463,6
RBT_081464,6
RBT_081465,5
RBT_081466,6
RBT_081467,4
RBT_081468,1
RBT_081469,5
RBT_081470,3
RBT_081471,7
RBT_081472,7
RBT_081473,3
RBT_081474,5
RBT_081475,5
RBT_081476,5
RBT_081477,6
RBT_081478,5
RBT_081479,5
RBT_081480,5
RBT_081481,1
RBT_081482,1
RBT_081483,3
RBT_081484,6
RBT_081485,4
RBT_081486,7
RBT_081487,2
RBT_081488,5
RBT_081489,1
RBT_081490,6
RBT_081491,3
RBT_081492,5
RBT_081493,7
RBT_081494,1
RBT_081495,4
RBT_081496,5
RBT_081497,4
RBT_081498,5
RBT_081499,5
RBT_081500,4
RBT_081501,7
RBT_081502,5
RBT_081503,5
RBT_081504,6
RBT_081505,5
RBT_081506,6
RBT_081507,6
RBT_081508,5
RBT_081509,6
RBT_081510,4
RBT_081511,3
RBT_081512,6
RBT_081513,7
RBT_081514,1
RBT_081515,6
RBT_081516,1
RBT_081517,5
RBT_081518,4
RBT_081519,5
RBT_081520,4
RBT_081521,3
RBT_081522,7
RBT_081523,5
RBT_081524,2
RBT_081525,1
RBT_081526,4
RBT_081527,5
RBT_081528,6
RBT_081529,7
RBT_081530,6
RBT_081531,5
RBT_081532,5
RBT_081533,5
RBT_081534,5
RBT_081535,6
RBT_081536,3
RBT_081537,4
RBT_081538,7
RBT_081539,5
RBT_081540,5
RBT_081541,6
RBT_081542,6
RBT_081543,5
RBT_081544,5
RBT_081545,3
RBT_081546,1
RBT_081547,7
RBT_081548,7
RBT_081549,7
RBT_081550,6
RBT_081551,5
RBT_081552,6
RBT_081553,6
RBT_081554,4
RBT_081555,5
RBT_081556,5
RBT_081557,4
RBT_081558,2
RBT_081559,5
RBT_081560,5
RBT_081561,2
RBT_081562,6
RBT_081563,6
RBT_081564,4
RBT_081565,6
RBT_081566,6
RBT_081567,7
RBT_081568,1
RBT_081569,7
RBT_081570,7
RBT_081571,5
RBT_081572,7
RBT_081573,5
RBT_081574,3
RBT_081575,6
RBT_081576,5
RBT_081577,4
RBT_081578,4
RBT_081579,1
RBT_081580,6
RBT_081581,6
RBT_081582,5
RBT_081583,5
RBT_081584,5
RBT_081585,6
RBT_081586,4
RBT_081587,5
RBT_081588,7
RBT_081589,5
RBT_081590,6
RBT_081591,7
RBT_081592,7
RBT_081593,3
RBT_081594,5
RBT_081595,7
RBT_081596,7
RBT_081597,3
RBT_081598,5
RBT_081599,4
RBT_081600,6
RBT_081601,6
RBT_081602,5
RBT_081603,5
RBT_081604,6
RBT_081605,6
RBT_081606,3
RBT_081607,6
RBT_081608,3
RBT_081609,5
RBT_081610,4
RBT_081611,1
RBT_081612,3
RBT_081613,5
RBT_081614,7
RBT_081615,5
RBT_081616,7
RBT_081617,4
RBT_081618,7
RBT_081619,7
RBT_081620,3
RBT_081621,6
RBT_081622,4
RBT_081623,6
RBT_081624,5
RBT_081625,2
RBT_081626,6
RBT_081627,4
RBT_081628,6
RBT_081629,5
RBT_081630,6
RBT_081631,6
RBT_081632,6
RBT_081633,7
RBT_081634,5
RBT_081635,5
RBT_081636,4
RBT_081637,6
RBT_081638,7
RBT_081639,3
RBT_081640,5
RBT_081641,7
RBT_081642,5
RBT_081643,6
RBT_081644,1
RBT_081645,7
RBT_081646,2
RBT_081647,5
RBT_081648,4
RBT_081649,7
RBT_081650,4
RBT_081651,4
RBT_081652,7
RBT_081653,5
RBT_081654,7
RBT_081655,5
RBT_081656,2
RBT_081657,5
RBT_081658,4
RBT_081659,2
RBT_081660,3
RBT_081661,7
RBT_081662,3
RBT_081663,1
RBT_081664,7
RBT_081665,5
RBT_081666,5
RBT_081667,7
RBT_081668,6
RBT_081669,6
RBT_081670,6
RBT_081671,5
RBT_081672,6
RBT_081673,5
RBT_081674,4
RBT_081675,5
RBT_081676,3
RBT_081677,4
RBT_081678,5
RBT_081679,5
RBT_081680,5
RBT_081681,6
RBT_081682,5
RBT_081683,3
RBT_081684,1
RBT_081685,3
RBT_081686,7
RBT_081687,5
RBT_081688,6
RBT_081689,4
RBT_081690,6
RBT_081691,6
RBT_081692,6
RBT_081693,5
RBT_081694,6
RBT_081695,7
RBT_081696,7
RBT_081697,2
RBT_081698,5
RBT_081699,2
RBT_081700,7
RBT_081701,6
RBT_081702,5
RBT_081703,7
RBT_081704,6
RBT_081705,6
RBT_081706,5
RBT_081707,5
RBT_081708,7
RBT_081709,3
RBT_081710,6
RBT_081711,4
RBT_081712,6
RBT_081713,3
RBT_081714,5
RBT_081715,7
RBT_081716,5
RBT_081717,5
RBT_081718,6
RBT_081719,6
RBT_081720,5
RBT_081721,5
RBT_081722,6
RBT_081723,6
RBT_081724,1
RBT_081725,6
RBT_081726,5
RBT_081727,4
RBT_081728,6
RBT_081729,5
RBT_081730,4
RBT_081731,2
RBT_081732,7
RBT_081733,6
RBT_081734,3
RBT_081735,5
RBT_081736,5
RBT_081737,1
RBT_081738,7
RBT_081739,6
RBT_081740,7
RBT_081741,4
RBT_081742,5
RBT_081743,2
RBT_081744,5
RBT_081745,6
RBT_081746,1
RBT_081747,5
RBT_081748,5
RBT_081749,6
RBT_081750,4
RBT_081751,3
RBT_081752,5
RBT_081753,5
RBT_081754,6
RBT_081755,4
RBT_081756,1
RBT_081757,6
RBT_081758,3
RBT_081759,5
RBT_081760,5
RBT_081761,3
RBT_081762,5
RBT_081763,7
RBT_081764,4
RBT_081765,5
RBT_081766,4
RBT_081767,7
RBT_081768,3
RBT_081769,2
RBT_081770,3
RBT_081771,4
RBT_081772,5
RBT_081773,5
RBT_081774,5
RBT_081775,7
RBT_081776,4
RBT_081777,6
RBT_081778,4
RBT_081779,6
RBT_081780,7
RBT_081781,7
RBT_081782,6
RBT_081783,7
RBT_081784,6
RBT_081785,7
RBT_081786,6
RBT_081787,2
RBT_081788,5
RBT_081789,4
RBT_081790,1
RBT_081791,5
RBT_081792,3
RBT_081793,1
RBT_081794,5
RBT_081795,4
RBT_081796,7
RBT_081797,6
RBT_081798,7
RBT_081799,7
RBT_081800,6
RBT_081801,6
RBT_081802,3
RBT_081803,4
RBT_081804,6
RBT_081805,5
RBT_081806,4
RBT_081807,2
RBT_081808,2
RBT_081809,2
RBT_081810,6
RBT_081811,5
RBT_081812,4
RBT_081813,2
RBT_081814,3
RBT_081815,5
RBT_081816,3
RBT_081817,6
RBT_081818,6
RBT_081819,3
RBT_081820,6
RBT_081821,5
RBT_081822,7
RBT_081823,6
RBT_081824,5
RBT_081825,5
RBT_081826,3
RBT_081827,7
RBT_081828,5
RBT_081829,5
RBT_081830,5
RBT_081831,5
RBT_081832,6
RBT_081833,6
RBT_081834,4
RBT_081835,5
RBT_081836,3
RBT_081837,4
RBT_081838,4
RBT_081839,7
RBT_081840,5
RBT_081841,4
RBT_081842,7
RBT_081843,6
RBT_081844,1
RBT_081845,2
RBT_081846,5
RBT_081847,4
RBT_081848,6
RBT_081849,5
RBT_081850,3
RBT_081851,5
RBT_081852,2
RBT_081853,3
RBT_081854,4
RBT_081855,6
RBT_081856,4
RBT_081857,7
RBT_081858,6
RBT_081859,6
RBT_081860,6
RBT_081861,2
RBT_081862,6
RBT_081863,4
RBT_081864,7
RBT_081865,6
RBT_081866,7
RBT_081867,7
RBT_081868,4
RBT_081869,7
RBT_081870,5
RBT_081871,5
RBT_081872,6
RBT_081873,5
RBT_081874,2
RBT_081875,7
RBT_081876,2
RBT_081877,4
RBT_081878,5
RBT_081879,6
RBT_081880,6
RBT_081881,4
RBT_081882,5
RBT_081883,6
RBT_081884,5
RBT_081885,5
RBT_081886,1
RBT_081887,7
RBT_081888,5
RBT_081889,6
RBT_081890,5
RBT_081891,5
RBT_081892,5
RBT_081893,2
RBT_081894,6
RBT_081895,6
RBT_081896,2
RBT_081897,5
RBT_081898,4
RBT_081899,5
RBT_081900,5
RBT_081901,5
RBT_081902,5
RBT_081903,3
RBT_081904,6
RBT_081905,7
RBT_081906,7
RBT_081907,6
RBT_081908,2
RBT_081909,4
RBT_081910,6
RBT_081911,4
RBT_081912,6
RBT_081913,7
RBT_081914,2
RBT_081915,7
RBT_081916,1
RBT_081917,4
RBT_081918,5
RBT_081919,5
RBT_081920,7
RBT_081921,5
RBT_081922,6
RBT_081923,6
RBT_081924,6
RBT_081925,6
RBT_081926,5
RBT_081927,6
RBT_081928,5
RBT_081929,6
RBT_081930,3
RBT_081931,4
RBT_081932,6
RBT_081933,4
RBT_081934,5
RBT_081935,5
RBT_081936,4
RBT_081937,5
RBT_081938,5
RBT_081939,2
RBT_081940,5
RBT_081941,4
RBT_081942,5
RBT_081943,6
RBT_081944,1
RBT_081945,3
RBT_081946,5
RBT_081947,6
RBT_081948,5
RBT_081949,4
RBT_081950,5
RBT_081951,5
RBT_081952,7
RBT_081953,6
RBT_081954,6
RBT_081955,4
RBT_081956,5
RBT_081957,6
RBT_081958,5
RBT_081959,5
RBT_081960,3
RBT_081961,2
RBT_081962,3
RBT_081963,6
RBT_081964,3
RBT_081965,7
RBT_081966,4
RBT_081967,3
RBT_081968,5
RBT_081969,5
RBT_081970,5
RBT_081971,4
RBT_081972,4
RBT_081973,5
RBT_081974,5
RBT_081975,5
RBT_081976,5
RBT_081977,4
RBT_081978,6
RBT_081979,6
RBT_081980,6
RBT_081981,5
RBT_081982,7
RBT_081983,5
RBT_081984,6
RBT_081985,7
RBT_081986,6
RBT_081987,5
RBT_081988,2
RBT_081989,5
RBT_081990,7
RBT_081991,3
RBT_081992,3
RBT_081993,4
RBT_081994,4
RBT_081995,5
RBT_081996,5
RBT_081997,5
RBT_081998,2
RBT_081999,3
RBT_082000,5
RBT_082001,4
RBT_082002,6
RBT_082003,4
RBT_082004,5
RBT_082005,1
RBT_082006,6
RBT_082007,5
RBT_082008,5
RBT_082009,5
RBT_082010,7
RBT_082011,3
RBT_082012,2
RBT_082013,2
RBT_082014,6
RBT_082015,2
RBT_082016,5
RBT_082017,6
RBT_082018,6
RBT_082019,5
RBT_082020,6
RBT_082021,7
RBT_082022,1
RBT_082023,5
RBT_082024,5
RBT_082025,3
RBT_082026,5
RBT_082027,6
RBT_082028,5
RBT_082029,1
RBT_082030,7
RBT_082031,5
RBT_082032,5
RBT_082033,6
RBT_082034,3
RBT_082035,4
RBT_082036,2
RBT_082037,5
RBT_082038,7
RBT_082039,5
RBT_082040,4
RBT_082041,6
RBT_082042,6
RBT_082043,4
RBT_082044,6
RBT_082045,4
RBT_082046,5
RBT_082047,5
RBT_082048,2
RBT_082049,6
RBT_082050,6
RBT_082051,5
RBT_082052,4
RBT_082053,3
RBT_082054,6
RBT_082055,2
RBT_082056,4
RBT_082057,2
RBT_082058,5
RBT_082059,3
RBT_082060,1
RBT_082061,5
RBT_082062,5
RBT_082063,5
RBT_082064,3
RBT_082065,2
RBT_082066,2
RBT_082067,6
RBT_082068,1
RBT_082069,7
RBT_082070,6
RBT_082071,7
RBT_082072,6
RBT_082073,5
RBT_082074,6
RBT_082075,6
RBT_082076,4
RBT_082077,6
RBT_082078,5
RBT_082079,1
RBT_082080,6
RBT_082081,6
RBT_082082,5
RBT_082083,5
RBT_082084,5
RBT_082085,6
RBT_082086,3
RBT_082087,6
RBT_082088,5
RBT_082089,4
RBT_082090,6
RBT_082091,3
RBT_082092,6
RBT_082093,7
RBT_082094,4
RBT_082095,7
RBT_082096,5
RBT_082097,4
RBT_082098,5
RBT_082099,6
RBT_082100,5
RBT_082101,6
RBT_082102,5
RBT_082103,6
RBT_082104,5
RBT_082105,5
RBT_082106,6
RBT_082107,5
RBT_082108,3
RBT_082109,6
RBT_082110,4
RBT_082111,6
RBT_082112,5
RBT_082113,4
RBT_082114,5
RBT_082115,4
RBT_082116,5
RBT_082117,5
RBT_082118,7
RBT_082119,6
RBT_082120,7
RBT_082121,5
RBT_082122,4
RBT_082123,5
RBT_082124,6
RBT_082125,4
RBT_082126,4
RBT_082127,7
RBT_082128,7
RBT_082129,1
RBT_082130,5
RBT_082131,4
RBT_082132,4
RBT_082133,2
RBT_082134,4
RBT_082135,5
RBT_082136,3
RBT_082137,7
RBT_082138,6
RBT_082139,5
RBT_082140,3
RBT_082141,7
RBT_082142,5
RBT_082143,5
RBT_082144,3
RBT_082145,3
RBT_082146,6
RBT_082147,5
RBT_082148,7
RBT_082149,7
RBT_082150,3
RBT_082151,7
RBT_082152,7
RBT_082153,6
RBT_082154,5
RBT_082155,3
RBT_082156,2
RBT_082157,1
RBT_082158,6
RBT_082159,7
RBT_082160,6
RBT_082161,6
RBT_082162,5
RBT_082163,5
RBT_082164,5
RBT_082165,4
RBT_082166,5
RBT_082167,3
RBT_082168,4
RBT_082169,5
RBT_082170,6
RBT_082171,6
RBT_082172,5
RBT_082173,1
RBT_082174,7
RBT_082175,6
RBT_082176,7
RBT_082177,6
RBT_082178,3
RBT_082179,7
RBT_082180,6
RBT_082181,2
RBT_082182,3
RBT_082183,7
RBT_082184,4
RBT_082185,6
RBT_082186,2
RBT_082187,6
RBT_082188,6
RBT_082189,7
RBT_082190,6
RBT_082191,1
RBT_082192,5
RBT_082193,4
RBT_082194,5
RBT_082195,5
RBT_082196,4
RBT_082197,5
RBT_082198,4
RBT_082199,6
RBT_082200,4
RBT_082201,6
RBT_082202,6
RBT_082203,6
RBT_082204,5
RBT_082205,4
RBT_082206,5
RBT_082207,6
RBT_082208,3
RBT_082209,2
RBT_082210,5
RBT_082211,5
RBT_082212,5
RBT_082213,5
RBT_082214,2
RBT_082215,3
RBT_082216,6
RBT_082217,5
RBT_082218,2
RBT_082219,7
RBT_082220,3
RBT_082221,4
RBT_082222,7
RBT_082223,3
RBT_082224,7
RBT_082225,7
RBT_082226,5
RBT_082227,5
RBT_082228,5
RBT_082229,5
RBT_082230,2
RBT_082231,6
RBT_082232,7
RBT_082233,4
RBT_082234,3
RBT_082235,2
RBT_082236,4
RBT_082237,3
RBT_082238,3
RBT_082239,5
RBT_082240,6
RBT_082241,6
RBT_082242,5
RBT_082243,3
RBT_082244,3
RBT_082245,6
RBT_082246,5
RBT_082247,6
RBT_082248,4
RBT_082249,7
RBT_082250,2
RBT_082251,1
RBT_082252,6
RBT_082253,5
RBT_082254,5
RBT_082255,1
RBT_082256,2
RBT_082257,3
RBT_082258,5
RBT_082259,5
RBT_082260,5
RBT_082261,6
RBT_082262,1
RBT_082263,5
RBT_082264,4
RBT_082265,5
RBT_082266,6
RBT_082267,6
RBT_082268,4
RBT_082269,4
RBT_082270,7
RBT_082271,6
RBT_082272,4
RBT_082273,5
RBT_082274,2
RBT_082275,5
RBT_082276,5
RBT_082277,4
RBT_082278,5
RBT_082279,6
RBT_082280,4
RBT_082281,7
RBT_082282,4
RBT_082283,6
RBT_082284,1
RBT_082285,4
RBT_082286,2
RBT_082287,7
RBT_082288,5
RBT_082289,5
RBT_082290,4
RBT_082291,2
RBT_082292,5
RBT_082293,5
RBT_082294,7
RBT_082295,5
RBT_082296,3
RBT_082297,1
RBT_082298,4
RBT_082299,4
RBT_082300,3
RBT_082301,5
RBT_082302,6
RBT_082303,1
RBT_082304,7
RBT_082305,5
RBT_082306,7
RBT_082307,5
RBT_082308,3
RBT_082309,7
RBT_082310,3
RBT_082311,4
RBT_082312,7
RBT_082313,3
RBT_082314,5
RBT_082315,6
RBT_082316,6
RBT_082317,5
RBT_082318,5
RBT_082319,6
RBT_082320,7
RBT_082321,6
RBT_082322,5
RBT_082323,6
RBT_082324,5
RBT_082325,7
RBT_082326,1
RBT_082327,4
RBT_082328,5
RBT_082329,1
RBT_082330,6
RBT_082331,6
RBT_082332,3
RBT_082333,5
RBT_082334,5
RBT_082335,4
RBT_082336,6
RBT_082337,5
RBT_082338,6
RBT_082339,5
RBT_082340,5
RBT_082341,3
RBT_082342,7
RBT_082343,4
RBT_082344,3
RBT_082345,1
RBT_082346,5
RBT_082347,1
RBT_082348,5
RBT_082349,7
RBT_082350,5
RBT_082351,1
RBT_082352,5
RBT_082353,1
RBT_082354,7
RBT_082355,5
RBT_082356,2
RBT_082357,7
RBT_082358,5
RBT_082359,5
RBT_082360,7
RBT_082361,5
RBT_082362,4
RBT_082363,6
RBT_082364,4
RBT_082365,5
RBT_082366,6
RBT_082367,7
RBT_082368,5
RBT_082369,5
RBT_082370,2
RBT_082371,5
RBT_082372,4
RBT_082373,5
RBT_082374,6
RBT_082375,5
RBT_082376,2
RBT_082377,5
RBT_082378,3
RBT_082379,4
RBT_082380,3
RBT_082381,7
RBT_082382,6
RBT_082383,7
RBT_082384,4
RBT_082385,1
RBT_082386,1
RBT_082387,3
RBT_082388,6
RBT_082389,3
RBT_082390,2
RBT_082391,6
RBT_082392,3
RBT_082393,5
RBT_082394,4
RBT_082395,7
RBT_082396,6
RBT_082397,5
RBT_082398,6
RBT_082399,6
RBT_082400,6
RBT_082401,7
RBT_082402,3
RBT_082403,3
RBT_082404,5
RBT_082405,5
RBT_082406,6
RBT_082407,3
RBT_082408,5
RBT_082409,5
RBT_082410,5
RBT_082411,3
RBT_082412,3
RBT_082413,4
RBT_082414,5
RBT_082415,4
RBT_082416,3
RBT_082417,6
RBT_082418,6
RBT_082419,3
RBT_082420,6
RBT_082421,3
RBT_082422,6
RBT_082423,7
RBT_082424,3
RBT_082425,6
RBT_082426,2
RBT_082427,6
RBT_082428,5
RBT_082429,5
RBT_082430,6
RBT_082431,5
RBT_082432,5
RBT_082433,2
RBT_082434,5
RBT_082435,6
RBT_082436,6
RBT_082437,5
RBT_082438,6
RBT_082439,3
RBT_082440,5
RBT_082441,1
RBT_082442,2
RBT_082443,5
RBT_082444,4
RBT_082445,5
RBT_082446,6
RBT_082447,4
RBT_082448,5
RBT_082449,5
RBT_082450,6
RBT_082451,5
RBT_082452,7
RBT_082453,3
RBT_082454,5
RBT_082455,4
RBT_082456,5
RBT_082457,5
RBT_082458,5
RBT_082459,5
RBT_082460,5
RBT_082461,7
RBT_082462,5
RBT_082463,5
RBT_082464,3
RBT_082465,4
RBT_082466,4
RBT_082467,5
RBT_082468,6
RBT_082469,4
RBT_082470,7
RBT_082471,4
RBT_082472,6
RBT_082473,4
RBT_082474,5
RBT_082475,5
RBT_082476,5
RBT_082477,5
RBT_082478,6
RBT_082479,6
RBT_082480,7
RBT_082481,5
RBT_082482,1
RBT_082483,7
RBT_082484,4
RBT_082485,1
RBT_082486,5
RBT_082487,5
RBT_082488,5
RBT_082489,3
RBT_082490,4
RBT_082491,5
RBT_082492,1
RBT_082493,1
RBT_082494,4
RBT_082495,4
RBT_082496,1
RBT_082497,6
RBT_082498,7
RBT_082499,4
RBT_082500,4
RBT_082501,5
RBT_082502,3
RBT_082503,5
RBT_082504,6
RBT_082505,3
RBT_082506,6
RBT_082507,7
RBT_082508,7
RBT_082509,5
RBT_082510,4
RBT_082511,5
RBT_082512,6
RBT_082513,6
RBT_082514,7
RBT_082515,4
RBT_082516,5
RBT_082517,5
RBT_082518,4
RBT_082519,1
RBT_082520,6
RBT_082521,1
RBT_082522,2
RBT_082523,4
RBT_082524,7
RBT_082525,5
RBT_082526,3
RBT_082527,7
RBT_082528,4
RBT_082529,4
RBT_082530,6
RBT_082531,5
RBT_082532,6
RBT_082533,3
RBT_082534,3
RBT_082535,5
RBT_082536,4
RBT_082537,5
RBT_082538,6
RBT_082539,6
RBT_082540,6
RBT_082541,4
RBT_082542,6
RBT_082543,5
RBT_082544,7
RBT_082545,7
RBT_082546,4
RBT_082547,2
RBT_082548,5
RBT_082549,5
RBT_082550,3
RBT_082551,6
RBT_082552,5
RBT_082553,2
RBT_082554,4
RBT_082555,5
RBT_082556,5
RBT_082557,5
RBT_082558,4
RBT_082559,1
RBT_082560,7
RBT_082561,5
RBT_082562,7
RBT_082563,6
RBT_082564,4
RBT_082565,6
RBT_082566,5
RBT_082567,7
RBT_082568,5
RBT_082569,5
RBT_082570,5
RBT_082571,3
RBT_082572,4
RBT_082573,6
RBT_082574,2
RBT_082575,3
RBT_082576,6
RBT_082577,7
RBT_082578,7
RBT_082579,6
RBT_082580,5
RBT_082581,5
RBT_082582,5
RBT_082583,5
RBT_082584,3
RBT_082585,7
RBT_082586,5
RBT_082587,5
RBT_082588,3
RBT_082589,5
RBT_082590,7
RBT_082591,6
RBT_082592,7
RBT_082593,4
RBT_082594,2
RBT_082595,4
RBT_082596,5
RBT_082597,4
RBT_082598,5
RBT_082599,3
RBT_082600,7
RBT_082601,7
RBT_082602,4
RBT_082603,6
RBT_082604,5
RBT_082605,4
RBT_082606,7
RBT_082607,5
RBT_082608,6
RBT_082609,4
RBT_082610,6
RBT_082611,5
RBT_082612,6
RBT_082613,4
RBT_082614,1
RBT_082615,3
RBT_082616,6
RBT_082617,4
RBT_082618,4
RBT_082619,5
RBT_082620,4
RBT_082621,6
RBT_082622,4
RBT_082623,4
RBT_082624,4
RBT_082625,4
RBT_082626,4
RBT_082627,5
RBT_082628,3
RBT_082629,5
RBT_082630,1
RBT_082631,6
RBT_082632,1
RBT_082633,6
RBT_082634,1
RBT_082635,6
RBT_082636,5
RBT_082637,5
RBT_082638,3
RBT_082639,4
RBT_082640,6
RBT_082641,5
RBT_082642,5
RBT_082643,3
RBT_082644,5
RBT_082645,5
RBT_082646,2
RBT_082647,7
RBT_082648,6
RBT_082649,4
RBT_082650,5
RBT_082651,5
RBT_082652,2
RBT_082653,5
RBT_082654,3
RBT_082655,4
RBT_082656,7
RBT_082657,5
RBT_082658,2
RBT_082659,5
RBT_082660,7
RBT_082661,3
RBT_082662,6
RBT_082663,6
RBT_082664,6
RBT_082665,6
RBT_082666,7
RBT_082667,1
RBT_082668,2
RBT_082669,3
RBT_082670,1
RBT_082671,2
RBT_082672,6
RBT_082673,7
RBT_082674,4
RBT_082675,7
RBT_082676,5
RBT_082677,3
RBT_082678,7
RBT_082679,5
RBT_082680,1
RBT_082681,7
RBT_082682,5
RBT_082683,5
RBT_082684,7
RBT_082685,6
RBT_082686,5
RBT_082687,1
RBT_082688,3
RBT_082689,4
RBT_082690,7
RBT_082691,7
RBT_082692,1
RBT_082693,7
RBT_082694,4
RBT_082695,6
RBT_082696,2
RBT_082697,2
RBT_082698,5
RBT_082699,6
RBT_082700,5
RBT_082701,6
RBT_082702,7
RBT_082703,2
RBT_082704,6
RBT_082705,3
RBT_082706,4
RBT_082707,6
RBT_082708,4
RBT_082709,6
RBT_082710,5
RBT_082711,5
RBT_082712,7
RBT_082713,5
RBT_082714,6
RBT_082715,5
RBT_082716,3
RBT_082717,5
RBT_082718,2
RBT_082719,6
RBT_082720,5
RBT_082721,2
RBT_082722,6
RBT_082723,6
RBT_082724,5
RBT_082725,4
RBT_082726,5
RBT_082727,5
RBT_082728,5
RBT_082729,6
RBT_082730,5
RBT_082731,6
RBT_082732,7
RBT_082733,7
RBT_082734,5
RBT_082735,5
RBT_082736,1
RBT_082737,3
RBT_082738,4
RBT_082739,7
RBT_082740,6
RBT_082741,3
RBT_082742,5
RBT_082743,3
RBT_082744,5
RBT_082745,5
RBT_082746,5
RBT_082747,6
RBT_082748,3
RBT_082749,5
RBT_082750,5
RBT_082751,7
RBT_082752,4
RBT_082753,4
RBT_082754,4
RBT_082755,3
RBT_082756,7
RBT_082757,5
RBT_082758,4
RBT_082759,7
RBT_082760,5
RBT_082761,5
RBT_082762,1
RBT_082763,6
RBT_082764,6
RBT_082765,6
RBT_082766,3
RBT_082767,6
RBT_082768,4
RBT_082769,7
RBT_082770,5
RBT_082771,2
RBT_082772,6
RBT_082773,2
RBT_082774,5
RBT_082775,5
RBT_082776,6
RBT_082777,7
RBT_082778,6
RBT_082779,2
RBT_082780,6
RBT_082781,5
RBT_082782,3
RBT_082783,4
RBT_082784,7
RBT_082785,1
RBT_082786,6
RBT_082787,7
RBT_082788,4
RBT_082789,6
RBT_082790,3
RBT_082791,1
RBT_082792,5
RBT_082793,5
RBT_082794,3
RBT_082795,5
RBT_082796,5
RBT_082797,2
RBT_082798,5
RBT_082799,5
RBT_082800,3
RBT_082801,6
RBT_082802,2
RBT_082803,5
RBT_082804,5
RBT_082805,5
RBT_082806,7
RBT_082807,4
RBT_082808,3
RBT_082809,7
RBT_082810,4
RBT_082811,4
RBT_082812,5
RBT_082813,3
RBT_082814,7
RBT_082815,5
RBT_082816,5
RBT_082817,3
RBT_082818,6
RBT_082819,6
RBT_082820,6
RBT_082821,3
RBT_082822,6
RBT_082823,2
RBT_082824,1
RBT_082825,5
RBT_082826,4
RBT_082827,2
RBT_082828,5
RBT_082829,7
RBT_082830,3
RBT_082831,5
RBT_082832,5
RBT_082833,6
RBT_082834,6
RBT_082835,7
RBT_082836,5
RBT_082837,5
RBT_082838,5
RBT_082839,4
RBT_082840,5
RBT_082841,6
RBT_082842,5
RBT_082843,7
RBT_082844,3
RBT_082845,5
RBT_082846,3
RBT_082847,4
RBT_082848,6
RBT_082849,5
RBT_082850,1
RBT_082851,7
RBT_082852,6
RBT_082853,7
RBT_082854,4
RBT_082855,5
RBT_082856,3
RBT_082857,6
RBT_082858,2
RBT_082859,6
RBT_082860,5
RBT_082861,3
RBT_082862,6
RBT_082863,2
RBT_082864,7
RBT_082865,2
RBT_082866,6
RBT_082867,5
RBT_082868,6
RBT_082869,5
RBT_082870,5
RBT_082871,5
RBT_082872,7
RBT_082873,5
RBT_082874,6
RBT_082875,6
RBT_082876,5
RBT_082877,7
RBT_082878,5
RBT_082879,6
RBT_082880,6
RBT_082881,1
RBT_082882,7
RBT_082883,4
RBT_082884,6
RBT_082885,7
RBT_082886,6
RBT_082887,3
RBT_082888,4
RBT_082889,5
RBT_082890,5
RBT_082891,5
RBT_082892,5
RBT_082893,6
RBT_082894,2
RBT_082895,5
RBT_082896,4
RBT_082897,1
RBT_082898,5
RBT_082899,1
RBT_082900,5
RBT_082901,2
RBT_082902,4
RBT_082903,4
RBT_082904,6
RBT_082905,6
RBT_082906,6
RBT_082907,5
RBT_082908,1
RBT_082909,2
RBT_082910,6
RBT_082911,6
RBT_082912,1
RBT_082913,7
RBT_082914,5
RBT_082915,6
RBT_082916,5
RBT_082917,3
RBT_082918,4
RBT_082919,5
RBT_082920,6
RBT_082921,6
RBT_082922,6
RBT_082923,5
RBT_082924,5
RBT_082925,5
RBT_082926,7
RBT_082927,3
RBT_082928,6
RBT_082929,3
RBT_082930,4
RBT_082931,6
RBT_082932,6
RBT_082933,3
RBT_082934,4
RBT_082935,3
RBT_082936,7
RBT_082937,5
RBT_082938,1
RBT_082939,3
RBT_082940,3
RBT_082941,4
RBT_082942,5
RBT_082943,3
RBT_082944,6
RBT_082945,3
RBT_082946,4
RBT_082947,5
RBT_082948,5
RBT_082949,7
RBT_082950,4
RBT_082951,3
RBT_082952,7
RBT_082953,1
RBT_082954,6
RBT_082955,3
RBT_082956,5
RBT_082957,5
RBT_082958,6
RBT_082959,6
RBT_082960,3
RBT_082961,4
RBT_082962,3
RBT_082963,3
RBT_082964,2
RBT_082965,2
RBT_082966,6
RBT_082967,7
RBT_082968,5
RBT_082969,6
RBT_082970,6
RBT_082971,7
RBT_082972,4
RBT_082973,5
RBT_082974,3
RBT_082975,5
RBT_082976,3
RBT_082977,2
RBT_082978,2
RBT_082979,7
RBT_082980,1
RBT_082981,7
RBT_082982,7
RBT_082983,5
RBT_082984,6
RBT_082985,5
RBT_082986,5
RBT_082987,7
RBT_082988,1
RBT_082989,4
RBT_082990,2
RBT_082991,5
RBT_082992,7
RBT_082993,7
RBT_082994,2
RBT_082995,1
RBT_082996,3
RBT_082997,7
RBT_082998,4
RBT_082999,4
RBT_083000,7
RBT_083001,2
RBT_083002,4
RBT_083003,3
RBT_083004,6
RBT_083005,4
RBT_083006,4
RBT_083007,5
RBT_083008,1
RBT_083009,5
RBT_083010,5
RBT_083011,3
RBT_083012,5
RBT_083013,7
RBT_083014,6
RBT_083015,7
RBT_083016,7
RBT_083017,6
RBT_083018,4
RBT_083019,6
RBT_083020,5
RBT_083021,5
RBT_083022,1
RBT_083023,3
RBT_083024,4
RBT_083025,7
RBT_083026,6
RBT_083027,2
RBT_083028,2
RBT_083029,5
RBT_083030,6
RBT_083031,6
RBT_083032,6
RBT_083033,5
RBT_083034,6
RBT_083035,7
RBT_083036,5
RBT_083037,3
RBT_083038,6
RBT_083039,2
RBT_083040,5
RBT_083041,3
RBT_083042,5
RBT_083043,5
RBT_083044,5
RBT_083045,6
RBT_083046,5
RBT_083047,3
RBT_083048,5
RBT_083049,7
RBT_083050,7
RBT_083051,1
RBT_083052,4
RBT_083053,5
RBT_083054,5
RBT_083055,7
RBT_083056,6
RBT_083057,6
RBT_083058,6
RBT_083059,2
RBT_083060,6
RBT_083061,3
RBT_083062,4
RBT_083063,6
RBT_083064,6
RBT_083065,3
RBT_083066,5
RBT_083067,5
RBT_083068,5
RBT_083069,6
RBT_083070,6
RBT_083071,7
RBT_083072,7
RBT_083073,4
RBT_083074,4
RBT_083075,5
RBT_083076,6
RBT_083077,2
RBT_083078,4
RBT_083079,3
RBT_083080,5
RBT_083081,3
RBT_083082,5
RBT_083083,5
RBT_083084,5
RBT_083085,5
RBT_083086,5
RBT_083087,5
RBT_083088,5
RBT_083089,1
RBT_083090,5
RBT_083091,3
RBT_083092,1
RBT_083093,1
RBT_083094,2
RBT_083095,5
RBT_083096,5
RBT_083097,6
RBT_083098,5
RBT_083099,5
RBT_083100,1
RBT_083101,4
RBT_083102,6
RBT_083103,5
RBT_083104,5
RBT_083105,5
RBT_083106,5
RBT_083107,5
RBT_083108,2
RBT_083109,6
RBT_083110,1
RBT_083111,1
RBT_083112,6
RBT_083113,5
RBT_083114,3
RBT_083115,5
RBT_083116,5
RBT_083117,4
RBT_083118,6
RBT_083119,5
RBT_083120,5
RBT_083121,7
RBT_083122,2
RBT_083123,3
RBT_083124,2
RBT_083125,2
RBT_083126,5
RBT_083127,6
RBT_083128,5
RBT_083129,6
RBT_083130,5
RBT_083131,5
RBT_083132,5
RBT_083133,6
RBT_083134,4
RBT_083135,7
RBT_083136,4
RBT_083137,3
RBT_083138,4
RBT_083139,5
RBT_083140,7
RBT_083141,3
RBT_083142,5
RBT_083143,3
RBT_083144,5
RBT_083145,5
RBT_083146,6
RBT_083147,6
RBT_083148,4
RBT_083149,7
RBT_083150,4
RBT_083151,7
RBT_083152,4
RBT_083153,7
RBT_083154,5
RBT_083155,7
RBT_083156,7
RBT_083157,7
RBT_083158,5
RBT_083159,4
RBT_083160,5
RBT_083161,6
RBT_083162,5
RBT_083163,6
RBT_083164,1
RBT_083165,5
RBT_083166,5
RBT_083167,1
RBT_083168,1
RBT_083169,5
RBT_083170,2
RBT_083171,6
RBT_083172,7
RBT_083173,3
RBT_083174,6
RBT_083175,5
RBT_083176,4
RBT_083177,6
RBT_083178,6
RBT_083179,7
RBT_083180,5
RBT_083181,6
RBT_083182,5
RBT_083183,5
RBT_083184,2
RBT_083185,3
RBT_083186,4
RBT_083187,5
RBT_083188,2
RBT_083189,5
RBT_083190,1
RBT_083191,7
RBT_083192,5
RBT_083193,5
RBT_083194,5
RBT_083195,7
RBT_083196,7
RBT_083197,6
RBT_083198,4
RBT_083199,2
RBT_083200,5
RBT_083201,6
RBT_083202,5
RBT_083203,6
RBT_083204,2
RBT_083205,3
RBT_083206,4
RBT_083207,4
RBT_083208,4
RBT_083209,4
RBT_083210,6
RBT_083211,6
RBT_083212,2
RBT_083213,4
RBT_083214,5
RBT_083215,7
RBT_083216,7
RBT_083217,4
RBT_083218,2
RBT_083219,5
RBT_083220,5
RBT_083221,3
RBT_083222,5
RBT_083223,3
RBT_083224,4
RBT_083225,6
RBT_083226,6
RBT_083227,5
RBT_083228,7
RBT_083229,2
RBT_083230,6
RBT_083231,3
RBT_083232,3
RBT_083233,5
RBT_083234,1
RBT_083235,5
RBT_083236,1
RBT_083237,5
RBT_083238,4
RBT_083239,2
RBT_083240,6
RBT_083241,5
RBT_083242,5
RBT_083243,4
RBT_083244,2
RBT_083245,5
RBT_083246,6
RBT_083247,7
RBT_083248,6
RBT_083249,2
RBT_083250,3
RBT_083251,1
RBT_083252,2
RBT_083253,5
RBT_083254,3
RBT_083255,5
RBT_083256,1
RBT_083257,5
RBT_083258,4
RBT_083259,6
RBT_083260,7
RBT_083261,6
RBT_083262,3
RBT_083263,3
RBT_083264,4
RBT_083265,5
RBT_083266,6
RBT_083267,6
RBT_083268,2
RBT_083269,5
RBT_083270,1
RBT_083271,6
RBT_083272,1
RBT_083273,5
RBT_083274,5
RBT_083275,4
RBT_083276,2
RBT_083277,7
RBT_083278,5
RBT_083279,5
RBT_083280,4
RBT_083281,6
RBT_083282,1
RBT_083283,2
RBT_083284,5
RBT_083285,7
RBT_083286,1
RBT_083287,2
RBT_083288,5
RBT_083289,5
RBT_083290,7
RBT_083291,5
RBT_083292,6
RBT_083293,5
RBT_083294,5
RBT_083295,7
RBT_083296,5
RBT_083297,2
RBT_083298,4
RBT_083299,6
RBT_083300,5
RBT_083301,4
RBT_083302,4
RBT_083303,1
RBT_083304,5
RBT_083305,6
RBT_083306,4
RBT_083307,6
RBT_083308,6
RBT_083309,4
RBT_083310,6
RBT_083311,6
RBT_083312,4
RBT_083313,5
RBT_083314,2
RBT_083315,5
RBT_083316,5
RBT_083317,7
RBT_083318,3
RBT_083319,6
RBT_083320,5
RBT_083321,7
RBT_083322,5
RBT_083323,5
RBT_083324,4
RBT_083325,3
RBT_083326,6
RBT_083327,5
RBT_083328,7
RBT_083329,5
RBT_083330,3
RBT_083331,6
RBT_083332,6
RBT_083333,7
RBT_083334,6
RBT_083335,4
RBT_083336,5
RBT_083337,5
RBT_083338,5
RBT_083339,3
RBT_083340,2
RBT_083341,5
RBT_083342,6
RBT_083343,3
RBT_083344,3
RBT_083345,6
RBT_083346,6
RBT_083347,5
RBT_083348,1
RBT_083349,5
RBT_083350,6
RBT_083351,1
RBT_083352,2
RBT_083353,5
RBT_083354,6
RBT_083355,4
RBT_083356,6
RBT_083357,4
RBT_083358,5
RBT_083359,4
RBT_083360,3
RBT_083361,5
RBT_083362,7
RBT_083363,2
RBT_083364,5
RBT_083365,4
RBT_083366,3
RBT_083367,2
RBT_083368,4
RBT_083369,5
RBT_083370,5
RBT_083371,3
RBT_083372,5
RBT_083373,1
RBT_083374,5
RBT_083375,1
RBT_083376,5
RBT_083377,5
RBT_083378,2
RBT_083379,2
RBT_083380,1
RBT_083381,6
RBT_083382,6
RBT_083383,6
RBT_083384,4
RBT_083385,7
RBT_083386,6
RBT_083387,6
RBT_083388,5
RBT_083389,6
RBT_083390,5
RBT_083391,5
RBT_083392,5
RBT_083393,7
RBT_083394,5
RBT_083395,3
RBT_083396,4
RBT_083397,5
RBT_083398,5
RBT_083399,4
RBT_083400,6
RBT_083401,5
RBT_083402,6
RBT_083403,3
RBT_083404,5
RBT_083405,5
RBT_083406,6
RBT_083407,7
RBT_083408,5
RBT_083409,1
RBT_083410,5
RBT_083411,7
RBT_083412,4
RBT_083413,6
RBT_083414,4
RBT_083415,6
RBT_083416,7
RBT_083417,5
RBT_083418,5
RBT_083419,5
RBT_083420,6
RBT_083421,4
RBT_083422,6
RBT_083423,5
RBT_083424,4
RBT_083425,1
RBT_083426,1
RBT_083427,4
RBT_083428,3
RBT_083429,1
RBT_083430,6
RBT_083431,7
RBT_083432,5
RBT_083433,5
RBT_083434,3
RBT_083435,3
RBT_083436,4
RBT_083437,6
RBT_083438,7
RBT_083439,7
RBT_083440,1
RBT_083441,5
RBT_083442,5
RBT_083443,7
RBT_083444,6
RBT_083445,6
RBT_083446,5
RBT_083447,5
RBT_083448,6
RBT_083449,5
RBT_083450,6
RBT_083451,1
RBT_083452,7
RBT_083453,6
RBT_083454,5
RBT_083455,6
RBT_083456,6
RBT_083457,5
RBT_083458,7
RBT_083459,3
RBT_083460,5
RBT_083461,4
RBT_083462,2
RBT_083463,7
RBT_083464,4
RBT_083465,6
RBT_083466,4
RBT_083467,5
RBT_083468,4
RBT_083469,6
RBT_083470,6
RBT_083471,5
RBT_083472,6
RBT_083473,4
RBT_083474,6
RBT_083475,5
RBT_083476,5
RBT_083477,7
RBT_083478,5
RBT_083479,6
RBT_083480,6
RBT_083481,5
RBT_083482,4
RBT_083483,6
RBT_083484,1
RBT_083485,7
RBT_083486,5
RBT_083487,7
RBT_083488,5
RBT_083489,5
RBT_083490,3
RBT_083491,7
RBT_083492,1
RBT_083493,5
RBT_083494,4
RBT_083495,6
RBT_083496,5
RBT_083497,3
RBT_083498,5
RBT_083499,4
RBT_083500,1
RBT_083501,5
RBT_083502,5
RBT_083503,3
RBT_083504,3
RBT_083505,6
RBT_083506,6
RBT_083507,6
RBT_083508,1
RBT_083509,6
RBT_083510,3
RBT_083511,5
RBT_083512,6
RBT_083513,5
RBT_083514,4
RBT_083515,7
RBT_083516,1
RBT_083517,2
RBT_083518,7
RBT_083519,7
RBT_083520,4
RBT_083521,5
RBT_083522,2
RBT_083523,7
RBT_083524,5
RBT_083525,5
RBT_083526,2
RBT_083527,5
RBT_083528,6
RBT_083529,5
RBT_083530,7
RBT_083531,3
RBT_083532,6
RBT_083533,7
RBT_083534,6
RBT_083535,6
RBT_083536,4
RBT_083537,5
RBT_083538,6
RBT_083539,5
RBT_083540,2
RBT_083541,4
RBT_083542,6
RBT_083543,6
RBT_083544,4
RBT_083545,4
RBT_083546,5
RBT_083547,4
RBT_083548,5
RBT_083549,4
RBT_083550,2
RBT_083551,3
RBT_083552,5
RBT_083553,3
RBT_083554,7
RBT_083555,5
RBT_083556,3
RBT_083557,5
RBT_083558,5
RBT_083559,6
RBT_083560,6
RBT_083561,5
RBT_083562,5
RBT_083563,5
RBT_083564,5
RBT_083565,1
RBT_083566,5
RBT_083567,7
RBT_083568,6
RBT_083569,6
RBT_083570,3
RBT_083571,5
RBT_083572,6
RBT_083573,2
RBT_083574,6
RBT_083575,2
RBT_083576,7
RBT_083577,2
RBT_083578,4
RBT_083579,1
RBT_083580,1
RBT_083581,6
RBT_083582,2
RBT_083583,6
RBT_083584,7
RBT_083585,7
RBT_083586,6
RBT_083587,7
RBT_083588,1
RBT_083589,7
RBT_083590,1
RBT_083591,2
RBT_083592,3
RBT_083593,6
RBT_083594,2
RBT_083595,4
RBT_083596,5
RBT_083597,5
RBT_083598,3
RBT_083599,5
RBT_083600,4
RBT_083601,5
RBT_083602,5
RBT_083603,7
RBT_083604,6
RBT_083605,1
RBT_083606,3
RBT_083607,7
RBT_083608,5
RBT_083609,6
RBT_083610,5
RBT_083611,6
RBT_083612,3
RBT_083613,6
RBT_083614,6
RBT_083615,3
RBT_083616,4
RBT_083617,5
RBT_083618,6
RBT_083619,7
RBT_083620,5
RBT_083621,5
RBT_083622,6
RBT_083623,4
RBT_083624,6
RBT_083625,4
RBT_083626,5
RBT_083627,7
RBT_083628,4
RBT_083629,2
RBT_083630,7
RBT_083631,5
RBT_083632,2
RBT_083633,1
RBT_083634,4
RBT_083635,3
RBT_083636,5
RBT_083637,6
RBT_083638,6
RBT_083639,5
RBT_083640,4
RBT_083641,1
RBT_083642,1
RBT_083643,7
RBT_083644,3
RBT_083645,5
RBT_083646,6
RBT_083647,7
RBT_083648,3
RBT_083649,4
RBT_083650,3
RBT_083651,3
RBT_083652,5
RBT_083653,5
RBT_083654,6
RBT_083655,5
RBT_083656,5
RBT_083657,1
RBT_083658,7
RBT_083659,6
RBT_083660,5
RBT_083661,4
RBT_083662,7
RBT_083663,6
RBT_083664,1
RBT_083665,5
RBT_083666,2
RBT_083667,3
RBT_083668,1
RBT_083669,6
RBT_083670,5
RBT_083671,4
RBT_083672,1
RBT_083673,1
RBT_083674,6
RBT_083675,5
RBT_083676,5
RBT_083677,2
RBT_083678,6
RBT_083679,7
RBT_083680,6
RBT_083681,3
RBT_083682,4
RBT_083683,2
RBT_083684,3
RBT_083685,5
RBT_083686,4
RBT_083687,7
RBT_083688,6
RBT_083689,4
RBT_083690,7
RBT_083691,5
RBT_083692,5
RBT_083693,5
RBT_083694,5
RBT_083695,4
RBT_083696,7
RBT_083697,4
RBT_083698,4
RBT_083699,6
RBT_083700,7
RBT_083701,5
RBT_083702,6
RBT_083703,2
RBT_083704,6
RBT_083705,6
RBT_083706,5
RBT_083707,5
RBT_083708,5
RBT_083709,2
RBT_083710,5
RBT_083711,7
RBT_083712,5
RBT_083713,5
RBT_083714,6
RBT_083715,5
RBT_083716,4
RBT_083717,7
RBT_083718,5
RBT_083719,7
RBT_083720,7
RBT_083721,7
RBT_083722,1
RBT_083723,4
RBT_083724,5
RBT_083725,4
RBT_083726,5
RBT_083727,6
RBT_083728,5
RBT_083729,5
RBT_083730,6
RBT_083731,6
RBT_083732,7
RBT_083733,6
RBT_083734,7
RBT_083735,2
RBT_083736,7
RBT_083737,5
RBT_083738,5
RBT_083739,7
RBT_083740,5
RBT_083741,2
RBT_083742,5
RBT_083743,7
RBT_083744,5
RBT_083745,6
RBT_083746,6
RBT_083747,7
RBT_083748,4
RBT_083749,5
RBT_083750,5
RBT_083751,5
RBT_083752,1
RBT_083753,5
RBT_083754,7
RBT_083755,5
RBT_083756,3
RBT_083757,5
RBT_083758,6
RBT_083759,5
RBT_083760,5
RBT_083761,5
RBT_083762,3
RBT_083763,5
RBT_083764,6
RBT_083765,5
RBT_083766,7
RBT_083767,6
RBT_083768,3
RBT_083769,1
RBT_083770,5
RBT_083771,4
RBT_083772,5
RBT_083773,5
RBT_083774,4
RBT_083775,3
RBT_083776,5
RBT_083777,7
RBT_083778,3
RBT_083779,3
RBT_083780,5
RBT_083781,2
RBT_083782,5
RBT_083783,7
RBT_083784,6
RBT_083785,7
RBT_083786,1
RBT_083787,4
RBT_083788,5
RBT_083789,5
RBT_083790,5
RBT_083791,3
RBT_083792,5
RBT_083793,3
RBT_083794,7
RBT_083795,5
RBT_083796,5
RBT_083797,7
RBT_083798,7
RBT_083799,5
RBT_083800,6
RBT_083801,4
RBT_083802,4
RBT_083803,4
RBT_083804,6
RBT_083805,5
RBT_083806,5
RBT_083807,5
RBT_083808,6
RBT_083809,6
RBT_083810,4
RBT_083811,7
RBT_083812,1
RBT_083813,5
RBT_083814,7
RBT_083815,6
RBT_083816,6
RBT_083817,3
RBT_083818,5
RBT_083819,6
RBT_083820,3
RBT_083821,5
RBT_083822,5
RBT_083823,5
RBT_083824,5
RBT_083825,4
RBT_083826,5
RBT_083827,5
RBT_083828,5
RBT_083829,5
RBT_083830,5
RBT_083831,6
RBT_083832,1
RBT_083833,7
RBT_083834,7
RBT_083835,7
RBT_083836,7
RBT_083837,1
RBT_083838,5
RBT_083839,4
RBT_083840,6
RBT_083841,6
RBT_083842,1
RBT_083843,5
RBT_083844,6
RBT_083845,5
RBT_083846,5
RBT_083847,2
RBT_083848,6
RBT_083849,2
RBT_083850,5
RBT_083851,7
RBT_083852,5
RBT_083853,6
RBT_083854,6
RBT_083855,1
RBT_083856,7
RBT_083857,3
RBT_083858,4
RBT_083859,6
RBT_083860,7
RBT_083861,4
RBT_083862,2
RBT_083863,5
RBT_083864,7
RBT_083865,2
RBT_083866,6
RBT_083867,4
RBT_083868,5
RBT_083869,5
RBT_083870,5
RBT_083871,1
RBT_083872,3
RBT_083873,5
RBT_083874,7
RBT_083875,7
RBT_083876,2
RBT_083877,6
RBT_083878,5
RBT_083879,7
RBT_083880,6
RBT_083881,7
RBT_083882,5
RBT_083883,6
RBT_083884,6
RBT_083885,4
RBT_083886,7
RBT_083887,4
RBT_083888,7
RBT_083889,6
RBT_083890,5
RBT_083891,2
RBT_083892,5
RBT_083893,6
RBT_083894,6
RBT_083895,7
RBT_083896,5
RBT_083897,7
RBT_083898,6
RBT_083899,7
RBT_083900,4
RBT_083901,4
RBT_083902,2
RBT_083903,5
RBT_083904,6
RBT_083905,4
RBT_083906,3
RBT_083907,5
RBT_083908,5
RBT_083909,5
RBT_083910,5
RBT_083911,5
RBT_083912,3
RBT_083913,5
RBT_083914,2
RBT_083915,2
RBT_083916,6
RBT_083917,6
RBT_083918,4
RBT_083919,3
RBT_083920,1
RBT_083921,5
RBT_083922,5
RBT_083923,7
RBT_083924,1
RBT_083925,5
RBT_083926,5
RBT_083927,7
RBT_083928,4
RBT_083929,2
RBT_083930,5
RBT_083931,5
RBT_083932,6
RBT_083933,5
RBT_083934,5
RBT_083935,4
RBT_083936,2
RBT_083937,7
RBT_083938,5
RBT_083939,4
RBT_083940,4
RBT_083941,6
RBT_083942,5
RBT_083943,5
RBT_083944,6
RBT_083945,5
RBT_083946,3
RBT_083947,3
RBT_083948,7
RBT_083949,2
RBT_083950,5
RBT_083951,7
RBT_083952,5
RBT_083953,5
RBT_083954,6
RBT_083955,5
RBT_083956,5
RBT_083957,5
RBT_083958,4
RBT_083959,5
RBT_083960,6
RBT_083961,6
RBT_083962,5
RBT_083963,4
RBT_083964,7
RBT_083965,4
RBT_083966,6
RBT_083967,6
RBT_083968,1
RBT_083969,3
RBT_083970,5
RBT_083971,6
RBT_083972,5
RBT_083973,6
RBT_083974,6
RBT_083975,5
RBT_083976,5
RBT_083977,2
RBT_083978,7
RBT_083979,5
RBT_083980,3
RBT_083981,5
RBT_083982,1
RBT_083983,3
RBT_083984,4
RBT_083985,6
RBT_083986,5
RBT_083987,6
RBT_083988,2
RBT_083989,6
RBT_083990,6
RBT_083991,5
RBT_083992,4
RBT_083993,5
RBT_083994,6
RBT_083995,7
RBT_083996,2
RBT_083997,5
RBT_083998,5
RBT_083999,1
RBT_084000,3
RBT_084001,2
RBT_084002,4
RBT_084003,2
RBT_084004,5
RBT_084005,5
RBT_084006,6
RBT_084007,4
RBT_084008,1
RBT_084009,1
RBT_084010,6
RBT_084011,6
RBT_084012,2
RBT_084013,1
RBT_084014,6
RBT_084015,5
RBT_084016,5
RBT_084017,5
RBT_084018,6
RBT_084019,4
RBT_084020,5
RBT_084021,2
RBT_084022,4
RBT_084023,7
RBT_084024,4
RBT_084025,7
RBT_084026,6
RBT_084027,4
RBT_084028,5
RBT_084029,4
RBT_084030,2
RBT_084031,2
RBT_084032,1
RBT_084033,6
RBT_084034,6
RBT_084035,5
RBT_084036,5
RBT_084037,6
RBT_084038,6
RBT_084039,5
RBT_084040,3
RBT_084041,5
RBT_084042,6
RBT_084043,6
RBT_084044,2
RBT_084045,5
RBT_084046,1
RBT_084047,6
RBT_084048,5
RBT_084049,6
RBT_084050,6
RBT_084051,5
RBT_084052,4
RBT_084053,6
RBT_084054,6
RBT_084055,3
RBT_084056,7
RBT_084057,3
RBT_084058,5
RBT_084059,3
RBT_084060,7
RBT_084061,4
RBT_084062,7
RBT_084063,5
RBT_084064,3
RBT_084065,5
RBT_084066,7
RBT_084067,4
RBT_084068,3
RBT_084069,5
RBT_084070,3
RBT_084071,2
RBT_084072,4
RBT_084073,5
RBT_084074,5
RBT_084075,5
RBT_084076,4
RBT_084077,7
RBT_084078,5
RBT_084079,6
RBT_084080,5
RBT_084081,3
RBT_084082,6
RBT_084083,6
RBT_084084,4
RBT_084085,5
RBT_084086,2
RBT_084087,1
RBT_084088,7
RBT_084089,7
RBT_084090,3
RBT_084091,5
RBT_084092,6
RBT_084093,6
RBT_084094,5
RBT_084095,5
RBT_084096,5
RBT_084097,3
RBT_084098,5
RBT_084099,5
RBT_084100,5
RBT_084101,5
RBT_084102,5
RBT_084103,3
RBT_084104,6
RBT_084105,3
RBT_084106,6
RBT_084107,6
RBT_084108,7
RBT_084109,5
RBT_084110,2
RBT_084111,5
RBT_084112,4
RBT_084113,2
RBT_084114,6
RBT_084115,3
RBT_084116,5
RBT_084117,6
RBT_084118,4
RBT_084119,7
RBT_084120,4
RBT_084121,5
RBT_084122,3
RBT_084123,5
RBT_084124,5
RBT_084125,7
RBT_084126,6
RBT_084127,6
RBT_084128,3
RBT_084129,6
RBT_084130,5
RBT_084131,5
RBT_084132,6
RBT_084133,7
RBT_084134,2
RBT_084135,6
RBT_084136,7
RBT_084137,4
RBT_084138,4
RBT_084139,6
RBT_084140,6
RBT_084141,7
RBT_084142,1
RBT_084143,6
RBT_084144,5
RBT_084145,5
RBT_084146,6
RBT_084147,6
RBT_084148,4
RBT_084149,5
RBT_084150,5
RBT_084151,4
RBT_084152,6
RBT_084153,7
RBT_084154,4
RBT_084155,6
RBT_084156,5
RBT_084157,3
RBT_084158,1
RBT_084159,5
RBT_084160,5
RBT_084161,1
RBT_084162,5
RBT_084163,5
RBT_084164,7
RBT_084165,2
RBT_084166,6
RBT_084167,3
RBT_084168,3
RBT_084169,1
RBT_084170,1
RBT_084171,3
RBT_084172,3
RBT_084173,1
RBT_084174,7
RBT_084175,4
RBT_084176,5
RBT_084177,2
RBT_084178,4
RBT_084179,5
RBT_084180,6
RBT_084181,5
RBT_084182,1
RBT_084183,3
RBT_084184,5
RBT_084185,5
RBT_084186,5
RBT_084187,5
RBT_084188,5
RBT_084189,6
RBT_084190,3
RBT_084191,2
RBT_084192,6
RBT_084193,6
RBT_084194,4
RBT_084195,6
RBT_084196,7
RBT_084197,4
RBT_084198,6
RBT_084199,5
RBT_084200,1
RBT_084201,7
RBT_084202,6
RBT_084203,6
RBT_084204,5
RBT_084205,7
RBT_084206,4
RBT_084207,6
RBT_084208,2
RBT_084209,4
RBT_084210,6
RBT_084211,5
RBT_084212,6
RBT_084213,4
RBT_084214,5
RBT_084215,7
RBT_084216,6
RBT_084217,5
RBT_084218,6
RBT_084219,6
RBT_084220,5
RBT_084221,6
RBT_084222,5
RBT_084223,5
RBT_084224,1
RBT_084225,6
RBT_084226,3
RBT_084227,3
RBT_084228,4
RBT_084229,2
RBT_084230,7
RBT_084231,7
RBT_084232,6
RBT_084233,4
RBT_084234,1
RBT_084235,3
RBT_084236,7
RBT_084237,4
RBT_084238,7
RBT_084239,6
RBT_084240,4
RBT_084241,6
RBT_084242,5
RBT_084243,3
RBT_084244,5
RBT_084245,6
RBT_084246,7
RBT_084247,1
RBT_084248,5
RBT_084249,5
RBT_084250,5
RBT_084251,4
RBT_084252,5
RBT_084253,6
RBT_084254,6
RBT_084255,7
RBT_084256,5
RBT_084257,6
RBT_084258,1
RBT_084259,7
RBT_084260,7
RBT_084261,6
RBT_084262,5
RBT_084263,5
RBT_084264,3
RBT_084265,1
RBT_084266,5
RBT_084267,3
RBT_084268,5
RBT_084269,4
RBT_084270,5
RBT_084271,1
RBT_084272,6
RBT_084273,5
RBT_084274,4
RBT_084275,3
RBT_084276,6
RBT_084277,3
RBT_084278,6
RBT_084279,5
RBT_084280,4
RBT_084281,7
RBT_084282,3
RBT_084283,5
RBT_084284,5
RBT_084285,1
RBT_084286,5
RBT_084287,6
RBT_084288,7
RBT_084289,6
RBT_084290,5
RBT_084291,6
RBT_084292,4
RBT_084293,6
RBT_084294,6
RBT_084295,5
RBT_084296,5
RBT_084297,5
RBT_084298,7
RBT_084299,5
RBT_084300,6
RBT_084301,4
RBT_084302,4
RBT_084303,4
RBT_084304,5
RBT_084305,5
RBT_084306,6
RBT_084307,2
RBT_084308,5
RBT_084309,5
RBT_084310,7
RBT_084311,6
RBT_084312,4
RBT_084313,5
RBT_084314,6
RBT_084315,2
RBT_084316,5
RBT_084317,3
RBT_084318,3
RBT_084319,5
RBT_084320,7
RBT_084321,7
RBT_084322,7
RBT_084323,1
RBT_084324,6
RBT_084325,6
RBT_084326,5
RBT_084327,4
RBT_084328,6
RBT_084329,2
RBT_084330,5
RBT_084331,5
RBT_084332,5
RBT_084333,6
RBT_084334,5
RBT_084335,5
RBT_084336,6
RBT_084337,6
RBT_084338,5
RBT_084339,4
RBT_084340,4
RBT_084341,6
RBT_084342,1
RBT_084343,5
RBT_084344,4
RBT_084345,5
RBT_084346,3
RBT_084347,4
RBT_084348,6
RBT_084349,6
RBT_084350,2
RBT_084351,5
RBT_084352,5
RBT_084353,5
RBT_084354,6
RBT_084355,1
RBT_084356,2
RBT_084357,3
RBT_084358,3
RBT_084359,1
RBT_084360,7
RBT_084361,3
RBT_084362,2
RBT_084363,5
RBT_084364,7
RBT_084365,7
RBT_084366,5
RBT_084367,3
RBT_084368,1
RBT_084369,4
RBT_084370,2
RBT_084371,6
RBT_084372,7
RBT_084373,2
RBT_084374,5
RBT_084375,7
RBT_084376,6
RBT_084377,6
RBT_084378,7
RBT_084379,5
RBT_084380,7
RBT_084381,6
RBT_084382,5
RBT_084383,4
RBT_084384,6
RBT_084385,6
RBT_084386,5
RBT_084387,5
RBT_084388,1
RBT_084389,6
RBT_084390,4
RBT_084391,5
RBT_084392,5
RBT_084393,5
RBT_084394,5
RBT_084395,2
RBT_084396,6
RBT_084397,3
RBT_084398,1
RBT_084399,3
RBT_084400,5
RBT_084401,5
RBT_084402,6
RBT_084403,3
RBT_084404,7
RBT_084405,2
RBT_084406,5
RBT_084407,6
RBT_084408,5
RBT_084409,7
RBT_084410,4
RBT_084411,6
RBT_084412,5
RBT_084413,5
RBT_084414,2
RBT_084415,2
RBT_084416,5
RBT_084417,5
RBT_084418,7
RBT_084419,6
RBT_084420,6
RBT_084421,4
RBT_084422,5
RBT_084423,2
RBT_084424,5
RBT_084425,2
RBT_084426,5
RBT_084427,4
RBT_084428,3
RBT_084429,6
RBT_084430,5
RBT_084431,3
RBT_084432,7
RBT_084433,5
RBT_084434,1
RBT_084435,4
RBT_084436,7
RBT_084437,7
RBT_084438,3
RBT_084439,6
RBT_084440,4
RBT_084441,1
RBT_084442,6
RBT_084443,5
RBT_084444,5
RBT_084445,5
RBT_084446,5
RBT_084447,7
RBT_084448,5
RBT_084449,4
RBT_084450,6
RBT_084451,3
RBT_084452,7
RBT_084453,5
RBT_084454,2
RBT_084455,5
RBT_084456,5
RBT_084457,1
RBT_084458,1
RBT_084459,7
RBT_084460,5
RBT_084461,4
RBT_084462,5
RBT_084463,1
RBT_084464,1
RBT_084465,2
RBT_084466,7
RBT_084467,4
RBT_084468,5
RBT_084469,2
RBT_084470,5
RBT_084471,5
RBT_084472,5
RBT_084473,5
RBT_084474,5
RBT_084475,6
RBT_084476,4
RBT_084477,5
RBT_084478,6
RBT_084479,3
RBT_084480,7
RBT_084481,6
RBT_084482,4
RBT_084483,4
RBT_084484,4
RBT_084485,5
RBT_084486,5
RBT_084487,1
RBT_084488,1
RBT_084489,7
RBT_084490,4
RBT_084491,6
RBT_084492,5
RBT_084493,5
RBT_084494,5
RBT_084495,1
RBT_084496,6
RBT_084497,6
RBT_084498,5
RBT_084499,4
RBT_084500,2
RBT_084501,6
RBT_084502,5
RBT_084503,5
RBT_084504,4
RBT_084505,5
RBT_084506,5
RBT_084507,5
RBT_084508,3
RBT_084509,1
RBT_084510,6
RBT_084511,5
RBT_084512,5
RBT_084513,5
RBT_084514,5
RBT_084515,2
RBT_084516,4
RBT_084517,5
RBT_084518,6
RBT_084519,4
RBT_084520,2
RBT_084521,6
RBT_084522,5
RBT_084523,7
RBT_084524,7
RBT_084525,6
RBT_084526,3
RBT_084527,5
RBT_084528,6
RBT_084529,5
RBT_084530,4
RBT_084531,5
RBT_084532,6
RBT_084533,7
RBT_084534,5
RBT_084535,5
RBT_084536,7
RBT_084537,6
RBT_084538,7
RBT_084539,3
RBT_084540,7
RBT_084541,4
RBT_084542,4
RBT_084543,5
RBT_084544,4
RBT_084545,4
RBT_084546,7
RBT_084547,2
RBT_084548,7
RBT_084549,5
RBT_084550,7
RBT_084551,7
RBT_084552,5
RBT_084553,5
RBT_084554,7
RBT_084555,4
RBT_084556,3
RBT_084557,7
RBT_084558,4
RBT_084559,2
RBT_084560,6
RBT_084561,5
RBT_084562,5
RBT_084563,5
RBT_084564,1
RBT_084565,7
RBT_084566,5
RBT_084567,5
RBT_084568,7
RBT_084569,6
RBT_084570,6
RBT_084571,6
RBT_084572,6
RBT_084573,5
RBT_084574,5
RBT_084575,5
RBT_084576,5
RBT_084577,7
RBT_084578,1
RBT_084579,5
RBT_084580,7
RBT_084581,7
RBT_084582,6
RBT_084583,4
RBT_084584,6
RBT_084585,5
RBT_084586,5
RBT_084587,5
RBT_084588,2
RBT_084589,6
RBT_084590,5
RBT_084591,6
RBT_084592,5
RBT_084593,5
RBT_084594,4
RBT_084595,5
RBT_084596,5
RBT_084597,7
RBT_084598,5
RBT_084599,5
RBT_084600,6
RBT_084601,4
RBT_084602,7
RBT_084603,5
RBT_084604,6
RBT_084605,5
RBT_084606,5
RBT_084607,3
RBT_084608,4
RBT_084609,4
RBT_084610,4
RBT_084611,5
RBT_084612,5
RBT_084613,6
RBT_084614,5
RBT_084615,2
RBT_084616,6
RBT_084617,5
RBT_084618,5
RBT_084619,3
RBT_084620,7
RBT_084621,5
RBT_084622,4
RBT_084623,5
RBT_084624,7
RBT_084625,3
RBT_084626,6
RBT_084627,1
RBT_084628,4
RBT_084629,4
RBT_084630,5
RBT_084631,2
RBT_084632,2
RBT_084633,3
RBT_084634,5
RBT_084635,2
RBT_084636,5
RBT_084637,3
RBT_084638,5
RBT_084639,6
RBT_084640,4
RBT_084641,5
RBT_084642,4
RBT_084643,5
RBT_084644,6
RBT_084645,4
RBT_084646,1
RBT_084647,2
RBT_084648,5
RBT_084649,5
RBT_084650,4
RBT_084651,5
RBT_084652,3
RBT_084653,5
RBT_084654,3
RBT_084655,7
RBT_084656,1
RBT_084657,1
RBT_084658,5
RBT_084659,2
RBT_084660,6
RBT_084661,6
RBT_084662,6
RBT_084663,6
RBT_084664,6
RBT_084665,3
RBT_084666,6
RBT_084667,6
RBT_084668,4
RBT_084669,6
RBT_084670,7
RBT_084671,6
RBT_084672,2
RBT_084673,2
RBT_084674,7
RBT_084675,5
RBT_084676,5
RBT_084677,7
RBT_084678,1
RBT_084679,5
RBT_084680,5
RBT_084681,1
RBT_084682,5
RBT_084683,6
RBT_084684,1
RBT_084685,6
RBT_084686,7
RBT_084687,7
RBT_084688,5
RBT_084689,6
RBT_084690,7
RBT_084691,6
RBT_084692,5
RBT_084693,5
RBT_084694,4
RBT_084695,1
RBT_084696,5
RBT_084697,4
RBT_084698,5
RBT_084699,7
RBT_084700,2
RBT_084701,6
RBT_084702,3
RBT_084703,5
RBT_084704,4
RBT_084705,2
RBT_084706,6
RBT_084707,6
RBT_084708,4
RBT_084709,7
RBT_084710,1
RBT_084711,6
RBT_084712,5
RBT_084713,4
RBT_084714,5
RBT_084715,7
RBT_084716,6
RBT_084717,5
RBT_084718,6
RBT_084719,2
RBT_084720,6
RBT_084721,5
RBT_084722,4
RBT_084723,5
RBT_084724,6
RBT_084725,5
RBT_084726,6
RBT_084727,5
RBT_084728,7
RBT_084729,5
RBT_084730,6
RBT_084731,6
RBT_084732,5
RBT_084733,6
RBT_084734,5
RBT_084735,5
RBT_084736,5
RBT_084737,6
RBT_084738,4
RBT_084739,4
RBT_084740,7
RBT_084741,5
RBT_084742,2
RBT_084743,4
RBT_084744,6
RBT_084745,5
RBT_084746,6
RBT_084747,5
RBT_084748,3
RBT_084749,5
RBT_084750,3
RBT_084751,3
RBT_084752,5
RBT_084753,6
RBT_084754,5
RBT_084755,5
RBT_084756,5
RBT_084757,5
RBT_084758,5
RBT_084759,4
RBT_084760,7
RBT_084761,5
RBT_084762,7
RBT_084763,4
RBT_084764,5
RBT_084765,7
RBT_084766,6
RBT_084767,5
RBT_084768,6
RBT_084769,4
RBT_084770,6
RBT_084771,3
RBT_084772,7
RBT_084773,5
RBT_084774,2
RBT_084775,6
RBT_084776,7
RBT_084777,6
RBT_084778,5
RBT_084779,7
RBT_084780,5
RBT_084781,6
RBT_084782,5
RBT_084783,6
RBT_084784,7
RBT_084785,5
RBT_084786,6
RBT_084787,3
RBT_084788,5
RBT_084789,4
RBT_084790,6
RBT_084791,3
RBT_084792,5
RBT_084793,7
RBT_084794,3
RBT_084795,5
RBT_084796,6
RBT_084797,4
RBT_084798,1
RBT_084799,7
RBT_084800,5
RBT_084801,5
RBT_084802,3
RBT_084803,6
RBT_084804,4
RBT_084805,6
RBT_084806,5
RBT_084807,6
RBT_084808,6
RBT_084809,4
RBT_084810,7
RBT_084811,5
RBT_084812,3
RBT_084813,3
RBT_084814,6
RBT_084815,5
RBT_084816,4
RBT_084817,5
RBT_084818,6
RBT_084819,2
RBT_084820,5
RBT_084821,6
RBT_084822,7
RBT_084823,1
RBT_084824,5
RBT_084825,5
RBT_084826,5
RBT_084827,3
RBT_084828,6
RBT_084829,5
RBT_084830,5
RBT_084831,6
RBT_084832,5
RBT_084833,3
RBT_084834,4
RBT_084835,3
RBT_084836,6
RBT_084837,3
RBT_084838,6
RBT_084839,3
RBT_084840,3
RBT_084841,4
RBT_084842,7
RBT_084843,7
RBT_084844,2
RBT_084845,4
RBT_084846,4
RBT_084847,3
RBT_084848,5
RBT_084849,6
RBT_084850,2
RBT_084851,5
RBT_084852,4
RBT_084853,5
RBT_084854,6
RBT_084855,6
RBT_084856,6
RBT_084857,7
RBT_084858,6
RBT_084859,5
RBT_084860,1
RBT_084861,7
RBT_084862,5
RBT_084863,4
RBT_084864,4
RBT_084865,7
RBT_084866,7
RBT_084867,4
RBT_084868,6
RBT_084869,4
RBT_084870,5
RBT_084871,3
RBT_084872,5
RBT_084873,5
RBT_084874,1
RBT_084875,5
RBT_084876,2
RBT_084877,5
RBT_084878,7
RBT_084879,4
RBT_084880,6
RBT_084881,3
RBT_084882,3
RBT_084883,4
RBT_084884,5
RBT_084885,7
RBT_084886,5
RBT_084887,1
RBT_084888,4
RBT_084889,1
RBT_084890,7
RBT_084891,1
RBT_084892,1
RBT_084893,4
RBT_084894,5
RBT_084895,5
RBT_084896,2
RBT_084897,6
RBT_084898,6
RBT_084899,5
RBT_084900,5
RBT_084901,4
RBT_084902,5
RBT_084903,7
RBT_084904,2
RBT_084905,6
RBT_084906,6
RBT_084907,7
RBT_084908,5
RBT_084909,5
RBT_084910,4
RBT_084911,5
RBT_084912,3
RBT_084913,4
RBT_084914,7
RBT_084915,5
RBT_084916,2
RBT_084917,5
RBT_084918,5
RBT_084919,6
RBT_084920,1
RBT_084921,5
RBT_084922,7
RBT_084923,1
RBT_084924,5
RBT_084925,2
RBT_084926,5
RBT_084927,7
RBT_084928,4
RBT_084929,6
RBT_084930,2
RBT_084931,4
RBT_084932,3
RBT_084933,5
RBT_084934,5
RBT_084935,5
RBT_084936,7
RBT_084937,3
RBT_084938,6
RBT_084939,1
RBT_084940,6
RBT_084941,5
RBT_084942,6
RBT_084943,6
RBT_084944,5
RBT_084945,4
RBT_084946,5
RBT_084947,6
RBT_084948,5
RBT_084949,5
RBT_084950,3
RBT_084951,7
RBT_084952,4
RBT_084953,2
RBT_084954,2
RBT_084955,5
RBT_084956,5
RBT_084957,2
RBT_084958,5
RBT_084959,3
RBT_084960,5
RBT_084961,6
RBT_084962,3
RBT_084963,1
RBT_084964,3
RBT_084965,5
RBT_084966,4
RBT_084967,6
RBT_084968,6
RBT_084969,5
RBT_084970,4
RBT_084971,5
RBT_084972,6
RBT_084973,7
RBT_084974,4
RBT_084975,7
RBT_084976,3
RBT_084977,1
RBT_084978,7
RBT_084979,5
RBT_084980,2
RBT_084981,2
RBT_084982,1
RBT_084983,4
RBT_084984,6
RBT_084985,5
RBT_084986,7
RBT_084987,4
RBT_084988,2
RBT_084989,7
RBT_084990,6
RBT_084991,4
RBT_084992,5
RBT_084993,4
RBT_084994,7
RBT_084995,5
RBT_084996,5
RBT_084997,6
RBT_084998,7
RBT_084999,1
RBT_085000,7
RBT_085001,2
RBT_085002,6
RBT_085003,6
RBT_085004,5
RBT_085005,5
RBT_085006,5
RBT_085007,4
RBT_085008,3
RBT_085009,2
RBT_085010,7
RBT_085011,5
RBT_085012,6
RBT_085013,4
RBT_085014,6
RBT_085015,5
RBT_085016,1
RBT_085017,4
RBT_085018,6
RBT_085019,6
RBT_085020,7
RBT_085021,5
RBT_085022,7
RBT_085023,5
RBT_085024,3
RBT_085025,5
RBT_085026,7
RBT_085027,6
RBT_085028,5
RBT_085029,3
RBT_085030,5
RBT_085031,7
RBT_085032,3
RBT_085033,6
RBT_085034,3
RBT_085035,7
RBT_085036,6
RBT_085037,2
RBT_085038,3
RBT_085039,7
RBT_085040,5
RBT_085041,4
RBT_085042,1
RBT_085043,2
RBT_085044,6
RBT_085045,6
RBT_085046,6
RBT_085047,5
RBT_085048,4
RBT_085049,5
RBT_085050,5
RBT_085051,1
RBT_085052,7
RBT_085053,5
RBT_085054,1
RBT_085055,7
RBT_085056,7
RBT_085057,7
RBT_085058,7
RBT_085059,3
RBT_085060,7
RBT_085061,6
RBT_085062,5
RBT_085063,7
RBT_085064,5
RBT_085065,7
RBT_085066,5
RBT_085067,1
RBT_085068,5
RBT_085069,6
RBT_085070,5
RBT_085071,7
RBT_085072,2
RBT_085073,7
RBT_085074,5
RBT_085075,7
RBT_085076,4
RBT_085077,6
RBT_085078,5
RBT_085079,6
RBT_085080,4
RBT_085081,7
RBT_085082,7
RBT_085083,5
RBT_085084,5
RBT_085085,5
RBT_085086,3
RBT_085087,5
RBT_085088,7
RBT_085089,4
RBT_085090,6
RBT_085091,5
RBT_085092,4
RBT_085093,5
RBT_085094,7
RBT_085095,5
RBT_085096,6
RBT_085097,6
RBT_085098,1
RBT_085099,1
RBT_085100,2
RBT_085101,3
RBT_085102,6
RBT_085103,5
RBT_085104,4
RBT_085105,5
RBT_085106,6
RBT_085107,3
RBT_085108,5
RBT_085109,3
RBT_085110,5
RBT_085111,3
RBT_085112,6
RBT_085113,3
RBT_085114,1
RBT_085115,7
RBT_085116,4
RBT_085117,5
RBT_085118,3
RBT_085119,5
RBT_085120,3
RBT_085121,6
RBT_085122,6
RBT_085123,5
RBT_085124,6
RBT_085125,4
RBT_085126,5
RBT_085127,2
RBT_085128,2
RBT_085129,5
RBT_085130,6
RBT_085131,5
RBT_085132,5
RBT_085133,7
RBT_085134,5
RBT_085135,5
RBT_085136,7
RBT_085137,3
RBT_085138,4
RBT_085139,5
RBT_085140,5
RBT_085141,3
RBT_085142,4
RBT_085143,3
RBT_085144,6
RBT_085145,6
RBT_085146,4
RBT_085147,5
RBT_085148,5
RBT_085149,1
RBT_085150,7
RBT_085151,5
RBT_085152,3
RBT_085153,5
RBT_085154,7
RBT_085155,1
RBT_085156,3
RBT_085157,3
RBT_085158,2
RBT_085159,3
RBT_085160,6
RBT_085161,5
RBT_085162,5
RBT_085163,3
RBT_085164,4
RBT_085165,7
RBT_085166,3
RBT_085167,7
RBT_085168,5
RBT_085169,5
RBT_085170,3
RBT_085171,5
RBT_085172,7
RBT_085173,3
RBT_085174,1
RBT_085175,7
RBT_085176,5
RBT_085177,5
RBT_085178,5
RBT_085179,5
RBT_085180,4
RBT_085181,2
RBT_085182,6
RBT_085183,5
RBT_085184,6
RBT_085185,7
RBT_085186,3
RBT_085187,5
RBT_085188,7
RBT_085189,6
RBT_085190,5
RBT_085191,7
RBT_085192,7
RBT_085193,5
RBT_085194,4
RBT_085195,6
RBT_085196,2
RBT_085197,7
RBT_085198,7
RBT_085199,4
RBT_085200,6
RBT_085201,4
RBT_085202,1
RBT_085203,6
RBT_085204,3
RBT_085205,2
RBT_085206,6
RBT_085207,1
RBT_085208,6
RBT_085209,7
RBT_085210,5
RBT_085211,2
RBT_085212,3
RBT_085213,7
RBT_085214,4
RBT_085215,5
RBT_085216,3
RBT_085217,7
RBT_085218,5
RBT_085219,5
RBT_085220,5
RBT_085221,6
RBT_085222,3
RBT_085223,7
RBT_085224,3
RBT_085225,3
RBT_085226,1
RBT_085227,1
RBT_085228,5
RBT_085229,3
RBT_085230,3
RBT_085231,7
RBT_085232,7
RBT_085233,4
RBT_085234,4
RBT_085235,4
RBT_085236,7
RBT_085237,2
RBT_085238,5
RBT_085239,3
RBT_085240,6
RBT_085241,5
RBT_085242,5
RBT_085243,2
RBT_085244,6
RBT_085245,3
RBT_085246,5
RBT_085247,4
RBT_085248,5
RBT_085249,5
RBT_085250,4
RBT_085251,5
RBT_085252,6
RBT_085253,4
RBT_085254,7
RBT_085255,3
RBT_085256,4
RBT_085257,1
RBT_085258,6
RBT_085259,5
RBT_085260,6
RBT_085261,5
RBT_085262,3
RBT_085263,5
RBT_085264,1
RBT_085265,5
RBT_085266,6
RBT_085267,5
RBT_085268,5
RBT_085269,4
RBT_085270,3
RBT_085271,5
RBT_085272,1
RBT_085273,6
RBT_085274,6
RBT_085275,7
RBT_085276,7
RBT_085277,6
RBT_085278,5
RBT_085279,5
RBT_085280,3
RBT_085281,6
RBT_085282,4
RBT_085283,5
RBT_085284,6
RBT_085285,5
RBT_085286,5
RBT_085287,5
RBT_085288,6
RBT_085289,7
RBT_085290,5
RBT_085291,3
RBT_085292,5
RBT_085293,4
RBT_085294,5
RBT_085295,3
RBT_085296,5
RBT_085297,6
RBT_085298,7
RBT_085299,7
RBT_085300,3
RBT_085301,7
RBT_085302,6
RBT_085303,6
RBT_085304,6
RBT_085305,5
RBT_085306,5
RBT_085307,7
RBT_085308,3
RBT_085309,3
RBT_085310,1
RBT_085311,6
RBT_085312,7
RBT_085313,3
RBT_085314,1
RBT_085315,4
RBT_085316,6
RBT_085317,1
RBT_085318,2
RBT_085319,1
RBT_085320,7
RBT_085321,3
RBT_085322,7
RBT_085323,5
RBT_085324,5
RBT_085325,5
RBT_085326,5
RBT_085327,4
RBT_085328,6
RBT_085329,5
RBT_085330,6
RBT_085331,5
RBT_085332,6
RBT_085333,6
RBT_085334,6
RBT_085335,6
RBT_085336,3
RBT_085337,3
RBT_085338,5
RBT_085339,6
RBT_085340,5
RBT_085341,5
RBT_085342,3
RBT_085343,4
RBT_085344,6
RBT_085345,3
RBT_085346,5
RBT_085347,4
RBT_085348,2
RBT_085349,4
RBT_085350,4
RBT_085351,6
RBT_085352,5
RBT_085353,2
RBT_085354,6
RBT_085355,4
RBT_085356,5
RBT_085357,5
RBT_085358,7
RBT_085359,4
RBT_085360,3
RBT_085361,4
RBT_085362,4
RBT_085363,3
RBT_085364,4
RBT_085365,5
RBT_085366,2
RBT_085367,7
RBT_085368,5
RBT_085369,5
RBT_085370,4
RBT_085371,4
RBT_085372,5
RBT_085373,5
RBT_085374,1
RBT_085375,6
RBT_085376,6
RBT_085377,5
RBT_085378,4
RBT_085379,5
RBT_085380,3
RBT_085381,1
RBT_085382,4
RBT_085383,1
RBT_085384,1
RBT_085385,1
RBT_085386,6
RBT_085387,2
RBT_085388,4
RBT_085389,5
RBT_085390,6
RBT_085391,2
RBT_085392,7
RBT_085393,4
RBT_085394,7
RBT_085395,4
RBT_085396,1
RBT_085397,7
RBT_085398,5
RBT_085399,6
RBT_085400,6
RBT_085401,2
RBT_085402,6
RBT_085403,1
RBT_085404,5
RBT_085405,4
RBT_085406,4
RBT_085407,6
RBT_085408,6
RBT_085409,5
RBT_085410,1
RBT_085411,1
RBT_085412,6
RBT_085413,7
RBT_085414,6
RBT_085415,2
RBT_085416,2
RBT_085417,5
RBT_085418,5
RBT_085419,5
RBT_085420,7
RBT_085421,5
RBT_085422,3
RBT_085423,7
RBT_085424,6
RBT_085425,6
RBT_085426,3
RBT_085427,5
RBT_085428,6
RBT_085429,5
RBT_085430,6
RBT_085431,5
RBT_085432,7
RBT_085433,5
RBT_085434,1
RBT_085435,3
RBT_085436,7
RBT_085437,5
RBT_085438,2
RBT_085439,3
RBT_085440,1
RBT_085441,3
RBT_085442,7
RBT_085443,4
RBT_085444,5
RBT_085445,5
RBT_085446,5
RBT_085447,7
RBT_085448,6
RBT_085449,3
RBT_085450,7
RBT_085451,6
RBT_085452,4
RBT_085453,4
RBT_085454,7
RBT_085455,2
RBT_085456,3
RBT_085457,4
RBT_085458,5
RBT_085459,5
RBT_085460,4
RBT_085461,5
RBT_085462,2
RBT_085463,5
RBT_085464,4
RBT_085465,4
RBT_085466,1
RBT_085467,5
RBT_085468,6
RBT_085469,6
RBT_085470,3
RBT_085471,7
RBT_085472,4
RBT_085473,6
RBT_085474,7
RBT_085475,6
RBT_085476,4
RBT_085477,4
RBT_085478,5
RBT_085479,5
RBT_085480,6
RBT_085481,6
RBT_085482,2
RBT_085483,5
RBT_085484,3
RBT_085485,6
RBT_085486,7
RBT_085487,6
RBT_085488,6
RBT_085489,2
RBT_085490,3
RBT_085491,4
RBT_085492,7
RBT_085493,4
RBT_085494,6
RBT_085495,2
RBT_085496,5
RBT_085497,6
RBT_085498,5
RBT_085499,5
RBT_085500,6
RBT_085501,5
RBT_085502,6
RBT_085503,5
RBT_085504,5
RBT_085505,5
RBT_085506,3
RBT_085507,5
RBT_085508,4
RBT_085509,5
RBT_085510,5
RBT_085511,4
RBT_085512,6
RBT_085513,5
RBT_085514,5
RBT_085515,6
RBT_085516,5
RBT_085517,3
RBT_085518,6
RBT_085519,7
RBT_085520,2
RBT_085521,7
RBT_085522,5
RBT_085523,1
RBT_085524,5
RBT_085525,6
RBT_085526,6
RBT_085527,5
RBT_085528,3
RBT_085529,5
RBT_085530,3
RBT_085531,2
RBT_085532,7
RBT_085533,6
RBT_085534,5
RBT_085535,2
RBT_085536,5
RBT_085537,7
RBT_085538,5
RBT_085539,3
RBT_085540,7
RBT_085541,6
RBT_085542,5
RBT_085543,6
RBT_085544,1
RBT_085545,5
RBT_085546,2
RBT_085547,6
RBT_085548,7
RBT_085549,7
RBT_085550,4
RBT_085551,5
RBT_085552,7
RBT_085553,7
RBT_085554,2
RBT_085555,2
RBT_085556,7
RBT_085557,4
RBT_085558,3
RBT_085559,6
RBT_085560,6
RBT_085561,3
RBT_085562,4
RBT_085563,7
RBT_085564,1
RBT_085565,6
RBT_085566,1
RBT_085567,2
RBT_085568,6
RBT_085569,5
RBT_085570,3
RBT_085571,5
RBT_085572,5
RBT_085573,4
RBT_085574,6
RBT_085575,6
RBT_085576,6
RBT_085577,3
RBT_085578,5
RBT_085579,5
RBT_085580,2
RBT_085581,5
RBT_085582,1
RBT_085583,5
RBT_085584,3
RBT_085585,5
RBT_085586,3
RBT_085587,6
RBT_085588,2
RBT_085589,6
RBT_085590,2
RBT_085591,5
RBT_085592,6
RBT_085593,3
RBT_085594,6
RBT_085595,7
RBT_085596,4
RBT_085597,1
RBT_085598,5
RBT_085599,7
RBT_085600,5
RBT_085601,6
RBT_085602,6
RBT_085603,7
RBT_085604,2
RBT_085605,5
RBT_085606,7
RBT_085607,6
RBT_085608,5
RBT_085609,5
RBT_085610,4
RBT_085611,5
RBT_085612,3
RBT_085613,7
RBT_085614,2
RBT_085615,7
RBT_085616,4
RBT_085617,5
RBT_085618,2
RBT_085619,5
RBT_085620,1
RBT_085621,6
RBT_085622,5
RBT_085623,6
RBT_085624,7
RBT_085625,2
RBT_085626,5
RBT_085627,4
RBT_085628,2
RBT_085629,6
RBT_085630,2
RBT_085631,5
RBT_085632,3
RBT_085633,3
RBT_085634,5
RBT_085635,5
RBT_085636,1
RBT_085637,4
RBT_085638,5
RBT_085639,5
RBT_085640,6
RBT_085641,6
RBT_085642,5
RBT_085643,5
RBT_085644,3
RBT_085645,2
RBT_085646,5
RBT_085647,7
RBT_085648,5
RBT_085649,2
RBT_085650,5
RBT_085651,1
RBT_085652,5
RBT_085653,1
RBT_085654,7
RBT_085655,6
RBT_085656,2
RBT_085657,3
RBT_085658,7
RBT_085659,6
RBT_085660,7
RBT_085661,4
RBT_085662,2
RBT_085663,5
RBT_085664,7
RBT_085665,2
RBT_085666,6
RBT_085667,4
RBT_085668,2
RBT_085669,5
RBT_085670,5
RBT_085671,1
RBT_085672,5
RBT_085673,5
RBT_085674,6
RBT_085675,3
RBT_085676,6
RBT_085677,3
RBT_085678,5
RBT_085679,5
RBT_085680,7
RBT_085681,1
RBT_085682,3
RBT_085683,2
RBT_085684,4
RBT_085685,4
RBT_085686,3
RBT_085687,5
RBT_085688,2
RBT_085689,2
RBT_085690,1
RBT_085691,7
RBT_085692,5
RBT_085693,4
RBT_085694,5
RBT_085695,3
RBT_085696,5
RBT_085697,3
RBT_085698,4
RBT_085699,7
RBT_085700,3
RBT_085701,4
RBT_085702,5
RBT_085703,7
RBT_085704,7
RBT_085705,4
RBT_085706,7
RBT_085707,4
RBT_085708,7
RBT_085709,2
RBT_085710,3
RBT_085711,2
RBT_085712,4
RBT_085713,6
RBT_085714,3
RBT_085715,3
RBT_085716,3
RBT_085717,5
RBT_085718,1
RBT_085719,5
RBT_085720,7
RBT_085721,5
RBT_085722,6
RBT_085723,5
RBT_085724,1
RBT_085725,5
RBT_085726,7
RBT_085727,5
RBT_085728,5
RBT_085729,5
RBT_085730,6
RBT_085731,5
RBT_085732,5
RBT_085733,1
RBT_085734,3
RBT_085735,5
RBT_085736,5
RBT_085737,5
RBT_085738,6
RBT_085739,4
RBT_085740,4
RBT_085741,2
RBT_085742,5
RBT_085743,4
RBT_085744,6
RBT_085745,6
RBT_085746,2
RBT_085747,4
RBT_085748,4
RBT_085749,6
RBT_085750,4
RBT_085751,4
RBT_085752,3
RBT_085753,5
RBT_085754,5
RBT_085755,7
RBT_085756,6
RBT_085757,6
RBT_085758,5
RBT_085759,5
RBT_085760,5
RBT_085761,4
RBT_085762,5
RBT_085763,4
RBT_085764,5
RBT_085765,5
RBT_085766,6
RBT_085767,5
RBT_085768,3
RBT_085769,7
RBT_085770,4
RBT_085771,3
RBT_085772,4
RBT_085773,2
RBT_085774,2
RBT_085775,5
RBT_085776,7
RBT_085777,2
RBT_085778,7
RBT_085779,6
RBT_085780,6
RBT_085781,6
RBT_085782,5
RBT_085783,2
RBT_085784,5
RBT_085785,6
RBT_085786,2
RBT_085787,7
RBT_085788,5
RBT_085789,7
RBT_085790,5
RBT_085791,5
RBT_085792,6
RBT_085793,4
RBT_085794,6
RBT_085795,5
RBT_085796,6
RBT_085797,4
RBT_085798,6
RBT_085799,1
RBT_085800,7
RBT_085801,6
RBT_085802,5
RBT_085803,5
RBT_085804,7
RBT_085805,6
RBT_085806,5
RBT_085807,3
RBT_085808,3
RBT_085809,4
RBT_085810,6
RBT_085811,6
RBT_085812,5
RBT_085813,4
RBT_085814,4
RBT_085815,1
RBT_085816,3
RBT_085817,1
RBT_085818,5
RBT_085819,5
RBT_085820,7
RBT_085821,6
RBT_085822,5
RBT_085823,6
RBT_085824,1
RBT_085825,7
RBT_085826,5
RBT_085827,2
RBT_085828,5
RBT_085829,7
RBT_085830,6
RBT_085831,4
RBT_085832,5
RBT_085833,6
RBT_085834,7
RBT_085835,7
RBT_085836,7
RBT_085837,5
RBT_085838,6
RBT_085839,4
RBT_085840,6
RBT_085841,4
RBT_085842,4
RBT_085843,5
RBT_085844,7
RBT_085845,2
RBT_085846,7
RBT_085847,5
RBT_085848,5
RBT_085849,6
RBT_085850,5
RBT_085851,7
RBT_085852,5
RBT_085853,4
RBT_085854,7
RBT_085855,7
RBT_085856,4
RBT_085857,3
RBT_085858,4
RBT_085859,7
RBT_085860,5
RBT_085861,6
RBT_085862,2
RBT_085863,6
RBT_085864,3
RBT_085865,5
RBT_085866,3
RBT_085867,3
RBT_085868,7
RBT_085869,4
RBT_085870,5
RBT_085871,1
RBT_085872,6
RBT_085873,6
RBT_085874,3
RBT_085875,1
RBT_085876,4
RBT_085877,5
RBT_085878,1
RBT_085879,2
RBT_085880,5
RBT_085881,3
RBT_085882,5
RBT_085883,3
RBT_085884,7
RBT_085885,5
RBT_085886,3
RBT_085887,2
RBT_085888,5
RBT_085889,6
RBT_085890,5
RBT_085891,3
RBT_085892,5
RBT_085893,4
RBT_085894,5
RBT_085895,5
RBT_085896,5
RBT_085897,6
RBT_085898,7
RBT_085899,6
RBT_085900,4
RBT_085901,5
RBT_085902,5
RBT_085903,3
RBT_085904,6
RBT_085905,5
RBT_085906,5
RBT_085907,4
RBT_085908,5
RBT_085909,3
RBT_085910,3
RBT_085911,6
RBT_085912,4
RBT_085913,1
RBT_085914,4
RBT_085915,4
RBT_085916,6
RBT_085917,6
RBT_085918,6
RBT_085919,6
RBT_085920,5
RBT_085921,6
RBT_085922,4
RBT_085923,1
RBT_085924,6
RBT_085925,2
RBT_085926,5
RBT_085927,3
RBT_085928,5
RBT_085929,7
RBT_085930,5
RBT_085931,3
RBT_085932,6
RBT_085933,6
RBT_085934,3
RBT_085935,6
RBT_085936,4
RBT_085937,6
RBT_085938,7
RBT_085939,1
RBT_085940,5
RBT_085941,3
RBT_085942,6
RBT_085943,7
RBT_085944,2
RBT_085945,1
RBT_085946,7
RBT_085947,7
RBT_085948,6
RBT_085949,7
RBT_085950,4
RBT_085951,7
RBT_085952,7
RBT_085953,2
RBT_085954,6
RBT_085955,6
RBT_085956,3
RBT_085957,6
RBT_085958,5
RBT_085959,6
RBT_085960,6
RBT_085961,7
RBT_085962,2
RBT_085963,6
RBT_085964,4
RBT_085965,6
RBT_085966,5
RBT_085967,5
RBT_085968,1
RBT_085969,5
RBT_085970,5
RBT_085971,4
RBT_085972,7
RBT_085973,7
RBT_085974,4
RBT_085975,5
RBT_085976,3
RBT_085977,5
RBT_085978,6
RBT_085979,2
RBT_085980,4
RBT_085981,2
RBT_085982,7
RBT_085983,5
RBT_085984,5
RBT_085985,4
RBT_085986,5
RBT_085987,7
RBT_085988,7
RBT_085989,2
RBT_085990,5
RBT_085991,3
RBT_085992,5
RBT_085993,5
RBT_085994,6
RBT_085995,6
RBT_085996,4
RBT_085997,5
RBT_085998,5
RBT_085999,7
RBT_086000,5
RBT_086001,6
RBT_086002,6
RBT_086003,7
RBT_086004,6
RBT_086005,4
RBT_086006,6
RBT_086007,5
RBT_086008,6
RBT_086009,7
RBT_086010,6
RBT_086011,7
RBT_086012,3
RBT_086013,4
RBT_086014,5
RBT_086015,1
RBT_086016,6
RBT_086017,4
RBT_086018,6
RBT_086019,6
RBT_086020,5
RBT_086021,6
RBT_086022,6
RBT_086023,5
RBT_086024,6
RBT_086025,5
RBT_086026,3
RBT_086027,6
RBT_086028,5
RBT_086029,4
RBT_086030,6
RBT_086031,4
RBT_086032,5
RBT_086033,5
RBT_086034,6
RBT_086035,5
RBT_086036,5
RBT_086037,1
RBT_086038,5
RBT_086039,5
RBT_086040,3
RBT_086041,4
RBT_086042,6
RBT_086043,5
RBT_086044,4
RBT_086045,7
RBT_086046,6
RBT_086047,2
RBT_086048,6
RBT_086049,4
RBT_086050,3
RBT_086051,2
RBT_086052,4
RBT_086053,5
RBT_086054,5
RBT_086055,1
RBT_086056,3
RBT_086057,5
RBT_086058,5
RBT_086059,1
RBT_086060,7
RBT_086061,6
RBT_086062,4
RBT_086063,5
RBT_086064,5
RBT_086065,5
RBT_086066,5
RBT_086067,5
RBT_086068,5
RBT_086069,5
RBT_086070,5
RBT_086071,4
RBT_086072,3
RBT_086073,1
RBT_086074,6
RBT_086075,7
RBT_086076,6
RBT_086077,3
RBT_086078,1
RBT_086079,6
RBT_086080,7
RBT_086081,7
RBT_086082,2
RBT_086083,6
RBT_086084,3
RBT_086085,6
RBT_086086,6
RBT_086087,1
RBT_086088,5
RBT_086089,1
RBT_086090,5
RBT_086091,1
RBT_086092,4
RBT_086093,5
RBT_086094,4
RBT_086095,5
RBT_086096,7
RBT_086097,3
RBT_086098,6
RBT_086099,5
RBT_086100,5
RBT_086101,4
RBT_086102,3
RBT_086103,5
RBT_086104,7
RBT_086105,7
RBT_086106,5
RBT_086107,5
RBT_086108,4
RBT_086109,6
RBT_086110,4
RBT_086111,6
RBT_086112,5
RBT_086113,6
RBT_086114,4
RBT_086115,6
RBT_086116,5
RBT_086117,4
RBT_086118,4
RBT_086119,6
RBT_086120,5
RBT_086121,5
RBT_086122,7
RBT_086123,5
RBT_086124,6
RBT_086125,4
RBT_086126,5
RBT_086127,1
RBT_086128,7
RBT_086129,3
RBT_086130,5
RBT_086131,6
RBT_086132,5
RBT_086133,1
RBT_086134,7
RBT_086135,1
RBT_086136,2
RBT_086137,3
RBT_086138,4
RBT_086139,7
RBT_086140,7
RBT_086141,5
RBT_086142,6
RBT_086143,6
RBT_086144,6
RBT_086145,6
RBT_086146,4
RBT_086147,4
RBT_086148,5
RBT_086149,1
RBT_086150,7
RBT_086151,6
RBT_086152,3
RBT_086153,4
RBT_086154,7
RBT_086155,6
RBT_086156,5
RBT_086157,3
RBT_086158,1
RBT_086159,5
RBT_086160,7
RBT_086161,2
RBT_086162,1
RBT_086163,4
RBT_086164,5
RBT_086165,7
RBT_086166,6
RBT_086167,6
RBT_086168,6
RBT_086169,4
RBT_086170,4
RBT_086171,2
RBT_086172,3
RBT_086173,7
RBT_086174,7
RBT_086175,1
RBT_086176,5
RBT_086177,4
RBT_086178,5
RBT_086179,4
RBT_086180,4
RBT_086181,6
RBT_086182,7
RBT_086183,3
RBT_086184,5
RBT_086185,5
RBT_086186,6
RBT_086187,3
RBT_086188,5
RBT_086189,6
RBT_086190,4
RBT_086191,1
RBT_086192,7
RBT_086193,6
RBT_086194,6
RBT_086195,2
RBT_086196,7
RBT_086197,5
RBT_086198,3
RBT_086199,5
RBT_086200,7
RBT_086201,7
RBT_086202,5
RBT_086203,7
RBT_086204,5
RBT_086205,1
RBT_086206,5
RBT_086207,5
RBT_086208,6
RBT_086209,2
RBT_086210,3
RBT_086211,5
RBT_086212,3
RBT_086213,5
RBT_086214,1
RBT_086215,5
RBT_086216,7
RBT_086217,6
RBT_086218,2
RBT_086219,5
RBT_086220,2
RBT_086221,1
RBT_086222,5
RBT_086223,5
RBT_086224,2
RBT_086225,4
RBT_086226,4
RBT_086227,4
RBT_086228,4
RBT_086229,6
RBT_086230,4
RBT_086231,5
RBT_086232,1
RBT_086233,6
RBT_086234,5
RBT_086235,4
RBT_086236,5
RBT_086237,6
RBT_086238,5
RBT_086239,4
RBT_086240,1
RBT_086241,7
RBT_086242,4
RBT_086243,5
RBT_086244,5
RBT_086245,5
RBT_086246,5
RBT_086247,7
RBT_086248,4
RBT_086249,7
RBT_086250,6
RBT_086251,7
RBT_086252,5
RBT_086253,2
RBT_086254,4
RBT_086255,4
RBT_086256,2
RBT_086257,2
RBT_086258,3
RBT_086259,4
RBT_086260,7
RBT_086261,5
RBT_086262,5
RBT_086263,6
RBT_086264,5
RBT_086265,5
RBT_086266,3
RBT_086267,7
RBT_086268,5
RBT_086269,5
RBT_086270,5
RBT_086271,6
RBT_086272,3
RBT_086273,4
RBT_086274,2
RBT_086275,3
RBT_086276,5
RBT_086277,5
RBT_086278,6
RBT_086279,7
RBT_086280,6
RBT_086281,4
RBT_086282,5
RBT_086283,5
RBT_086284,2
RBT_086285,7
RBT_086286,6
RBT_086287,7
RBT_086288,5
RBT_086289,5
RBT_086290,7
RBT_086291,5
RBT_086292,6
RBT_086293,3
RBT_086294,6
RBT_086295,6
RBT_086296,3
RBT_086297,6
RBT_086298,7
RBT_086299,7
RBT_086300,6
RBT_086301,7
RBT_086302,7
RBT_086303,7
RBT_086304,5
RBT_086305,5
RBT_086306,5
RBT_086307,3
RBT_086308,4
RBT_086309,5
RBT_086310,6
RBT_086311,5
RBT_086312,5
RBT_086313,7
RBT_086314,5
RBT_086315,5
RBT_086316,6
RBT_086317,4
RBT_086318,2
RBT_086319,6
RBT_086320,4
RBT_086321,5
RBT_086322,7
RBT_086323,5
RBT_086324,7
RBT_086325,3
RBT_086326,4
RBT_086327,6
RBT_086328,2
RBT_086329,5
RBT_086330,6
RBT_086331,6
RBT_086332,4
RBT_086333,4
RBT_086334,5
RBT_086335,6
RBT_086336,3
RBT_086337,5
RBT_086338,2
RBT_086339,5
RBT_086340,3
RBT_086341,4
RBT_086342,4
RBT_086343,6
RBT_086344,4
RBT_086345,5
RBT_086346,5
RBT_086347,6
RBT_086348,4
RBT_086349,7
RBT_086350,4
RBT_086351,5
RBT_086352,5
RBT_086353,5
RBT_086354,6
RBT_086355,2
RBT_086356,4
RBT_086357,5
RBT_086358,5
RBT_086359,4
RBT_086360,3
RBT_086361,5
RBT_086362,2
RBT_086363,6
RBT_086364,5
RBT_086365,5
RBT_086366,2
RBT_086367,2
RBT_086368,4
RBT_086369,6
RBT_086370,5
RBT_086371,5
RBT_086372,6
RBT_086373,3
RBT_086374,5
RBT_086375,6
RBT_086376,1
RBT_086377,3
RBT_086378,5
RBT_086379,7
RBT_086380,4
RBT_086381,3
RBT_086382,6
RBT_086383,5
RBT_086384,2
RBT_086385,5
RBT_086386,5
RBT_086387,2
RBT_086388,6
RBT_086389,4
RBT_086390,6
RBT_086391,4
RBT_086392,5
RBT_086393,7
RBT_086394,3
RBT_086395,1
RBT_086396,6
RBT_086397,1
RBT_086398,7
RBT_086399,6
RBT_086400,5
RBT_086401,6
RBT_086402,2
RBT_086403,6
RBT_086404,6
RBT_086405,1
RBT_086406,6
RBT_086407,7
RBT_086408,7
RBT_086409,7
RBT_086410,5
RBT_086411,3
RBT_086412,4
RBT_086413,6
RBT_086414,4
RBT_086415,6
RBT_086416,6
RBT_086417,7
RBT_086418,4
RBT_086419,6
RBT_086420,3
RBT_086421,4
RBT_086422,6
RBT_086423,6
RBT_086424,4
RBT_086425,7
RBT_086426,4
RBT_086427,5
RBT_086428,6
RBT_086429,5
RBT_086430,5
RBT_086431,3
RBT_086432,3
RBT_086433,3
RBT_086434,5
RBT_086435,5
RBT_086436,6
RBT_086437,3
RBT_086438,6
RBT_086439,7
RBT_086440,5
RBT_086441,4
RBT_086442,4
RBT_086443,5
RBT_086444,4
RBT_086445,5
RBT_086446,7
RBT_086447,6
RBT_086448,1
RBT_086449,6
RBT_086450,5
RBT_086451,5
RBT_086452,4
RBT_086453,5
RBT_086454,5
RBT_086455,5
RBT_086456,6
RBT_086457,4
RBT_086458,5
RBT_086459,6
RBT_086460,7
RBT_086461,5
RBT_086462,5
RBT_086463,6
RBT_086464,3
RBT_086465,5
RBT_086466,2
RBT_086467,5
RBT_086468,6
RBT_086469,2
RBT_086470,6
RBT_086471,2
RBT_086472,3
RBT_086473,7
RBT_086474,2
RBT_086475,5
RBT_086476,4
RBT_086477,4
RBT_086478,5
RBT_086479,2
RBT_086480,5
RBT_086481,7
RBT_086482,6
RBT_086483,6
RBT_086484,4
RBT_086485,6
RBT_086486,6
RBT_086487,7
RBT_086488,4
RBT_086489,7
RBT_086490,4
RBT_086491,1
RBT_086492,5
RBT_086493,6
RBT_086494,3
RBT_086495,1
RBT_086496,5
RBT_086497,2
RBT_086498,5
RBT_086499,7
RBT_086500,6
RBT_086501,5
RBT_086502,5
RBT_086503,7
RBT_086504,7
RBT_086505,4
RBT_086506,4
RBT_086507,6
RBT_086508,4
RBT_086509,5
RBT_086510,5
RBT_086511,3
RBT_086512,7
RBT_086513,7
RBT_086514,4
RBT_086515,7
RBT_086516,6
RBT_086517,7
RBT_086518,7
RBT_086519,3
RBT_086520,5
RBT_086521,4
RBT_086522,3
RBT_086523,5
RBT_086524,5
RBT_086525,4
RBT_086526,4
RBT_086527,2
RBT_086528,3
RBT_086529,4
RBT_086530,7
RBT_086531,7
RBT_086532,4
RBT_086533,6
RBT_086534,6
RBT_086535,5
RBT_086536,6
RBT_086537,7
RBT_086538,3
RBT_086539,2
RBT_086540,5
RBT_086541,5
RBT_086542,4
RBT_086543,7
RBT_086544,6
RBT_086545,5
RBT_086546,6
RBT_086547,6
RBT_086548,4
RBT_086549,2
RBT_086550,6
RBT_086551,2
RBT_086552,5
RBT_086553,3
RBT_086554,7
RBT_086555,3
RBT_086556,2
RBT_086557,6
RBT_086558,3
RBT_086559,3
RBT_086560,3
RBT_086561,5
RBT_086562,3
RBT_086563,4
RBT_086564,6
RBT_086565,3
RBT_086566,6
RBT_086567,5
RBT_086568,6
RBT_086569,5
RBT_086570,5
RBT_086571,6
RBT_086572,1
RBT_086573,5
RBT_086574,2
RBT_086575,5
RBT_086576,6
RBT_086577,5
RBT_086578,5
RBT_086579,3
RBT_086580,5
RBT_086581,3
RBT_086582,7
RBT_086583,5
RBT_086584,6
RBT_086585,7
RBT_086586,3
RBT_086587,1
RBT_086588,5
RBT_086589,6
RBT_086590,3
RBT_086591,6
RBT_086592,6
RBT_086593,5
RBT_086594,7
RBT_086595,5
RBT_086596,4
RBT_086597,1
RBT_086598,7
RBT_086599,2
RBT_086600,4
RBT_086601,6
RBT_086602,1
RBT_086603,5
RBT_086604,3
RBT_086605,1
RBT_086606,5
RBT_086607,5
RBT_086608,5
RBT_086609,5
RBT_086610,5
RBT_086611,5
RBT_086612,3
RBT_086613,2
RBT_086614,6
RBT_086615,6
RBT_086616,2
RBT_086617,4
RBT_086618,6
RBT_086619,7
RBT_086620,6
RBT_086621,5
RBT_086622,6
RBT_086623,5
RBT_086624,6
RBT_086625,6
RBT_086626,4
RBT_086627,6
RBT_086628,3
RBT_086629,3
RBT_086630,6
RBT_086631,5
RBT_086632,5
RBT_086633,4
RBT_086634,7
RBT_086635,6
RBT_086636,5
RBT_086637,5
RBT_086638,6
RBT_086639,6
RBT_086640,6
RBT_086641,3
RBT_086642,5
RBT_086643,3
RBT_086644,5
RBT_086645,3
RBT_086646,6
RBT_086647,5
RBT_086648,7
RBT_086649,7
RBT_086650,7
RBT_086651,3
RBT_086652,4
RBT_086653,5
RBT_086654,6
RBT_086655,1
RBT_086656,7
RBT_086657,4
RBT_086658,5
RBT_086659,7
RBT_086660,7
RBT_086661,1
RBT_086662,6
RBT_086663,5
RBT_086664,5
RBT_086665,6
RBT_086666,1
RBT_086667,3
RBT_086668,3
RBT_086669,5
RBT_086670,2
RBT_086671,6
RBT_086672,5
RBT_086673,6
RBT_086674,7
RBT_086675,4
RBT_086676,5
RBT_086677,2
RBT_086678,4
RBT_086679,5
RBT_086680,3
RBT_086681,5
RBT_086682,4
RBT_086683,7
RBT_086684,4
RBT_086685,1
RBT_086686,5
RBT_086687,3
RBT_086688,5
RBT_086689,4
RBT_086690,7
RBT_086691,4
RBT_086692,5
RBT_086693,6
RBT_086694,5
RBT_086695,4
RBT_086696,7
RBT_086697,1
RBT_086698,6
RBT_086699,6
RBT_086700,5
RBT_086701,3
RBT_086702,5
RBT_086703,5
RBT_086704,6
RBT_086705,1
RBT_086706,5
RBT_086707,6
RBT_086708,6
RBT_086709,4
RBT_086710,6
RBT_086711,5
RBT_086712,7
RBT_086713,3
RBT_086714,5
RBT_086715,1
RBT_086716,6
RBT_086717,6
RBT_086718,5
RBT_086719,5
RBT_086720,4
RBT_086721,3
RBT_086722,5
RBT_086723,4
RBT_086724,5
RBT_086725,6
RBT_086726,6
RBT_086727,5
RBT_086728,7
RBT_086729,3
RBT_086730,5
RBT_086731,3
RBT_086732,5
RBT_086733,6
RBT_086734,5
RBT_086735,5
RBT_086736,2
RBT_086737,1
RBT_086738,7
RBT_086739,7
RBT_086740,1
RBT_086741,3
RBT_086742,6
RBT_086743,7
RBT_086744,5
RBT_086745,3
RBT_086746,4
RBT_086747,6
RBT_086748,5
RBT_086749,1
RBT_086750,4
RBT_086751,6
RBT_086752,4
RBT_086753,5
RBT_086754,7
RBT_086755,7
RBT_086756,6
RBT_086757,4
RBT_086758,4
RBT_086759,4
RBT_086760,3
RBT_086761,3
RBT_086762,4
RBT_086763,5
RBT_086764,5
RBT_086765,5
RBT_086766,3
RBT_086767,5
RBT_086768,3
RBT_086769,3
RBT_086770,5
RBT_086771,5
RBT_086772,6
RBT_086773,6
RBT_086774,4
RBT_086775,5
RBT_086776,3
RBT_086777,5
RBT_086778,5
RBT_086779,6
RBT_086780,2
RBT_086781,2
RBT_086782,2
RBT_086783,5
RBT_086784,5
RBT_086785,1
RBT_086786,5
RBT_086787,6
RBT_086788,2
RBT_086789,4
RBT_086790,6
RBT_086791,6
RBT_086792,4
RBT_086793,6
RBT_086794,7
RBT_086795,4
RBT_086796,6
RBT_086797,2
RBT_086798,1
RBT_086799,5
RBT_086800,5
RBT_086801,6
RBT_086802,6
RBT_086803,4
RBT_086804,5
RBT_086805,6
RBT_086806,4
RBT_086807,5
RBT_086808,1
RBT_086809,3
RBT_086810,5
RBT_086811,5
RBT_086812,3
RBT_086813,1
RBT_086814,3
RBT_086815,6
RBT_086816,2
RBT_086817,5
RBT_086818,4
RBT_086819,5
RBT_086820,5
RBT_086821,7
RBT_086822,7
RBT_086823,7
RBT_086824,5
RBT_086825,6
RBT_086826,7
RBT_086827,1
RBT_086828,7
RBT_086829,3
RBT_086830,6
RBT_086831,6
RBT_086832,2
RBT_086833,7
RBT_086834,7
RBT_086835,5
RBT_086836,3
RBT_086837,5
RBT_086838,5
RBT_086839,7
RBT_086840,5
RBT_086841,6
RBT_086842,5
RBT_086843,5
RBT_086844,5
RBT_086845,5
RBT_086846,4
RBT_086847,6
RBT_086848,3
RBT_086849,5
RBT_086850,1
RBT_086851,4
RBT_086852,5
RBT_086853,2
RBT_086854,5
RBT_086855,7
RBT_086856,6
RBT_086857,2
RBT_086858,6
RBT_086859,7
RBT_086860,3
RBT_086861,7
RBT_086862,5
RBT_086863,7
RBT_086864,7
RBT_086865,6
RBT_086866,4
RBT_086867,7
RBT_086868,5
RBT_086869,5
RBT_086870,5
RBT_086871,5
RBT_086872,7
RBT_086873,6
RBT_086874,1
RBT_086875,1
RBT_086876,2
RBT_086877,5
RBT_086878,6
RBT_086879,5
RBT_086880,5
RBT_086881,5
RBT_086882,6
RBT_086883,4
RBT_086884,4
RBT_086885,5
RBT_086886,1
RBT_086887,7
RBT_086888,6
RBT_086889,6
RBT_086890,5
RBT_086891,6
RBT_086892,7
RBT_086893,4
RBT_086894,5
RBT_086895,6
RBT_086896,5
RBT_086897,6
RBT_086898,4
RBT_086899,4
RBT_086900,5
RBT_086901,3
RBT_086902,1
RBT_086903,4
RBT_086904,3
RBT_086905,1
RBT_086906,6
RBT_086907,5
RBT_086908,5
RBT_086909,3
RBT_086910,5
RBT_086911,2
RBT_086912,7
RBT_086913,2
RBT_086914,2
RBT_086915,5
RBT_086916,5
RBT_086917,7
RBT_086918,6
RBT_086919,6
RBT_086920,6
RBT_086921,3
RBT_086922,2
RBT_086923,2
RBT_086924,6
RBT_086925,5
RBT_086926,7
RBT_086927,5
RBT_086928,5
RBT_086929,2
RBT_086930,4
RBT_086931,3
RBT_086932,5
RBT_086933,2
RBT_086934,6
RBT_086935,6
RBT_086936,6
RBT_086937,7
RBT_086938,5
RBT_086939,6
RBT_086940,2
RBT_086941,7
RBT_086942,3
RBT_086943,5
RBT_086944,7
RBT_086945,3
RBT_086946,1
RBT_086947,5
RBT_086948,3
RBT_086949,5
RBT_086950,5
RBT_086951,2
RBT_086952,7
RBT_086953,1
RBT_086954,5
RBT_086955,4
RBT_086956,1
RBT_086957,3
RBT_086958,6
RBT_086959,1
RBT_086960,1
RBT_086961,5
RBT_086962,2
RBT_086963,4
RBT_086964,1
RBT_086965,4
RBT_086966,4
RBT_086967,5
RBT_086968,5
RBT_086969,5
RBT_086970,7
RBT_086971,7
RBT_086972,7
RBT_086973,1
RBT_086974,7
RBT_086975,4
RBT_086976,4
RBT_086977,5
RBT_086978,6
RBT_086979,7
RBT_086980,5
RBT_086981,3
RBT_086982,3
RBT_086983,5
RBT_086984,5
RBT_086985,4
RBT_086986,6
RBT_086987,4
RBT_086988,5
RBT_086989,5
RBT_086990,7
RBT_086991,4
RBT_086992,4
RBT_086993,6
RBT_086994,4
RBT_086995,2
RBT_086996,5
RBT_086997,6
RBT_086998,7
RBT_086999,6
RBT_087000,6
RBT_087001,5
RBT_087002,6
RBT_087003,2
RBT_087004,5
RBT_087005,5
RBT_087006,1
RBT_087007,6
RBT_087008,3
RBT_087009,4
RBT_087010,6
RBT_087011,6
RBT_087012,5
RBT_087013,5
RBT_087014,5
RBT_087015,1
RBT_087016,6
RBT_087017,5
RBT_087018,4
RBT_087019,2
RBT_087020,6
RBT_087021,7
RBT_087022,5
RBT_087023,2
RBT_087024,7
RBT_087025,5
RBT_087026,2
RBT_087027,3
RBT_087028,2
RBT_087029,3
RBT_087030,3
RBT_087031,7
RBT_087032,3
RBT_087033,5
RBT_087034,6
RBT_087035,5
RBT_087036,7
RBT_087037,7
RBT_087038,5
RBT_087039,6
RBT_087040,5
RBT_087041,5
RBT_087042,2
RBT_087043,5
RBT_087044,4
RBT_087045,2
RBT_087046,2
RBT_087047,6
RBT_087048,3
RBT_087049,6
RBT_087050,7
RBT_087051,5
RBT_087052,6
RBT_087053,5
RBT_087054,6
RBT_087055,5
RBT_087056,7
RBT_087057,7
RBT_087058,5
RBT_087059,3
RBT_087060,6
RBT_087061,5
RBT_087062,7
RBT_087063,6
RBT_087064,6
RBT_087065,5
RBT_087066,5
RBT_087067,7
RBT_087068,5
RBT_087069,5
RBT_087070,3
RBT_087071,4
RBT_087072,1
RBT_087073,5
RBT_087074,5
RBT_087075,5
RBT_087076,7
RBT_087077,6
RBT_087078,4
RBT_087079,4
RBT_087080,5
RBT_087081,5
RBT_087082,4
RBT_087083,5
RBT_087084,4
RBT_087085,7
RBT_087086,4
RBT_087087,5
RBT_087088,6
RBT_087089,3
RBT_087090,4
RBT_087091,5
RBT_087092,2
RBT_087093,3
RBT_087094,5
RBT_087095,6
RBT_087096,6
RBT_087097,6
RBT_087098,6
RBT_087099,5
RBT_087100,5
RBT_087101,7
RBT_087102,6
RBT_087103,4
RBT_087104,5
RBT_087105,4
RBT_087106,5
RBT_087107,4
RBT_087108,3
RBT_087109,5
RBT_087110,6
RBT_087111,5
RBT_087112,3
RBT_087113,5
RBT_087114,7
RBT_087115,6
RBT_087116,4
RBT_087117,6
RBT_087118,6
RBT_087119,7
RBT_087120,5
RBT_087121,5
RBT_087122,2
RBT_087123,6
RBT_087124,2
RBT_087125,6
RBT_087126,5
RBT_087127,6
RBT_087128,5
RBT_087129,5
RBT_087130,5
RBT_087131,2
RBT_087132,1
RBT_087133,5
RBT_087134,7
RBT_087135,5
RBT_087136,6
RBT_087137,6
RBT_087138,3
RBT_087139,5
RBT_087140,5
RBT_087141,3
RBT_087142,4
RBT_087143,5
RBT_087144,6
RBT_087145,5
RBT_087146,4
RBT_087147,7
RBT_087148,1
RBT_087149,6
RBT_087150,7
RBT_087151,5
RBT_087152,5
RBT_087153,3
RBT_087154,5
RBT_087155,5
RBT_087156,6
RBT_087157,6
RBT_087158,3
RBT_087159,5
RBT_087160,6
RBT_087161,5
RBT_087162,5
RBT_087163,7
RBT_087164,7
RBT_087165,4
RBT_087166,3
RBT_087167,6
RBT_087168,4
RBT_087169,7
RBT_087170,4
RBT_087171,1
RBT_087172,6
RBT_087173,1
RBT_087174,3
RBT_087175,5
RBT_087176,1
RBT_087177,1
RBT_087178,3
RBT_087179,6
RBT_087180,7
RBT_087181,2
RBT_087182,5
RBT_087183,5
RBT_087184,2
RBT_087185,1
RBT_087186,3
RBT_087187,6
RBT_087188,6
RBT_087189,5
RBT_087190,1
RBT_087191,1
RBT_087192,6
RBT_087193,1
RBT_087194,5
RBT_087195,3
RBT_087196,2
RBT_087197,4
RBT_087198,7
RBT_087199,6
RBT_087200,3
RBT_087201,2
RBT_087202,5
RBT_087203,1
RBT_087204,4
RBT_087205,6
RBT_087206,5
RBT_087207,7
RBT_087208,6
RBT_087209,5
RBT_087210,6
RBT_087211,2
RBT_087212,3
RBT_087213,6
RBT_087214,1
RBT_087215,1
RBT_087216,4
RBT_087217,6
RBT_087218,7
RBT_087219,5
RBT_087220,7
RBT_087221,6
RBT_087222,3
RBT_087223,5
RBT_087224,5
RBT_087225,3
RBT_087226,5
RBT_087227,6
RBT_087228,4
RBT_087229,7
RBT_087230,6
RBT_087231,3
RBT_087232,3
RBT_087233,6
RBT_087234,4
RBT_087235,4
RBT_087236,6
RBT_087237,5
RBT_087238,7
RBT_087239,5
RBT_087240,6
RBT_087241,5
RBT_087242,5
RBT_087243,5
RBT_087244,6
RBT_087245,1
RBT_087246,5
RBT_087247,3
RBT_087248,7
RBT_087249,5
RBT_087250,2
RBT_087251,1
RBT_087252,6
RBT_087253,6
RBT_087254,5
RBT_087255,2
RBT_087256,5
RBT_087257,6
RBT_087258,4
RBT_087259,6
RBT_087260,6
RBT_087261,4
RBT_087262,5
RBT_087263,5
RBT_087264,4
RBT_087265,5
RBT_087266,4
RBT_087267,5
RBT_087268,1
RBT_087269,2
RBT_087270,3
RBT_087271,4
RBT_087272,2
RBT_087273,5
RBT_087274,4
RBT_087275,4
RBT_087276,5
RBT_087277,6
RBT_087278,6
RBT_087279,7
RBT_087280,7
RBT_087281,1
RBT_087282,6
RBT_087283,2
RBT_087284,7
RBT_087285,3
RBT_087286,4
RBT_087287,7
RBT_087288,6
RBT_087289,1
RBT_087290,1
RBT_087291,6
RBT_087292,2
RBT_087293,6
RBT_087294,7
RBT_087295,1
RBT_087296,3
RBT_087297,1
RBT_087298,2
RBT_087299,5
RBT_087300,7
RBT_087301,5
RBT_087302,6
RBT_087303,3
RBT_087304,4
RBT_087305,5
RBT_087306,6
RBT_087307,4
RBT_087308,7
RBT_087309,1
RBT_087310,6
RBT_087311,4
RBT_087312,6
RBT_087313,7
RBT_087314,6
RBT_087315,4
RBT_087316,5
RBT_087317,5
RBT_087318,5
RBT_087319,6
RBT_087320,6
RBT_087321,1
RBT_087322,3
RBT_087323,4
RBT_087324,5
RBT_087325,3
RBT_087326,5
RBT_087327,5
RBT_087328,4
RBT_087329,6
RBT_087330,6
RBT_087331,4
RBT_087332,6
RBT_087333,6
RBT_087334,5
RBT_087335,5
RBT_087336,7
RBT_087337,6
RBT_087338,3
RBT_087339,6
RBT_087340,1
RBT_087341,1
RBT_087342,4
RBT_087343,5
RBT_087344,4
RBT_087345,4
RBT_087346,3
RBT_087347,5
RBT_087348,6
RBT_087349,4
RBT_087350,5
RBT_087351,6
RBT_087352,6
RBT_087353,5
RBT_087354,2
RBT_087355,7
RBT_087356,4
RBT_087357,4
RBT_087358,6
RBT_087359,6
RBT_087360,6
RBT_087361,1
RBT_087362,6
RBT_087363,7
RBT_087364,5
RBT_087365,3
RBT_087366,4
RBT_087367,3
RBT_087368,7
RBT_087369,6
RBT_087370,5
RBT_087371,6
RBT_087372,5
RBT_087373,2
RBT_087374,4
RBT_087375,7
RBT_087376,6
RBT_087377,7
RBT_087378,2
RBT_087379,4
RBT_087380,2
RBT_087381,6
RBT_087382,3
RBT_087383,4
RBT_087384,3
RBT_087385,7
RBT_087386,5
RBT_087387,6
RBT_087388,5
RBT_087389,4
RBT_087390,5
RBT_087391,4
RBT_087392,5
RBT_087393,4
RBT_087394,6
RBT_087395,5
RBT_087396,5
RBT_087397,6
RBT_087398,4
RBT_087399,4
RBT_087400,5
RBT_087401,1
RBT_087402,3
RBT_087403,2
RBT_087404,6
RBT_087405,4
RBT_087406,5
RBT_087407,5
RBT_087408,7
RBT_087409,6
RBT_087410,1
RBT_087411,4
RBT_087412,1
RBT_087413,2
RBT_087414,2
RBT_087415,5
RBT_087416,4
RBT_087417,3
RBT_087418,5
RBT_087419,6
RBT_087420,4
RBT_087421,5
RBT_087422,5
RBT_087423,5
RBT_087424,5
RBT_087425,4
RBT_087426,5
RBT_087427,2
RBT_087428,5
RBT_087429,6
RBT_087430,7
RBT_087431,3
RBT_087432,5
RBT_087433,5
RBT_087434,7
RBT_087435,5
RBT_087436,3
RBT_087437,3
RBT_087438,3
RBT_087439,6
RBT_087440,5
RBT_087441,5
RBT_087442,5
RBT_087443,4
RBT_087444,7
RBT_087445,6
RBT_087446,1
RBT_087447,4
RBT_087448,7
RBT_087449,5
RBT_087450,7
RBT_087451,7
RBT_087452,6
RBT_087453,3
RBT_087454,2
RBT_087455,5
RBT_087456,5
RBT_087457,3
RBT_087458,6
RBT_087459,6
RBT_087460,5
RBT_087461,5
RBT_087462,5
RBT_087463,1
RBT_087464,2
RBT_087465,6
RBT_087466,5
RBT_087467,5
RBT_087468,5
RBT_087469,5
RBT_087470,1
RBT_087471,6
RBT_087472,4
RBT_087473,3
RBT_087474,1
RBT_087475,1
RBT_087476,1
RBT_087477,3
RBT_087478,4
RBT_087479,4
RBT_087480,5
RBT_087481,4
RBT_087482,5
RBT_087483,6
RBT_087484,5
RBT_087485,5
RBT_087486,2
RBT_087487,4
RBT_087488,6
RBT_087489,7
RBT_087490,5
RBT_087491,4
RBT_087492,4
RBT_087493,5
RBT_087494,5
RBT_087495,4
RBT_087496,4
RBT_087497,6
RBT_087498,5
RBT_087499,6
RBT_087500,7
RBT_087501,6
RBT_087502,1
RBT_087503,2
RBT_087504,7
RBT_087505,2
RBT_087506,5
RBT_087507,3
RBT_087508,5
RBT_087509,2
RBT_087510,2
RBT_087511,5
RBT_087512,4
RBT_087513,5
RBT_087514,5
RBT_087515,5
RBT_087516,6
RBT_087517,7
RBT_087518,3
RBT_087519,2
RBT_087520,6
RBT_087521,6
RBT_087522,6
RBT_087523,3
RBT_087524,3
RBT_087525,5
RBT_087526,3
RBT_087527,4
RBT_087528,6
RBT_087529,4
RBT_087530,1
RBT_087531,5
RBT_087532,3
RBT_087533,3
RBT_087534,1
RBT_087535,5
RBT_087536,5
RBT_087537,2
RBT_087538,1
RBT_087539,5
RBT_087540,6
RBT_087541,7
RBT_087542,2
RBT_087543,6
RBT_087544,3
RBT_087545,1
RBT_087546,5
RBT_087547,5
RBT_087548,5
RBT_087549,1
RBT_087550,7
RBT_087551,1
RBT_087552,3
RBT_087553,5
RBT_087554,7
RBT_087555,7
RBT_087556,1
RBT_087557,3
RBT_087558,5
RBT_087559,6
RBT_087560,5
RBT_087561,4
RBT_087562,3
RBT_087563,1
RBT_087564,6
RBT_087565,5
RBT_087566,6
RBT_087567,4
RBT_087568,6
RBT_087569,2
RBT_087570,6
RBT_087571,7
RBT_087572,4
RBT_087573,3
RBT_087574,3
RBT_087575,6
RBT_087576,5
RBT_087577,4
RBT_087578,7
RBT_087579,5
RBT_087580,6
RBT_087581,6
RBT_087582,4
RBT_087583,6
RBT_087584,5
RBT_087585,5
RBT_087586,5
RBT_087587,6
RBT_087588,6
RBT_087589,3
RBT_087590,3
RBT_087591,6
RBT_087592,1
RBT_087593,4
RBT_087594,5
RBT_087595,3
RBT_087596,6
RBT_087597,7
RBT_087598,7
RBT_087599,2
RBT_087600,2
RBT_087601,5
RBT_087602,6
RBT_087603,4
RBT_087604,4
RBT_087605,4
RBT_087606,5
RBT_087607,5
RBT_087608,5
RBT_087609,7
RBT_087610,4
RBT_087611,5
RBT_087612,6
RBT_087613,4
RBT_087614,7
RBT_087615,5
RBT_087616,4
RBT_087617,5
RBT_087618,5
RBT_087619,4
RBT_087620,2
RBT_087621,5
RBT_087622,7
RBT_087623,6
RBT_087624,5
RBT_087625,6
RBT_087626,7
RBT_087627,4
RBT_087628,5
RBT_087629,4
RBT_087630,1
RBT_087631,4
RBT_087632,2
RBT_087633,6
RBT_087634,5
RBT_087635,4
RBT_087636,4
RBT_087637,5
RBT_087638,6
RBT_087639,6
RBT_087640,1
RBT_087641,6
RBT_087642,7
RBT_087643,2
RBT_087644,5
RBT_087645,4
RBT_087646,3
RBT_087647,5
RBT_087648,5
RBT_087649,5
RBT_087650,7
RBT_087651,4
RBT_087652,5
RBT_087653,5
RBT_087654,6
RBT_087655,3
RBT_087656,2
RBT_087657,7
RBT_087658,5
RBT_087659,7
RBT_087660,5
RBT_087661,5
RBT_087662,6
RBT_087663,7
RBT_087664,2
RBT_087665,2
RBT_087666,5
RBT_087667,1
RBT_087668,6
RBT_087669,7
RBT_087670,6
RBT_087671,4
RBT_087672,6
RBT_087673,6
RBT_087674,2
RBT_087675,5
RBT_087676,7
RBT_087677,4
RBT_087678,5
RBT_087679,1
RBT_087680,6
RBT_087681,3
RBT_087682,5
RBT_087683,5
RBT_087684,5
RBT_087685,4
RBT_087686,5
RBT_087687,5
RBT_087688,5
RBT_087689,5
RBT_087690,3
RBT_087691,6
RBT_087692,6
RBT_087693,4
RBT_087694,5
RBT_087695,3
RBT_087696,5
RBT_087697,3
RBT_087698,5
RBT_087699,3
RBT_087700,3
RBT_087701,2
RBT_087702,4
RBT_087703,6
RBT_087704,5
RBT_087705,6
RBT_087706,2
RBT_087707,4
RBT_087708,5
RBT_087709,6
RBT_087710,5
RBT_087711,5
RBT_087712,4
RBT_087713,6
RBT_087714,7
RBT_087715,5
RBT_087716,1
RBT_087717,4
RBT_087718,6
RBT_087719,5
RBT_087720,5
RBT_087721,5
RBT_087722,7
RBT_087723,5
RBT_087724,5
RBT_087725,2
RBT_087726,6
RBT_087727,4
RBT_087728,6
RBT_087729,1
RBT_087730,6
RBT_087731,7
RBT_087732,5
RBT_087733,5
RBT_087734,5
RBT_087735,7
RBT_087736,5
RBT_087737,2
RBT_087738,5
RBT_087739,5
RBT_087740,6
RBT_087741,4
RBT_087742,7
RBT_087743,6
RBT_087744,4
RBT_087745,4
RBT_087746,6
RBT_087747,2
RBT_087748,6
RBT_087749,5
RBT_087750,3
RBT_087751,1
RBT_087752,2
RBT_087753,7
RBT_087754,2
RBT_087755,4
RBT_087756,7
RBT_087757,6
RBT_087758,6
RBT_087759,3
RBT_087760,3
RBT_087761,2
RBT_087762,7
RBT_087763,2
RBT_087764,5
RBT_087765,5
RBT_087766,6
RBT_087767,5
RBT_087768,1
RBT_087769,6
RBT_087770,5
RBT_087771,5
RBT_087772,4
RBT_087773,7
RBT_087774,2
RBT_087775,3
RBT_087776,1
RBT_087777,2
RBT_087778,6
RBT_087779,6
RBT_087780,2
RBT_087781,6
RBT_087782,5
RBT_087783,4
RBT_087784,2
RBT_087785,5
RBT_087786,6
RBT_087787,5
RBT_087788,5
RBT_087789,6
RBT_087790,3
RBT_087791,3
RBT_087792,6
RBT_087793,5
RBT_087794,7
RBT_087795,4
RBT_087796,3
RBT_087797,5
RBT_087798,5
RBT_087799,7
RBT_087800,7
RBT_087801,5
RBT_087802,6
RBT_087803,5
RBT_087804,6
RBT_087805,5
RBT_087806,4
RBT_087807,6
RBT_087808,7
RBT_087809,7
RBT_087810,3
RBT_087811,6
RBT_087812,7
RBT_087813,6
RBT_087814,5
RBT_087815,1
RBT_087816,6
RBT_087817,5
RBT_087818,7
RBT_087819,5
RBT_087820,4
RBT_087821,6
RBT_087822,3
RBT_087823,3
RBT_087824,5
RBT_087825,4
RBT_087826,1
RBT_087827,5
RBT_087828,5
RBT_087829,6
RBT_087830,4
RBT_087831,5
RBT_087832,5
RBT_087833,2
RBT_087834,3
RBT_087835,5
RBT_087836,4
RBT_087837,5
RBT_087838,5
RBT_087839,5
RBT_087840,6
RBT_087841,5
RBT_087842,5
RBT_087843,2
RBT_087844,5
RBT_087845,3
RBT_087846,4
RBT_087847,6
RBT_087848,3
RBT_087849,5
RBT_087850,2
RBT_087851,5
RBT_087852,7
RBT_087853,7
RBT_087854,7
RBT_087855,5
RBT_087856,4
RBT_087857,4
RBT_087858,3
RBT_087859,3
RBT_087860,3
RBT_087861,5
RBT_087862,1
RBT_087863,7
RBT_087864,5
RBT_087865,3
RBT_087866,5
RBT_087867,4
RBT_087868,6
RBT_087869,2
RBT_087870,5
RBT_087871,5
RBT_087872,4
RBT_087873,4
RBT_087874,5
RBT_087875,6
RBT_087876,2
RBT_087877,6
RBT_087878,2
RBT_087879,4
RBT_087880,5
RBT_087881,5
RBT_087882,2
RBT_087883,5
RBT_087884,5
RBT_087885,5
RBT_087886,5
RBT_087887,3
RBT_087888,7
RBT_087889,6
RBT_087890,6
RBT_087891,5
RBT_087892,6
RBT_087893,5
RBT_087894,5
RBT_087895,5
RBT_087896,5
RBT_087897,1
RBT_087898,7
RBT_087899,5
RBT_087900,4
RBT_087901,5
RBT_087902,2
RBT_087903,6
RBT_087904,7
RBT_087905,6
RBT_087906,5
RBT_087907,6
RBT_087908,6
RBT_087909,4
RBT_087910,1
RBT_087911,6
RBT_087912,2
RBT_087913,6
RBT_087914,5
RBT_087915,5
RBT_087916,4
RBT_087917,5
RBT_087918,4
RBT_087919,3
RBT_087920,6
RBT_087921,2
RBT_087922,5
RBT_087923,5
RBT_087924,7
RBT_087925,6
RBT_087926,5
RBT_087927,6
RBT_087928,6
RBT_087929,1
RBT_087930,7
RBT_087931,6
RBT_087932,5
RBT_087933,6
RBT_087934,3
RBT_087935,1
RBT_087936,5
RBT_087937,6
RBT_087938,5
RBT_087939,4
RBT_087940,4
RBT_087941,6
RBT_087942,5
RBT_087943,5
RBT_087944,1
RBT_087945,5
RBT_087946,1
RBT_087947,6
RBT_087948,5
RBT_087949,3
RBT_087950,7
RBT_087951,1
RBT_087952,3
RBT_087953,4
RBT_087954,6
RBT_087955,6
RBT_087956,7
RBT_087957,6
RBT_087958,4
RBT_087959,3
RBT_087960,6
RBT_087961,7
RBT_087962,7
RBT_087963,6
RBT_087964,6
RBT_087965,5
RBT_087966,6
RBT_087967,2
RBT_087968,4
RBT_087969,5
RBT_087970,5
RBT_087971,5
RBT_087972,4
RBT_087973,4
RBT_087974,5
RBT_087975,2
RBT_087976,6
RBT_087977,7
RBT_087978,1
RBT_087979,5
RBT_087980,6
RBT_087981,5
RBT_087982,4
RBT_087983,7
RBT_087984,5
RBT_087985,4
RBT_087986,5
RBT_087987,5
RBT_087988,5
RBT_087989,6
RBT_087990,4
RBT_087991,4
RBT_087992,6
RBT_087993,4
RBT_087994,3
RBT_087995,5
RBT_087996,5
RBT_087997,5
RBT_087998,5
RBT_087999,4
RBT_088000,6
RBT_088001,5
RBT_088002,4
RBT_088003,6
RBT_088004,1
RBT_088005,7
RBT_088006,5
RBT_088007,6
RBT_088008,4
RBT_088009,6
RBT_088010,5
RBT_088011,5
RBT_088012,5
RBT_088013,7
RBT_088014,1
RBT_088015,2
RBT_088016,6
RBT_088017,5
RBT_088018,5
RBT_088019,3
RBT_088020,5
RBT_088021,5
RBT_088022,2
RBT_088023,7
RBT_088024,6
RBT_088025,6
RBT_088026,6
RBT_088027,1
RBT_088028,5
RBT_088029,6
RBT_088030,3
RBT_088031,5
RBT_088032,7
RBT_088033,5
RBT_088034,5
RBT_088035,4
RBT_088036,5
RBT_088037,6
RBT_088038,5
RBT_088039,7
RBT_088040,4
RBT_088041,5
RBT_088042,5
RBT_088043,2
RBT_088044,3
RBT_088045,4
RBT_088046,1
RBT_088047,4
RBT_088048,4
RBT_088049,5
RBT_088050,4
RBT_088051,7
RBT_088052,5
RBT_088053,5
RBT_088054,1
RBT_088055,5
RBT_088056,5
RBT_088057,4
RBT_088058,4
RBT_088059,3
RBT_088060,5
RBT_088061,2
RBT_088062,5
RBT_088063,6
RBT_088064,3
RBT_088065,2
RBT_088066,2
RBT_088067,7
RBT_088068,2
RBT_088069,5
RBT_088070,5
RBT_088071,6
RBT_088072,7
RBT_088073,4
RBT_088074,2
RBT_088075,5
RBT_088076,2
RBT_088077,6
RBT_088078,6
RBT_088079,7
RBT_088080,5
RBT_088081,5
RBT_088082,5
RBT_088083,3
RBT_088084,5
RBT_088085,7
RBT_088086,5
RBT_088087,2
RBT_088088,6
RBT_088089,2
RBT_088090,5
RBT_088091,6
RBT_088092,2
RBT_088093,4
RBT_088094,3
RBT_088095,6
RBT_088096,3
RBT_088097,5
RBT_088098,4
RBT_088099,5
RBT_088100,3
RBT_088101,6
RBT_088102,5
RBT_088103,1
RBT_088104,7
RBT_088105,7
RBT_088106,4
RBT_088107,4
RBT_088108,5
RBT_088109,5
RBT_088110,4
RBT_088111,5
RBT_088112,2
RBT_088113,5
RBT_088114,5
RBT_088115,6
RBT_088116,6
RBT_088117,4
RBT_088118,4
RBT_088119,4
RBT_088120,5
RBT_088121,6
RBT_088122,1
RBT_088123,6
RBT_088124,3
RBT_088125,6
RBT_088126,5
RBT_088127,5
RBT_088128,4
RBT_088129,5
RBT_088130,5
RBT_088131,6
RBT_088132,2
RBT_088133,4
RBT_088134,5
RBT_088135,5
RBT_088136,6
RBT_088137,7
RBT_088138,2
RBT_088139,6
RBT_088140,5
RBT_088141,5
RBT_088142,5
RBT_088143,3
RBT_088144,4
RBT_088145,7
RBT_088146,3
RBT_088147,2
RBT_088148,7
RBT_088149,4
RBT_088150,5
RBT_088151,5
RBT_088152,3
RBT_088153,3
RBT_088154,3
RBT_088155,4
RBT_088156,3
RBT_088157,6
RBT_088158,5
RBT_088159,5
RBT_088160,4
RBT_088161,7
RBT_088162,3
RBT_088163,7
RBT_088164,6
RBT_088165,4
RBT_088166,5
RBT_088167,5
RBT_088168,5
RBT_088169,6
RBT_088170,6
RBT_088171,5
RBT_088172,6
RBT_088173,6
RBT_088174,4
RBT_088175,5
RBT_088176,4
RBT_088177,2
RBT_088178,5
RBT_088179,4
RBT_088180,2
RBT_088181,2
RBT_088182,4
RBT_088183,6
RBT_088184,2
RBT_088185,5
RBT_088186,3
RBT_088187,4
RBT_088188,6
RBT_088189,6
RBT_088190,5
RBT_088191,6
RBT_088192,6
RBT_088193,3
RBT_088194,5
RBT_088195,6
RBT_088196,4
RBT_088197,6
RBT_088198,5
RBT_088199,4
RBT_088200,6
RBT_088201,5
RBT_088202,4
RBT_088203,2
RBT_088204,2
RBT_088205,6
RBT_088206,5
RBT_088207,2
RBT_088208,2
RBT_088209,4
RBT_088210,4
RBT_088211,7
RBT_088212,6
RBT_088213,2
RBT_088214,6
RBT_088215,4
RBT_088216,3
RBT_088217,6
RBT_088218,1
RBT_088219,7
RBT_088220,7
RBT_088221,7
RBT_088222,7
RBT_088223,7
RBT_088224,6
RBT_088225,6
RBT_088226,1
RBT_088227,3
RBT_088228,6
RBT_088229,7
RBT_088230,6
RBT_088231,5
RBT_088232,3
RBT_088233,7
RBT_088234,5
RBT_088235,5
RBT_088236,6
RBT_088237,7
RBT_088238,4
RBT_088239,5
RBT_088240,2
RBT_088241,7
RBT_088242,2
RBT_088243,7
RBT_088244,3
RBT_088245,7
RBT_088246,5
RBT_088247,5
RBT_088248,1
RBT_088249,5
RBT_088250,5
RBT_088251,1
RBT_088252,6
RBT_088253,6
RBT_088254,1
RBT_088255,5
RBT_088256,1
RBT_088257,6
RBT_088258,3
RBT_088259,1
RBT_088260,6
RBT_088261,5
RBT_088262,2
RBT_088263,5
RBT_088264,6
RBT_088265,5
RBT_088266,4
RBT_088267,4
RBT_088268,7
RBT_088269,5
RBT_088270,5
RBT_088271,6
RBT_088272,2
RBT_088273,5
RBT_088274,3
RBT_088275,6
RBT_088276,5
RBT_088277,6
RBT_088278,5
RBT_088279,3
RBT_088280,3
RBT_088281,7
RBT_088282,2
RBT_088283,5
RBT_088284,4
RBT_088285,3
RBT_088286,2
RBT_088287,7
RBT_088288,2
RBT_088289,3
RBT_088290,4
RBT_088291,5
RBT_088292,7
RBT_088293,4
RBT_088294,6
RBT_088295,5
RBT_088296,5
RBT_088297,4
RBT_088298,3
RBT_088299,3
RBT_088300,5
RBT_088301,3
RBT_088302,7
RBT_088303,5
RBT_088304,5
RBT_088305,5
RBT_088306,3
RBT_088307,5
RBT_088308,2
RBT_088309,6
RBT_088310,5
RBT_088311,1
RBT_088312,5
RBT_088313,2
RBT_088314,6
RBT_088315,7
RBT_088316,7
RBT_088317,5
RBT_088318,6
RBT_088319,3
RBT_088320,2
RBT_088321,7
RBT_088322,6
RBT_088323,7
RBT_088324,7
RBT_088325,4
RBT_088326,4
RBT_088327,4
RBT_088328,5
RBT_088329,1
RBT_088330,6
RBT_088331,1
RBT_088332,5
RBT_088333,2
RBT_088334,5
RBT_088335,4
RBT_088336,5
RBT_088337,7
RBT_088338,5
RBT_088339,6
RBT_088340,6
RBT_088341,6
RBT_088342,4
RBT_088343,1
RBT_088344,6
RBT_088345,4
RBT_088346,3
RBT_088347,7
RBT_088348,3
RBT_088349,5
RBT_088350,6
RBT_088351,6
RBT_088352,1
RBT_088353,3
RBT_088354,7
RBT_088355,5
RBT_088356,6
RBT_088357,5
RBT_088358,6
RBT_088359,4
RBT_088360,4
RBT_088361,7
RBT_088362,3
RBT_088363,7
RBT_088364,7
RBT_088365,5
RBT_088366,4
RBT_088367,1
RBT_088368,4
RBT_088369,6
RBT_088370,6
RBT_088371,3
RBT_088372,5
RBT_088373,5
RBT_088374,5
RBT_088375,6
RBT_088376,6
RBT_088377,3
RBT_088378,1
RBT_088379,3
RBT_088380,1
RBT_088381,5
RBT_088382,5
RBT_088383,1
RBT_088384,2
RBT_088385,5
RBT_088386,7
RBT_088387,7
RBT_088388,1
RBT_088389,6
RBT_088390,5
RBT_088391,5
RBT_088392,5
RBT_088393,7
RBT_088394,5
RBT_088395,3
RBT_088396,6
RBT_088397,5
RBT_088398,2
RBT_088399,5
RBT_088400,6
RBT_088401,4
RBT_088402,7
RBT_088403,5
RBT_088404,5
RBT_088405,1
RBT_088406,5
RBT_088407,5
RBT_088408,6
RBT_088409,4
RBT_088410,5
RBT_088411,5
RBT_088412,5
RBT_088413,2
RBT_088414,6
RBT_088415,5
RBT_088416,7
RBT_088417,5
RBT_088418,5
RBT_088419,5
RBT_088420,3
RBT_088421,2
RBT_088422,7
RBT_088423,5
RBT_088424,7
RBT_088425,7
RBT_088426,5
RBT_088427,2
RBT_088428,4
RBT_088429,2
RBT_088430,5
RBT_088431,3
RBT_088432,6
RBT_088433,5
RBT_088434,5
RBT_088435,5
RBT_088436,5
RBT_088437,6
RBT_088438,3
RBT_088439,7
RBT_088440,5
RBT_088441,6
RBT_088442,1
RBT_088443,6
RBT_088444,5
RBT_088445,5
RBT_088446,4
RBT_088447,5
RBT_088448,7
RBT_088449,5
RBT_088450,2
RBT_088451,6
RBT_088452,5
RBT_088453,5
RBT_088454,5
RBT_088455,4
RBT_088456,5
RBT_088457,7
RBT_088458,1
RBT_088459,4
RBT_088460,7
RBT_088461,6
RBT_088462,3
RBT_088463,3
RBT_088464,6
RBT_088465,5
RBT_088466,6
RBT_088467,7
RBT_088468,2
RBT_088469,7
RBT_088470,6
RBT_088471,7
RBT_088472,5
RBT_088473,4
RBT_088474,5
RBT_088475,6
RBT_088476,7
RBT_088477,5
RBT_088478,1
RBT_088479,6
RBT_088480,1
RBT_088481,7
RBT_088482,5
RBT_088483,7
RBT_088484,1
RBT_088485,5
RBT_088486,3
RBT_088487,5
RBT_088488,5
RBT_088489,5
RBT_088490,4
RBT_088491,1
RBT_088492,3
RBT_088493,6
RBT_088494,6
RBT_088495,7
RBT_088496,2
RBT_088497,1
RBT_088498,1
RBT_088499,5
RBT_088500,5
RBT_088501,3
RBT_088502,5
RBT_088503,5
RBT_088504,5
RBT_088505,6
RBT_088506,5
RBT_088507,1
RBT_088508,5
RBT_088509,2
RBT_088510,6
RBT_088511,5
RBT_088512,5
RBT_088513,5
RBT_088514,5
RBT_088515,6
RBT_088516,3
RBT_088517,3
RBT_088518,6
RBT_088519,4
RBT_088520,1
RBT_088521,5
RBT_088522,6
RBT_088523,5
RBT_088524,5
RBT_088525,1
RBT_088526,6
RBT_088527,4
RBT_088528,6
RBT_088529,5
RBT_088530,5
RBT_088531,5
RBT_088532,3
RBT_088533,4
RBT_088534,5
RBT_088535,5
RBT_088536,7
RBT_088537,5
RBT_088538,2
RBT_088539,7
RBT_088540,5
RBT_088541,2
RBT_088542,7
RBT_088543,4
RBT_088544,5
RBT_088545,3
RBT_088546,6
RBT_088547,7
RBT_088548,7
RBT_088549,2
RBT_088550,6
RBT_088551,5
RBT_088552,6
RBT_088553,5
RBT_088554,5
RBT_088555,4
RBT_088556,6
RBT_088557,6
RBT_088558,4
RBT_088559,5
RBT_088560,2
RBT_088561,1
RBT_088562,4
RBT_088563,6
RBT_088564,7
RBT_088565,5
RBT_088566,6
RBT_088567,5
RBT_088568,6
RBT_088569,7
RBT_088570,1
RBT_088571,5
RBT_088572,1
RBT_088573,3
RBT_088574,7
RBT_088575,1
RBT_088576,3
RBT_088577,3
RBT_088578,6
RBT_088579,2
RBT_088580,1
RBT_088581,7
RBT_088582,6
RBT_088583,4
RBT_088584,2
RBT_088585,5
RBT_088586,7
RBT_088587,7
RBT_088588,3
RBT_088589,5
RBT_088590,5
RBT_088591,3
RBT_088592,6
RBT_088593,6
RBT_088594,7
RBT_088595,2
RBT_088596,4
RBT_088597,6
RBT_088598,5
RBT_088599,5
RBT_088600,5
RBT_088601,5
RBT_088602,1
RBT_088603,5
RBT_088604,3
RBT_088605,7
RBT_088606,6
RBT_088607,6
RBT_088608,6
RBT_088609,2
RBT_088610,3
RBT_088611,6
RBT_088612,7
RBT_088613,1
RBT_088614,7
RBT_088615,5
RBT_088616,5
RBT_088617,6
RBT_088618,4
RBT_088619,5
RBT_088620,4
RBT_088621,2
RBT_088622,5
RBT_088623,3
RBT_088624,6
RBT_088625,5
RBT_088626,4
RBT_088627,4
RBT_088628,3
RBT_088629,2
RBT_088630,3
RBT_088631,4
RBT_088632,1
RBT_088633,2
RBT_088634,5
RBT_088635,3
RBT_088636,4
RBT_088637,4
RBT_088638,1
RBT_088639,3
RBT_088640,6
RBT_088641,4
RBT_088642,3
RBT_088643,3
RBT_088644,7
RBT_088645,3
RBT_088646,7
RBT_088647,2
RBT_088648,7
RBT_088649,5
RBT_088650,4
RBT_088651,4
RBT_088652,7
RBT_088653,5
RBT_088654,5
RBT_088655,5
RBT_088656,3
RBT_088657,6
RBT_088658,3
RBT_088659,4
RBT_088660,5
RBT_088661,2
RBT_088662,7
RBT_088663,2
RBT_088664,5
RBT_088665,5
RBT_088666,6
RBT_088667,5
RBT_088668,5
RBT_088669,7
RBT_088670,6
RBT_088671,5
RBT_088672,3
RBT_088673,7
RBT_088674,5
RBT_088675,3
RBT_088676,3
RBT_088677,5
RBT_088678,5
RBT_088679,4
RBT_088680,5
RBT_088681,3
RBT_088682,4
RBT_088683,5
RBT_088684,2
RBT_088685,4
RBT_088686,3
RBT_088687,3
RBT_088688,3
RBT_088689,3
RBT_088690,3
RBT_088691,4
RBT_088692,2
RBT_088693,7
RBT_088694,5
RBT_088695,5
RBT_088696,3
RBT_088697,6
RBT_088698,5
RBT_088699,1
RBT_088700,6
RBT_088701,2
RBT_088702,6
RBT_088703,6
RBT_088704,7
RBT_088705,3
RBT_088706,7
RBT_088707,2
RBT_088708,7
RBT_088709,6
RBT_088710,6
RBT_088711,4
RBT_088712,6
RBT_088713,6
RBT_088714,4
RBT_088715,4
RBT_088716,4
RBT_088717,5
RBT_088718,3
RBT_088719,5
RBT_088720,2
RBT_088721,4
RBT_088722,5
RBT_088723,5
RBT_088724,4
RBT_088725,4
RBT_088726,4
RBT_088727,2
RBT_088728,4
RBT_088729,5
RBT_088730,4
RBT_088731,3
RBT_088732,6
RBT_088733,5
RBT_088734,4
RBT_088735,5
RBT_088736,5
RBT_088737,3
RBT_088738,5
RBT_088739,6
RBT_088740,5
RBT_088741,7
RBT_088742,6
RBT_088743,5
RBT_088744,6
RBT_088745,5
RBT_088746,5
RBT_088747,6
RBT_088748,7
RBT_088749,7
RBT_088750,6
RBT_088751,5
RBT_088752,4
RBT_088753,5
RBT_088754,6
RBT_088755,1
RBT_088756,5
RBT_088757,4
RBT_088758,6
RBT_088759,5
RBT_088760,5
RBT_088761,7
RBT_088762,5
RBT_088763,6
RBT_088764,4
RBT_088765,6
RBT_088766,6
RBT_088767,7
RBT_088768,5
RBT_088769,3
RBT_088770,6
RBT_088771,6
RBT_088772,1
RBT_088773,4
RBT_088774,6
RBT_088775,6
RBT_088776,6
RBT_088777,5
RBT_088778,5
RBT_088779,6
RBT_088780,5
RBT_088781,5
RBT_088782,6
RBT_088783,3
RBT_088784,5
RBT_088785,4
RBT_088786,1
RBT_088787,6
RBT_088788,4
RBT_088789,7
RBT_088790,5
RBT_088791,1
RBT_088792,5
RBT_088793,3
RBT_088794,7
RBT_088795,6
RBT_088796,5
RBT_088797,4
RBT_088798,5
RBT_088799,2
RBT_088800,5
RBT_088801,5
RBT_088802,4
RBT_088803,5
RBT_088804,6
RBT_088805,5
RBT_088806,5
RBT_088807,4
RBT_088808,5
RBT_088809,1
RBT_088810,5
RBT_088811,7
RBT_088812,3
RBT_088813,6
RBT_088814,4
RBT_088815,1
RBT_088816,7
RBT_088817,3
RBT_088818,4
RBT_088819,5
RBT_088820,7
RBT_088821,5
RBT_088822,7
RBT_088823,5
RBT_088824,3
RBT_088825,5
RBT_088826,2
RBT_088827,2
RBT_088828,2
RBT_088829,1
RBT_088830,3
RBT_088831,4
RBT_088832,2
RBT_088833,1
RBT_088834,2
RBT_088835,7
RBT_088836,5
RBT_088837,5
RBT_088838,5
RBT_088839,5
RBT_088840,3
RBT_088841,5
RBT_088842,6
RBT_088843,5
RBT_088844,7
RBT_088845,3
RBT_088846,6
RBT_088847,5
RBT_088848,5
RBT_088849,5
RBT_088850,2
RBT_088851,5
RBT_088852,5
RBT_088853,2
RBT_088854,3
RBT_088855,5
RBT_088856,7
RBT_088857,5
RBT_088858,3
RBT_088859,7
RBT_088860,1
RBT_088861,2
RBT_088862,5
RBT_088863,2
RBT_088864,5
RBT_088865,3
RBT_088866,5
RBT_088867,2
RBT_088868,6
RBT_088869,6
RBT_088870,6
RBT_088871,2
RBT_088872,5
RBT_088873,6
RBT_088874,7
RBT_088875,5
RBT_088876,7
RBT_088877,3
RBT_088878,5
RBT_088879,4
RBT_088880,3
RBT_088881,4
RBT_088882,5
RBT_088883,5
RBT_088884,3
RBT_088885,1
RBT_088886,7
RBT_088887,4
RBT_088888,2
RBT_088889,3
RBT_088890,5
RBT_088891,4
RBT_088892,5
RBT_088893,3
RBT_088894,5
RBT_088895,6
RBT_088896,1
RBT_088897,3
RBT_088898,6
RBT_088899,1
RBT_088900,6
RBT_088901,4
RBT_088902,7
RBT_088903,1
RBT_088904,6
RBT_088905,5
RBT_088906,6
RBT_088907,3
RBT_088908,5
RBT_088909,6
RBT_088910,3
RBT_088911,5
RBT_088912,3
RBT_088913,5
RBT_088914,4
RBT_088915,1
RBT_088916,6
RBT_088917,1
RBT_088918,7
RBT_088919,4
RBT_088920,5
RBT_088921,3
RBT_088922,4
RBT_088923,5
RBT_088924,6
RBT_088925,6
RBT_088926,6
RBT_088927,4
RBT_088928,2
RBT_088929,7
RBT_088930,1
RBT_088931,7
RBT_088932,1
RBT_088933,7
RBT_088934,1
RBT_088935,1
RBT_088936,5
RBT_088937,5
RBT_088938,4
RBT_088939,5
RBT_088940,6
RBT_088941,5
RBT_088942,6
RBT_088943,3
RBT_088944,3
RBT_088945,5
RBT_088946,5
RBT_088947,2
RBT_088948,3
RBT_088949,7
RBT_088950,1
RBT_088951,5
RBT_088952,4
RBT_088953,6
RBT_088954,6
RBT_088955,4
RBT_088956,5
RBT_088957,6
RBT_088958,5
RBT_088959,5
RBT_088960,5
RBT_088961,5
RBT_088962,7
RBT_088963,4
RBT_088964,3
RBT_088965,7
RBT_088966,2
RBT_088967,6
RBT_088968,6
RBT_088969,3
RBT_088970,5
RBT_088971,2
RBT_088972,5
RBT_088973,5
RBT_088974,5
RBT_088975,2
RBT_088976,5
RBT_088977,5
RBT_088978,5
RBT_088979,6
RBT_088980,7
RBT_088981,6
RBT_088982,1
RBT_088983,3
RBT_088984,2
RBT_088985,5
RBT_088986,6
RBT_088987,1
RBT_088988,5
RBT_088989,2
RBT_088990,5
RBT_088991,7
RBT_088992,5
RBT_088993,5
RBT_088994,4
RBT_088995,6
RBT_088996,6
RBT_088997,3
RBT_088998,5
RBT_088999,6
RBT_089000,6
RBT_089001,3
RBT_089002,7
RBT_089003,5
RBT_089004,4
RBT_089005,5
RBT_089006,1
RBT_089007,7
RBT_089008,3
RBT_089009,7
RBT_089010,6
RBT_089011,4
RBT_089012,3
RBT_089013,5
RBT_089014,7
RBT_089015,6
RBT_089016,5
RBT_089017,5
RBT_089018,5
RBT_089019,7
RBT_089020,7
RBT_089021,5
RBT_089022,7
RBT_089023,7
RBT_089024,5
RBT_089025,6
RBT_089026,6
RBT_089027,6
RBT_089028,5
RBT_089029,5
RBT_089030,4
RBT_089031,3
RBT_089032,7
RBT_089033,3
RBT_089034,6
RBT_089035,5
RBT_089036,2
RBT_089037,4
RBT_089038,2
RBT_089039,7
RBT_089040,5
RBT_089041,6
RBT_089042,5
RBT_089043,5
RBT_089044,5
RBT_089045,2
RBT_089046,6
RBT_089047,6
RBT_089048,2
RBT_089049,6
RBT_089050,5
RBT_089051,3
RBT_089052,7
RBT_089053,6
RBT_089054,5
RBT_089055,3
RBT_089056,5
RBT_089057,3
RBT_089058,3
RBT_089059,4
RBT_089060,5
RBT_089061,5
RBT_089062,2
RBT_089063,4
RBT_089064,1
RBT_089065,7
RBT_089066,6
RBT_089067,6
RBT_089068,4
RBT_089069,6
RBT_089070,7
RBT_089071,5
RBT_089072,1
RBT_089073,1
RBT_089074,3
RBT_089075,5
RBT_089076,7
RBT_089077,7
RBT_089078,4
RBT_089079,5
RBT_089080,7
RBT_089081,2
RBT_089082,7
RBT_089083,2
RBT_089084,5
RBT_089085,5
RBT_089086,5
RBT_089087,4
RBT_089088,5
RBT_089089,5
RBT_089090,3
RBT_089091,5
RBT_089092,7
RBT_089093,3
RBT_089094,2
RBT_089095,5
RBT_089096,4
RBT_089097,2
RBT_089098,5
RBT_089099,5
RBT_089100,6
RBT_089101,5
RBT_089102,7
RBT_089103,6
RBT_089104,5
RBT_089105,5
RBT_089106,6
RBT_089107,6
RBT_089108,5
RBT_089109,4
RBT_089110,5
RBT_089111,5
RBT_089112,4
RBT_089113,7
RBT_089114,6
RBT_089115,5
RBT_089116,5
RBT_089117,2
RBT_089118,5
RBT_089119,3
RBT_089120,1
RBT_089121,3
RBT_089122,5
RBT_089123,7
RBT_089124,5
RBT_089125,4
RBT_089126,5
RBT_089127,4
RBT_089128,6
RBT_089129,5
RBT_089130,5
RBT_089131,7
RBT_089132,4
RBT_089133,6
RBT_089134,5
RBT_089135,5
RBT_089136,2
RBT_089137,6
RBT_089138,4
RBT_089139,5
RBT_089140,7
RBT_089141,6
RBT_089142,5
RBT_089143,4
RBT_089144,6
RBT_089145,5
RBT_089146,5
RBT_089147,5
RBT_089148,4
RBT_089149,5
RBT_089150,5
RBT_089151,5
RBT_089152,4
RBT_089153,6
RBT_089154,6
RBT_089155,1
RBT_089156,5
RBT_089157,2
RBT_089158,4
RBT_089159,5
RBT_089160,3
RBT_089161,5
RBT_089162,7
RBT_089163,6
RBT_089164,4
RBT_089165,5
RBT_089166,5
RBT_089167,7
RBT_089168,6
RBT_089169,6
RBT_089170,7
RBT_089171,5
RBT_089172,3
RBT_089173,6
RBT_089174,6
RBT_089175,7
RBT_089176,6
RBT_089177,4
RBT_089178,5
RBT_089179,6
RBT_089180,5
RBT_089181,6
RBT_089182,4
RBT_089183,4
RBT_089184,7
RBT_089185,3
RBT_089186,4
RBT_089187,5
RBT_089188,2
RBT_089189,3
RBT_089190,5
RBT_089191,2
RBT_089192,4
RBT_089193,4
RBT_089194,7
RBT_089195,5
RBT_089196,7
RBT_089197,3
RBT_089198,2
RBT_089199,5
RBT_089200,1
RBT_089201,7
RBT_089202,3
RBT_089203,3
RBT_089204,6
RBT_089205,6
RBT_089206,1
RBT_089207,5
RBT_089208,5
RBT_089209,5
RBT_089210,2
RBT_089211,6
RBT_089212,5
RBT_089213,5
RBT_089214,7
RBT_089215,4
RBT_089216,1
RBT_089217,7
RBT_089218,5
RBT_089219,5
RBT_089220,5
RBT_089221,3
RBT_089222,6
RBT_089223,4
RBT_089224,4
RBT_089225,5
RBT_089226,6
RBT_089227,6
RBT_089228,2
RBT_089229,7
RBT_089230,5
RBT_089231,5
RBT_089232,7
RBT_089233,4
RBT_089234,6
RBT_089235,5
RBT_089236,5
RBT_089237,6
RBT_089238,4
RBT_089239,5
RBT_089240,5
RBT_089241,5
RBT_089242,5
RBT_089243,3
RBT_089244,5
RBT_089245,2
RBT_089246,6
RBT_089247,6
RBT_089248,5
RBT_089249,6
RBT_089250,4
RBT_089251,7
RBT_089252,3
RBT_089253,2
RBT_089254,1
RBT_089255,5
RBT_089256,6
RBT_089257,6
RBT_089258,5
RBT_089259,1
RBT_089260,1
RBT_089261,7
RBT_089262,2
RBT_089263,6
RBT_089264,2
RBT_089265,3
RBT_089266,3
RBT_089267,4
RBT_089268,5
RBT_089269,2
RBT_089270,7
RBT_089271,1
RBT_089272,6
RBT_089273,5
RBT_089274,2
RBT_089275,2
RBT_089276,5
RBT_089277,5
RBT_089278,5
RBT_089279,5
RBT_089280,4
RBT_089281,5
RBT_089282,2
RBT_089283,6
RBT_089284,4
RBT_089285,2
RBT_089286,2
RBT_089287,4
RBT_089288,5
RBT_089289,6
RBT_089290,2
RBT_089291,1
RBT_089292,1
RBT_089293,5
RBT_089294,6
RBT_089295,5
RBT_089296,7
RBT_089297,4
RBT_089298,3
RBT_089299,6
RBT_089300,6
RBT_089301,5
RBT_089302,7
RBT_089303,5
RBT_089304,5
RBT_089305,5
RBT_089306,5
RBT_089307,4
RBT_089308,4
RBT_089309,7
RBT_089310,7
RBT_089311,3
RBT_089312,5
RBT_089313,6
RBT_089314,1
RBT_089315,2
RBT_089316,5
RBT_089317,1
RBT_089318,6
RBT_089319,7
RBT_089320,6
RBT_089321,6
RBT_089322,5
RBT_089323,3
RBT_089324,1
RBT_089325,6
RBT_089326,6
RBT_089327,5
RBT_089328,6
RBT_089329,1
RBT_089330,5
RBT_089331,5
RBT_089332,2
RBT_089333,6
RBT_089334,6
RBT_089335,5
RBT_089336,6
RBT_089337,5
RBT_089338,7
RBT_089339,4
RBT_089340,4
RBT_089341,5
RBT_089342,6
RBT_089343,5
RBT_089344,6
RBT_089345,4
RBT_089346,5
RBT_089347,5
RBT_089348,5
RBT_089349,1
RBT_089350,7
RBT_089351,5
RBT_089352,2
RBT_089353,7
RBT_089354,4
RBT_089355,5
RBT_089356,5
RBT_089357,4
RBT_089358,3
RBT_089359,6
RBT_089360,3
RBT_089361,6
RBT_089362,6
RBT_089363,1
RBT_089364,6
RBT_089365,5
RBT_089366,3
RBT_089367,5
RBT_089368,5
RBT_089369,2
RBT_089370,5
RBT_089371,7
RBT_089372,5
RBT_089373,4
RBT_089374,4
RBT_089375,6
RBT_089376,3
RBT_089377,5
RBT_089378,4
RBT_089379,5
RBT_089380,6
RBT_089381,4
RBT_089382,6
RBT_089383,5
RBT_089384,6
RBT_089385,4
RBT_089386,5
RBT_089387,2
RBT_089388,6
RBT_089389,3
RBT_089390,4
RBT_089391,7
RBT_089392,2
RBT_089393,6
RBT_089394,5
RBT_089395,3
RBT_089396,6
RBT_089397,5
RBT_089398,5
RBT_089399,6
RBT_089400,5
RBT_089401,6
RBT_089402,7
RBT_089403,5
RBT_089404,3
RBT_089405,7
RBT_089406,6
RBT_089407,5
RBT_089408,5
RBT_089409,6
RBT_089410,5
RBT_089411,4
RBT_089412,6
RBT_089413,6
RBT_089414,1
RBT_089415,5
RBT_089416,7
RBT_089417,3
RBT_089418,3
RBT_089419,5
RBT_089420,4
RBT_089421,5
RBT_089422,5
RBT_089423,5
RBT_089424,7
RBT_089425,5
RBT_089426,2
RBT_089427,6
RBT_089428,4
RBT_089429,5
RBT_089430,7
RBT_089431,3
RBT_089432,5
RBT_089433,3
RBT_089434,3
RBT_089435,6
RBT_089436,7
RBT_089437,6
RBT_089438,4
RBT_089439,5
RBT_089440,6
RBT_089441,3
RBT_089442,3
RBT_089443,3
RBT_089444,4
RBT_089445,1
RBT_089446,4
RBT_089447,6
RBT_089448,6
RBT_089449,5
RBT_089450,3
RBT_089451,6
RBT_089452,7
RBT_089453,3
RBT_089454,7
RBT_089455,6
RBT_089456,7
RBT_089457,5
RBT_089458,7
RBT_089459,2
RBT_089460,3
RBT_089461,2
RBT_089462,5
RBT_089463,1
RBT_089464,5
RBT_089465,5
RBT_089466,2
RBT_089467,6
RBT_089468,5
RBT_089469,1
RBT_089470,4
RBT_089471,2
RBT_089472,6
RBT_089473,5
RBT_089474,2
RBT_089475,5
RBT_089476,5
RBT_089477,4
RBT_089478,4
RBT_089479,6
RBT_089480,5
RBT_089481,3
RBT_089482,7
RBT_089483,4
RBT_089484,5
RBT_089485,5
RBT_089486,3
RBT_089487,5
RBT_089488,5
RBT_089489,4
RBT_089490,4
RBT_089491,5
RBT_089492,6
RBT_089493,5
RBT_089494,2
RBT_089495,6
RBT_089496,6
RBT_089497,5
RBT_089498,6
RBT_089499,7
RBT_089500,6
RBT_089501,5
RBT_089502,6
RBT_089503,3
RBT_089504,5
RBT_089505,6
RBT_089506,5
RBT_089507,5
RBT_089508,2
RBT_089509,7
RBT_089510,7
RBT_089511,5
RBT_089512,3
RBT_089513,5
RBT_089514,3
RBT_089515,3
RBT_089516,7
RBT_089517,2
RBT_089518,4
RBT_089519,5
RBT_089520,2
RBT_089521,1
RBT_089522,5
RBT_089523,2
RBT_089524,4
RBT_089525,4
RBT_089526,4
RBT_089527,6
RBT_089528,7
RBT_089529,6
RBT_089530,7
RBT_089531,5
RBT_089532,4
RBT_089533,3
RBT_089534,7
RBT_089535,5
RBT_089536,6
RBT_089537,5
RBT_089538,1
RBT_089539,6
RBT_089540,5
RBT_089541,4
RBT_089542,7
RBT_089543,6
RBT_089544,5
RBT_089545,7
RBT_089546,6
RBT_089547,2
RBT_089548,7
RBT_089549,5
RBT_089550,5
RBT_089551,6
RBT_089552,1
RBT_089553,5
RBT_089554,3
RBT_089555,2
RBT_089556,4
RBT_089557,5
RBT_089558,5
RBT_089559,5
RBT_089560,7
RBT_089561,3
RBT_089562,6
RBT_089563,6
RBT_089564,3
RBT_089565,5
RBT_089566,5
RBT_089567,7
RBT_089568,7
RBT_089569,2
RBT_089570,7
RBT_089571,2
RBT_089572,5
RBT_089573,5
RBT_089574,5
RBT_089575,5
RBT_089576,5
RBT_089577,3
RBT_089578,7
RBT_089579,1
RBT_089580,4
RBT_089581,6
RBT_089582,6
RBT_089583,5
RBT_089584,4
RBT_089585,4
RBT_089586,6
RBT_089587,5
RBT_089588,5
RBT_089589,5
RBT_089590,1
RBT_089591,4
RBT_089592,6
RBT_089593,4
RBT_089594,5
RBT_089595,5
RBT_089596,5
RBT_089597,5
RBT_089598,5
RBT_089599,5
RBT_089600,6
RBT_089601,5
RBT_089602,4
RBT_089603,5
RBT_089604,3
RBT_089605,5
RBT_089606,7
RBT_089607,5
RBT_089608,5
RBT_089609,5
RBT_089610,7
RBT_089611,6
RBT_089612,6
RBT_089613,4
RBT_089614,6
RBT_089615,2
RBT_089616,7
RBT_089617,3
RBT_089618,5
RBT_089619,6
RBT_089620,4
RBT_089621,5
RBT_089622,5
RBT_089623,5
RBT_089624,5
RBT_089625,1
RBT_089626,5
RBT_089627,5
RBT_089628,7
RBT_089629,5
RBT_089630,5
RBT_089631,6
RBT_089632,5
RBT_089633,4
RBT_089634,7
RBT_089635,7
RBT_089636,6
RBT_089637,4
RBT_089638,4
RBT_089639,6
RBT_089640,2
RBT_089641,5
RBT_089642,5
RBT_089643,6
RBT_089644,6
RBT_089645,5
RBT_089646,3
RBT_089647,6
RBT_089648,1
RBT_089649,1
RBT_089650,6
RBT_089651,6
RBT_089652,5
RBT_089653,5
RBT_089654,7
RBT_089655,2
RBT_089656,3
RBT_089657,6
RBT_089658,4
RBT_089659,3
RBT_089660,5
RBT_089661,6
RBT_089662,3
RBT_089663,5
RBT_089664,5
RBT_089665,3
RBT_089666,5
RBT_089667,6
RBT_089668,6
RBT_089669,5
RBT_089670,3
RBT_089671,1
RBT_089672,2
RBT_089673,6
RBT_089674,6
RBT_089675,6
RBT_089676,4
RBT_089677,2
RBT_089678,6
RBT_089679,6
RBT_089680,5
RBT_089681,6
RBT_089682,6
RBT_089683,5
RBT_089684,1
RBT_089685,7
RBT_089686,6
RBT_089687,6
RBT_089688,7
RBT_089689,5
RBT_089690,2
RBT_089691,6
RBT_089692,3
RBT_089693,6
RBT_089694,5
RBT_089695,1
RBT_089696,5
RBT_089697,6
RBT_089698,2
RBT_089699,1
RBT_089700,6
RBT_089701,1
RBT_089702,7
RBT_089703,6
RBT_089704,5
RBT_089705,1
RBT_089706,5
RBT_089707,5
RBT_089708,5
RBT_089709,7
RBT_089710,6
RBT_089711,4
RBT_089712,6
RBT_089713,5
RBT_089714,7
RBT_089715,5
RBT_089716,5
RBT_089717,5
RBT_089718,4
RBT_089719,3
RBT_089720,4
RBT_089721,4
RBT_089722,3
RBT_089723,6
RBT_089724,1
RBT_089725,7
RBT_089726,2
RBT_089727,1
RBT_089728,7
RBT_089729,7
RBT_089730,3
RBT_089731,3
RBT_089732,3
RBT_089733,5
RBT_089734,5
RBT_089735,5
RBT_089736,6
RBT_089737,7
RBT_089738,7
RBT_089739,5
RBT_089740,4
RBT_089741,5
RBT_089742,6
RBT_089743,1
RBT_089744,7
RBT_089745,3
RBT_089746,4
RBT_089747,5
RBT_089748,7
RBT_089749,3
RBT_089750,3
RBT_089751,5
RBT_089752,7
RBT_089753,2
RBT_089754,5
RBT_089755,7
RBT_089756,7
RBT_089757,7
RBT_089758,7
RBT_089759,4
RBT_089760,4
RBT_089761,6
RBT_089762,5
RBT_089763,4
RBT_089764,7
RBT_089765,4
RBT_089766,5
RBT_089767,4
RBT_089768,5
RBT_089769,7
RBT_089770,7
RBT_089771,5
RBT_089772,4
RBT_089773,2
RBT_089774,6
RBT_089775,5
RBT_089776,3
RBT_089777,7
RBT_089778,4
RBT_089779,5
RBT_089780,4
RBT_089781,6
RBT_089782,7
RBT_089783,6
RBT_089784,2
RBT_089785,2
RBT_089786,5
RBT_089787,3
RBT_089788,4
RBT_089789,3
RBT_089790,4
RBT_089791,7
RBT_089792,6
RBT_089793,3
RBT_089794,5
RBT_089795,1
RBT_089796,7
RBT_089797,5
RBT_089798,5
RBT_089799,5
RBT_089800,5
RBT_089801,5
RBT_089802,5
RBT_089803,1
RBT_089804,4
RBT_089805,4
RBT_089806,3
RBT_089807,4
RBT_089808,5
RBT_089809,6
RBT_089810,5
RBT_089811,7
RBT_089812,4
RBT_089813,7
RBT_089814,6
RBT_089815,5
RBT_089816,5
RBT_089817,5
RBT_089818,5
RBT_089819,5
RBT_089820,3
RBT_089821,7
RBT_089822,5
RBT_089823,5
RBT_089824,5
RBT_089825,2
RBT_089826,2
RBT_089827,6
RBT_089828,7
RBT_089829,4
RBT_089830,5
RBT_089831,4
RBT_089832,5
RBT_089833,5
RBT_089834,5
RBT_089835,5
RBT_089836,4
RBT_089837,7
RBT_089838,5
RBT_089839,3
RBT_089840,7
RBT_089841,3
RBT_089842,6
RBT_089843,4
RBT_089844,2
RBT_089845,7
RBT_089846,5
RBT_089847,5
RBT_089848,7
RBT_089849,5
RBT_089850,6
RBT_089851,6
RBT_089852,5
RBT_089853,5
RBT_089854,3
RBT_089855,1
RBT_089856,7
RBT_089857,2
RBT_089858,5
RBT_089859,2
RBT_089860,7
RBT_089861,2
RBT_089862,6
RBT_089863,6
RBT_089864,1
RBT_089865,7
RBT_089866,7
RBT_089867,5
RBT_089868,4
RBT_089869,5
RBT_089870,2
RBT_089871,7
RBT_089872,4
RBT_089873,5
RBT_089874,5
RBT_089875,1
RBT_089876,1
RBT_089877,5
RBT_089878,4
RBT_089879,7
RBT_089880,4
RBT_089881,4
RBT_089882,7
RBT_089883,1
RBT_089884,5
RBT_089885,2
RBT_089886,7
RBT_089887,4
RBT_089888,5
RBT_089889,7
RBT_089890,6
RBT_089891,5
RBT_089892,7
RBT_089893,5
RBT_089894,6
RBT_089895,4
RBT_089896,5
RBT_089897,5
RBT_089898,3
RBT_089899,7
RBT_089900,2
RBT_089901,5
RBT_089902,1
RBT_089903,2
RBT_089904,5
RBT_089905,4
RBT_089906,1
RBT_089907,5
RBT_089908,4
RBT_089909,6
RBT_089910,6
RBT_089911,6
RBT_089912,7
RBT_089913,6
RBT_089914,3
RBT_089915,7
RBT_089916,2
RBT_089917,3
RBT_089918,4
RBT_089919,3
RBT_089920,1
RBT_089921,5
RBT_089922,6
RBT_089923,5
RBT_089924,4
RBT_089925,7
RBT_089926,4
RBT_089927,6
RBT_089928,3
RBT_089929,4
RBT_089930,6
RBT_089931,1
RBT_089932,7
RBT_089933,5
RBT_089934,7
RBT_089935,6
RBT_089936,7
RBT_089937,2
RBT_089938,6
RBT_089939,6
RBT_089940,6
RBT_089941,1
RBT_089942,2
RBT_089943,6
RBT_089944,1
RBT_089945,1
RBT_089946,5
RBT_089947,5
RBT_089948,5
RBT_089949,1
RBT_089950,5
RBT_089951,4
RBT_089952,6
RBT_089953,5
RBT_089954,4
RBT_089955,4
RBT_089956,5
RBT_089957,1
RBT_089958,5
RBT_089959,5
RBT_089960,4
RBT_089961,6
RBT_089962,1
RBT_089963,6
RBT_089964,4
RBT_089965,5
RBT_089966,1
RBT_089967,6
RBT_089968,5
RBT_089969,7
RBT_089970,5
RBT_089971,6
RBT_089972,2
RBT_089973,2
RBT_089974,7
RBT_089975,4
RBT_089976,7
RBT_089977,2
RBT_089978,5
RBT_089979,5
RBT_089980,7
RBT_089981,5
RBT_089982,1
RBT_089983,5
RBT_089984,6
RBT_089985,1
RBT_089986,1
RBT_089987,6
RBT_089988,6
RBT_089989,3
RBT_089990,5
RBT_089991,2
RBT_089992,6
RBT_089993,4
RBT_089994,5
RBT_089995,5
RBT_089996,7
RBT_089997,1
RBT_089998,3
RBT_089999,4
RBT_090000,7
RBT_090001,6
RBT_090002,7
RBT_090003,4
RBT_090004,4
RBT_090005,3
RBT_090006,7
RBT_090007,4
RBT_090008,5
RBT_090009,4
RBT_090010,5
RBT_090011,4
RBT_090012,4
RBT_090013,5
RBT_090014,4
RBT_090015,6
RBT_090016,5
RBT_090017,3
RBT_090018,4
RBT_090019,1
RBT_090020,4
RBT_090021,5
RBT_090022,3
RBT_090023,2
RBT_090024,4
RBT_090025,5
RBT_090026,4
RBT_090027,4
RBT_090028,7
RBT_090029,5
RBT_090030,5
RBT_090031,1
RBT_090032,5
RBT_090033,5
RBT_090034,3
RBT_090035,4
RBT_090036,3
RBT_090037,2
RBT_090038,5
RBT_090039,4
RBT_090040,4
RBT_090041,5
RBT_090042,5
RBT_090043,5
RBT_090044,5
RBT_090045,3
RBT_090046,6
RBT_090047,1
RBT_090048,6
RBT_090049,5
RBT_090050,4
RBT_090051,5
RBT_090052,5
RBT_090053,5
RBT_090054,7
RBT_090055,7
RBT_090056,3
RBT_090057,5
RBT_090058,6
RBT_090059,3
RBT_090060,1
RBT_090061,7
RBT_090062,7
RBT_090063,4
RBT_090064,5
RBT_090065,3
RBT_090066,6
RBT_090067,6
RBT_090068,5
RBT_090069,5
RBT_090070,4
RBT_090071,5
RBT_090072,5
RBT_090073,5
RBT_090074,1
RBT_090075,5
RBT_090076,4
RBT_090077,5
RBT_090078,2
RBT_090079,6
RBT_090080,6
RBT_090081,5
RBT_090082,6
RBT_090083,5
RBT_090084,5
RBT_090085,5
RBT_090086,5
RBT_090087,7
RBT_090088,5
RBT_090089,6
RBT_090090,5
RBT_090091,1
RBT_090092,4
RBT_090093,4
RBT_090094,7
RBT_090095,6
RBT_090096,5
RBT_090097,2
RBT_090098,3
RBT_090099,1
RBT_090100,6
RBT_090101,6
RBT_090102,3
RBT_090103,4
RBT_090104,5
RBT_090105,3
RBT_090106,4
RBT_090107,7
RBT_090108,6
RBT_090109,2
RBT_090110,2
RBT_090111,5
RBT_090112,6
RBT_090113,6
RBT_090114,5
RBT_090115,1
RBT_090116,6
RBT_090117,3
RBT_090118,3
RBT_090119,3
RBT_090120,6
RBT_090121,1
RBT_090122,5
RBT_090123,6
RBT_090124,3
RBT_090125,7
RBT_090126,2
RBT_090127,6
RBT_090128,3
RBT_090129,6
RBT_090130,5
RBT_090131,5
RBT_090132,5
RBT_090133,4
RBT_090134,6
RBT_090135,6
RBT_090136,3
RBT_090137,6
RBT_090138,5
RBT_090139,5
RBT_090140,1
RBT_090141,2
RBT_090142,5
RBT_090143,7
RBT_090144,3
RBT_090145,1
RBT_090146,5
RBT_090147,1
RBT_090148,4
RBT_090149,4
RBT_090150,1
RBT_090151,5
RBT_090152,7
RBT_090153,7
RBT_090154,5
RBT_090155,4
RBT_090156,6
RBT_090157,6
RBT_090158,5
RBT_090159,5
RBT_090160,6
RBT_090161,3
RBT_090162,1
RBT_090163,4
RBT_090164,5
RBT_090165,5
RBT_090166,5
RBT_090167,5
RBT_090168,5
RBT_090169,1
RBT_090170,3
RBT_090171,5
RBT_090172,7
RBT_090173,5
RBT_090174,4
RBT_090175,5
RBT_090176,6
RBT_090177,5
RBT_090178,1
RBT_090179,5
RBT_090180,5
RBT_090181,6
RBT_090182,4
RBT_090183,2
RBT_090184,5
RBT_090185,1
RBT_090186,6
RBT_090187,5
RBT_090188,5
RBT_090189,4
RBT_090190,5
RBT_090191,6
RBT_090192,3
RBT_090193,2
RBT_090194,5
RBT_090195,5
RBT_090196,5
RBT_090197,6
RBT_090198,7
RBT_090199,2
RBT_090200,5
RBT_090201,6
RBT_090202,5
RBT_090203,5
RBT_090204,7
RBT_090205,6
RBT_090206,4
RBT_090207,1
RBT_090208,5
RBT_090209,2
RBT_090210,4
RBT_090211,5
RBT_090212,5
RBT_090213,6
RBT_090214,5
RBT_090215,6
RBT_090216,5
RBT_090217,4
RBT_090218,2
RBT_090219,5
RBT_090220,4
RBT_090221,6
RBT_090222,7
RBT_090223,1
RBT_090224,5
RBT_090225,1
RBT_090226,5
RBT_090227,7
RBT_090228,6
RBT_090229,5
RBT_090230,3
RBT_090231,7
RBT_090232,5
RBT_090233,5
RBT_090234,6
RBT_090235,4
RBT_090236,3
RBT_090237,4
RBT_090238,4
RBT_090239,5
RBT_090240,5
RBT_090241,3
RBT_090242,2
RBT_090243,6
RBT_090244,7
RBT_090245,5
RBT_090246,3
RBT_090247,4
RBT_090248,3
RBT_090249,7
RBT_090250,7
RBT_090251,1
RBT_090252,1
RBT_090253,7
RBT_090254,1
RBT_090255,6
RBT_090256,7
RBT_090257,4
RBT_090258,5
RBT_090259,5
RBT_090260,5
RBT_090261,3
RBT_090262,5
RBT_090263,4
RBT_090264,3
RBT_090265,5
RBT_090266,4
RBT_090267,1
RBT_090268,7
RBT_090269,1
RBT_090270,7
RBT_090271,3
RBT_090272,3
RBT_090273,2
RBT_090274,5
RBT_090275,4
RBT_090276,7
RBT_090277,6
RBT_090278,3
RBT_090279,3
RBT_090280,1
RBT_090281,6
RBT_090282,1
RBT_090283,2
RBT_090284,5
RBT_090285,3
RBT_090286,3
RBT_090287,5
RBT_090288,5
RBT_090289,1
RBT_090290,6
RBT_090291,6
RBT_090292,4
RBT_090293,6
RBT_090294,4
RBT_090295,7
RBT_090296,5
RBT_090297,5
RBT_090298,5
RBT_090299,5
RBT_090300,5
RBT_090301,5
RBT_090302,4
RBT_090303,3
RBT_090304,6
RBT_090305,4
RBT_090306,7
RBT_090307,6
RBT_090308,5
RBT_090309,5
RBT_090310,7
RBT_090311,6
RBT_090312,6
RBT_090313,5
RBT_090314,7
RBT_090315,3
RBT_090316,6
RBT_090317,5
RBT_090318,5
RBT_090319,7
RBT_090320,5
RBT_090321,5
RBT_090322,5
RBT_090323,7
RBT_090324,5
RBT_090325,4
RBT_090326,5
RBT_090327,7
RBT_090328,5
RBT_090329,3
RBT_090330,5
RBT_090331,5
RBT_090332,6
RBT_090333,4
RBT_090334,4
RBT_090335,5
RBT_090336,2
RBT_090337,4
RBT_090338,6
RBT_090339,7
RBT_090340,7
RBT_090341,7
RBT_090342,7
RBT_090343,6
RBT_090344,6
RBT_090345,4
RBT_090346,5
RBT_090347,5
RBT_090348,6
RBT_090349,5
RBT_090350,4
RBT_090351,6
RBT_090352,6
RBT_090353,4
RBT_090354,5
RBT_090355,7
RBT_090356,6
RBT_090357,6
RBT_090358,6
RBT_090359,2
RBT_090360,5
RBT_090361,4
RBT_090362,2
RBT_090363,6
RBT_090364,4
RBT_090365,4
RBT_090366,5
RBT_090367,5
RBT_090368,5
RBT_090369,5
RBT_090370,6
RBT_090371,2
RBT_090372,3
RBT_090373,5
RBT_090374,5
RBT_090375,3
RBT_090376,5
RBT_090377,6
RBT_090378,6
RBT_090379,5
RBT_090380,3
RBT_090381,4
RBT_090382,5
RBT_090383,7
RBT_090384,5
RBT_090385,6
RBT_090386,7
RBT_090387,5
RBT_090388,5
RBT_090389,3
RBT_090390,1
RBT_090391,2
RBT_090392,4
RBT_090393,4
RBT_090394,5
RBT_090395,3
RBT_090396,5
RBT_090397,1
RBT_090398,4
RBT_090399,1
RBT_090400,6
RBT_090401,4
RBT_090402,5
RBT_090403,6
RBT_090404,6
RBT_090405,5
RBT_090406,5
RBT_090407,6
RBT_090408,4
RBT_090409,6
RBT_090410,5
RBT_090411,5
RBT_090412,5
RBT_090413,7
RBT_090414,7
RBT_090415,6
RBT_090416,5
RBT_090417,6
RBT_090418,5
RBT_090419,5
RBT_090420,3
RBT_090421,7
RBT_090422,4
RBT_090423,4
RBT_090424,5
RBT_090425,4
RBT_090426,1
RBT_090427,7
RBT_090428,6
RBT_090429,1
RBT_090430,6
RBT_090431,2
RBT_090432,6
RBT_090433,5
RBT_090434,7
RBT_090435,5
RBT_090436,5
RBT_090437,1
RBT_090438,7
RBT_090439,5
RBT_090440,4
RBT_090441,2
RBT_090442,5
RBT_090443,6
RBT_090444,2
RBT_090445,3
RBT_090446,5
RBT_090447,6
RBT_090448,7
RBT_090449,6
RBT_090450,1
RBT_090451,7
RBT_090452,1
RBT_090453,7
RBT_090454,5
RBT_090455,6
RBT_090456,2
RBT_090457,2
RBT_090458,5
RBT_090459,1
RBT_090460,5
RBT_090461,6
RBT_090462,5
RBT_090463,4
RBT_090464,1
RBT_090465,4
RBT_090466,6
RBT_090467,4
RBT_090468,4
RBT_090469,2
RBT_090470,5
RBT_090471,4
RBT_090472,5
RBT_090473,6
RBT_090474,6
RBT_090475,6
RBT_090476,5
RBT_090477,7
RBT_090478,5
RBT_090479,6
RBT_090480,5
RBT_090481,6
RBT_090482,4
RBT_090483,5
RBT_090484,5
RBT_090485,3
RBT_090486,7
RBT_090487,6
RBT_090488,6
RBT_090489,4
RBT_090490,4
RBT_090491,1
RBT_090492,2
RBT_090493,5
RBT_090494,1
RBT_090495,3
RBT_090496,4
RBT_090497,4
RBT_090498,5
RBT_090499,4
RBT_090500,7
RBT_090501,7
RBT_090502,1
RBT_090503,7
RBT_090504,3
RBT_090505,4
RBT_090506,6
RBT_090507,6
RBT_090508,1
RBT_090509,6
RBT_090510,5
RBT_090511,7
RBT_090512,7
RBT_090513,7
RBT_090514,6
RBT_090515,6
RBT_090516,6
RBT_090517,1
RBT_090518,7
RBT_090519,1
RBT_090520,7
RBT_090521,1
RBT_090522,5
RBT_090523,5
RBT_090524,4
RBT_090525,6
RBT_090526,4
RBT_090527,4
RBT_090528,3
RBT_090529,6
RBT_090530,3
RBT_090531,7
RBT_090532,5
RBT_090533,5
RBT_090534,5
RBT_090535,6
RBT_090536,4
RBT_090537,6
RBT_090538,6
RBT_090539,4
RBT_090540,3
RBT_090541,5
RBT_090542,7
RBT_090543,1
RBT_090544,6
RBT_090545,6
RBT_090546,3
RBT_090547,5
RBT_090548,5
RBT_090549,6
RBT_090550,7
RBT_090551,6
RBT_090552,5
RBT_090553,2
RBT_090554,2
RBT_090555,6
RBT_090556,7
RBT_090557,6
RBT_090558,7
RBT_090559,5
RBT_090560,6
RBT_090561,5
RBT_090562,6
RBT_090563,5
RBT_090564,6
RBT_090565,5
RBT_090566,7
RBT_090567,3
RBT_090568,5
RBT_090569,7
RBT_090570,5
RBT_090571,5
RBT_090572,4
RBT_090573,5
RBT_090574,3
RBT_090575,7
RBT_090576,4
RBT_090577,6
RBT_090578,3
RBT_090579,5
RBT_090580,5
RBT_090581,7
RBT_090582,4
RBT_090583,5
RBT_090584,3
RBT_090585,6
RBT_090586,6
RBT_090587,7
RBT_090588,7
RBT_090589,4
RBT_090590,5
RBT_090591,5
RBT_090592,6
RBT_090593,5
RBT_090594,5
RBT_090595,3
RBT_090596,6
RBT_090597,5
RBT_090598,5
RBT_090599,5
RBT_090600,5
RBT_090601,6
RBT_090602,6
RBT_090603,5
RBT_090604,7
RBT_090605,3
RBT_090606,5
RBT_090607,1
RBT_090608,5
RBT_090609,7
RBT_090610,5
RBT_090611,5
RBT_090612,6
RBT_090613,1
RBT_090614,5
RBT_090615,5
RBT_090616,5
RBT_090617,5
RBT_090618,3
RBT_090619,5
RBT_090620,5
RBT_090621,4
RBT_090622,4
RBT_090623,6
RBT_090624,6
RBT_090625,6
RBT_090626,3
RBT_090627,6
RBT_090628,5
RBT_090629,7
RBT_090630,5
RBT_090631,3
RBT_090632,4
RBT_090633,5
RBT_090634,5
RBT_090635,6
RBT_090636,5
RBT_090637,3
RBT_090638,5
RBT_090639,6
RBT_090640,1
RBT_090641,5
RBT_090642,1
RBT_090643,6
RBT_090644,7
RBT_090645,6
RBT_090646,5
RBT_090647,6
RBT_090648,1
RBT_090649,3
RBT_090650,5
RBT_090651,6
RBT_090652,5
RBT_090653,7
RBT_090654,5
RBT_090655,5
RBT_090656,7
RBT_090657,7
RBT_090658,1
RBT_090659,5
RBT_090660,6
RBT_090661,1
RBT_090662,6
RBT_090663,5
RBT_090664,2
RBT_090665,5
RBT_090666,5
RBT_090667,5
RBT_090668,5
RBT_090669,7
RBT_090670,4
RBT_090671,7
RBT_090672,6
RBT_090673,7
RBT_090674,3
RBT_090675,5
RBT_090676,5
RBT_090677,2
RBT_090678,5
RBT_090679,6
RBT_090680,1
RBT_090681,5
RBT_090682,6
RBT_090683,5
RBT_090684,5
RBT_090685,5
RBT_090686,5
RBT_090687,2
RBT_090688,3
RBT_090689,5
RBT_090690,6
RBT_090691,4
RBT_090692,7
RBT_090693,4
RBT_090694,4
RBT_090695,5
RBT_090696,6
RBT_090697,5
RBT_090698,4
RBT_090699,5
RBT_090700,5
RBT_090701,5
RBT_090702,5
RBT_090703,5
RBT_090704,6
RBT_090705,5
RBT_090706,5
RBT_090707,1
RBT_090708,3
RBT_090709,7
RBT_090710,2
RBT_090711,5
RBT_090712,7
RBT_090713,6
RBT_090714,7
RBT_090715,7
RBT_090716,4
RBT_090717,4
RBT_090718,2
RBT_090719,3
RBT_090720,5
RBT_090721,4
RBT_090722,4
RBT_090723,5
RBT_090724,3
RBT_090725,1
RBT_090726,6
RBT_090727,6
RBT_090728,5
RBT_090729,5
RBT_090730,4
RBT_090731,4
RBT_090732,1
RBT_090733,1
RBT_090734,1
RBT_090735,5
RBT_090736,5
RBT_090737,5
RBT_090738,4
RBT_090739,3
RBT_090740,5
RBT_090741,6
RBT_090742,7
RBT_090743,4
RBT_090744,7
RBT_090745,5
RBT_090746,5
RBT_090747,6
RBT_090748,4
RBT_090749,3
RBT_090750,4
RBT_090751,5
RBT_090752,7
RBT_090753,2
RBT_090754,6
RBT_090755,1
RBT_090756,6
RBT_090757,6
RBT_090758,6
RBT_090759,7
RBT_090760,5
RBT_090761,3
RBT_090762,7
RBT_090763,3
RBT_090764,3
RBT_090765,5
RBT_090766,5
RBT_090767,2
RBT_090768,6
RBT_090769,3
RBT_090770,5
RBT_090771,5
RBT_090772,6
RBT_090773,4
RBT_090774,6
RBT_090775,5
RBT_090776,5
RBT_090777,5
RBT_090778,4
RBT_090779,1
RBT_090780,6
RBT_090781,2
RBT_090782,3
RBT_090783,6
RBT_090784,5
RBT_090785,4
RBT_090786,5
RBT_090787,2
RBT_090788,3
RBT_090789,5
RBT_090790,5
RBT_090791,5
RBT_090792,6
RBT_090793,3
RBT_090794,7
RBT_090795,6
RBT_090796,7
RBT_090797,5
RBT_090798,6
RBT_090799,7
RBT_090800,5
RBT_090801,6
RBT_090802,7
RBT_090803,4
RBT_090804,5
RBT_090805,5
RBT_090806,4
RBT_090807,4
RBT_090808,5
RBT_090809,6
RBT_090810,5
RBT_090811,6
RBT_090812,6
RBT_090813,5
RBT_090814,4
RBT_090815,3
RBT_090816,6
RBT_090817,5
RBT_090818,7
RBT_090819,4
RBT_090820,3
RBT_090821,1
RBT_090822,2
RBT_090823,4
RBT_090824,3
RBT_090825,1
RBT_090826,3
RBT_090827,6
RBT_090828,6
RBT_090829,2
RBT_090830,7
RBT_090831,3
RBT_090832,2
RBT_090833,3
RBT_090834,3
RBT_090835,5
RBT_090836,3
RBT_090837,5
RBT_090838,4
RBT_090839,4
RBT_090840,7
RBT_090841,3
RBT_090842,5
RBT_090843,4
RBT_090844,7
RBT_090845,7
RBT_090846,6
RBT_090847,6
RBT_090848,6
RBT_090849,5
RBT_090850,6
RBT_090851,5
RBT_090852,6
RBT_090853,7
RBT_090854,6
RBT_090855,7
RBT_090856,5
RBT_090857,7
RBT_090858,3
RBT_090859,1
RBT_090860,2
RBT_090861,3
RBT_090862,7
RBT_090863,6
RBT_090864,5
RBT_090865,6
RBT_090866,3
RBT_090867,2
RBT_090868,5
RBT_090869,2
RBT_090870,4
RBT_090871,6
RBT_090872,4
RBT_090873,2
RBT_090874,5
RBT_090875,5
RBT_090876,4
RBT_090877,3
RBT_090878,6
RBT_090879,2
RBT_090880,7
RBT_090881,1
RBT_090882,5
RBT_090883,3
RBT_090884,5
RBT_090885,3
RBT_090886,1
RBT_090887,6
RBT_090888,5
RBT_090889,4
RBT_090890,7
RBT_090891,3
RBT_090892,4
RBT_090893,3
RBT_090894,7
RBT_090895,5
RBT_090896,6
RBT_090897,3
RBT_090898,5
RBT_090899,5
RBT_090900,3
RBT_090901,5
RBT_090902,7
RBT_090903,7
RBT_090904,4
RBT_090905,5
RBT_090906,3
RBT_090907,7
RBT_090908,5
RBT_090909,3
RBT_090910,6
RBT_090911,5
RBT_090912,5
RBT_090913,6
RBT_090914,5
RBT_090915,5
RBT_090916,1
RBT_090917,4
RBT_090918,3
RBT_090919,6
RBT_090920,4
RBT_090921,6
RBT_090922,6
RBT_090923,6
RBT_090924,3
RBT_090925,5
RBT_090926,5
RBT_090927,4
RBT_090928,4
RBT_090929,6
RBT_090930,4
RBT_090931,4
RBT_090932,5
RBT_090933,5
RBT_090934,6
RBT_090935,1
RBT_090936,3
RBT_090937,6
RBT_090938,5
RBT_090939,6
RBT_090940,5
RBT_090941,5
RBT_090942,5
RBT_090943,7
RBT_090944,5
RBT_090945,5
RBT_090946,3
RBT_090947,1
RBT_090948,2
RBT_090949,2
RBT_090950,5
RBT_090951,6
RBT_090952,5
RBT_090953,5
RBT_090954,3
RBT_090955,7
RBT_090956,6
RBT_090957,5
RBT_090958,2
RBT_090959,6
RBT_090960,3
RBT_090961,5
RBT_090962,4
RBT_090963,6
RBT_090964,5
RBT_090965,3
RBT_090966,1
RBT_090967,3
RBT_090968,5
RBT_090969,6
RBT_090970,3
RBT_090971,4
RBT_090972,5
RBT_090973,1
RBT_090974,5
RBT_090975,2
RBT_090976,6
RBT_090977,4
RBT_090978,5
RBT_090979,5
RBT_090980,5
RBT_090981,4
RBT_090982,7
RBT_090983,4
RBT_090984,3
RBT_090985,4
RBT_090986,6
RBT_090987,5
RBT_090988,3
RBT_090989,5
RBT_090990,2
RBT_090991,5
RBT_090992,6
RBT_090993,4
RBT_090994,5
RBT_090995,6
RBT_090996,4
RBT_090997,1
RBT_090998,3
RBT_090999,7
RBT_091000,6
RBT_091001,6
RBT_091002,5
RBT_091003,4
RBT_091004,6
RBT_091005,5
RBT_091006,5
RBT_091007,5
RBT_091008,4
RBT_091009,5
RBT_091010,5
RBT_091011,3
RBT_091012,4
RBT_091013,6
RBT_091014,3
RBT_091015,6
RBT_091016,5
RBT_091017,5
RBT_091018,5
RBT_091019,5
RBT_091020,7
RBT_091021,2
RBT_091022,4
RBT_091023,5
RBT_091024,4
RBT_091025,7
RBT_091026,2
RBT_091027,4
RBT_091028,6
RBT_091029,5
RBT_091030,6
RBT_091031,5
RBT_091032,2
RBT_091033,5
RBT_091034,5
RBT_091035,1
RBT_091036,6
RBT_091037,3
RBT_091038,3
RBT_091039,5
RBT_091040,7
RBT_091041,1
RBT_091042,6
RBT_091043,6
RBT_091044,3
RBT_091045,3
RBT_091046,7
RBT_091047,3
RBT_091048,2
RBT_091049,6
RBT_091050,5
RBT_091051,4
RBT_091052,3
RBT_091053,6
RBT_091054,5
RBT_091055,4
RBT_091056,7
RBT_091057,5
RBT_091058,4
RBT_091059,6
RBT_091060,5
RBT_091061,1
RBT_091062,6
RBT_091063,2
RBT_091064,7
RBT_091065,5
RBT_091066,5
RBT_091067,7
RBT_091068,5
RBT_091069,5
RBT_091070,6
RBT_091071,5
RBT_091072,4
RBT_091073,3
RBT_091074,5
RBT_091075,5
RBT_091076,5
RBT_091077,4
RBT_091078,4
RBT_091079,5
RBT_091080,5
RBT_091081,4
RBT_091082,4
RBT_091083,6
RBT_091084,6
RBT_091085,6
RBT_091086,6
RBT_091087,7
RBT_091088,6
RBT_091089,3
RBT_091090,1
RBT_091091,3
RBT_091092,4
RBT_091093,1
RBT_091094,6
RBT_091095,5
RBT_091096,6
RBT_091097,2
RBT_091098,4
RBT_091099,5
RBT_091100,4
RBT_091101,6
RBT_091102,7
RBT_091103,2
RBT_091104,5
RBT_091105,3
RBT_091106,4
RBT_091107,6
RBT_091108,7
RBT_091109,4
RBT_091110,4
RBT_091111,3
RBT_091112,6
RBT_091113,7
RBT_091114,6
RBT_091115,5
RBT_091116,5
RBT_091117,6
RBT_091118,7
RBT_091119,7
RBT_091120,6
RBT_091121,3
RBT_091122,4
RBT_091123,4
RBT_091124,3
RBT_091125,4
RBT_091126,6
RBT_091127,6
RBT_091128,1
RBT_091129,3
RBT_091130,7
RBT_091131,3
RBT_091132,5
RBT_091133,3
RBT_091134,5
RBT_091135,5
RBT_091136,5
RBT_091137,5
RBT_091138,3
RBT_091139,5
RBT_091140,5
RBT_091141,2
RBT_091142,7
RBT_091143,3
RBT_091144,5
RBT_091145,2
RBT_091146,5
RBT_091147,4
RBT_091148,2
RBT_091149,5
RBT_091150,7
RBT_091151,6
RBT_091152,6
RBT_091153,1
RBT_091154,6
RBT_091155,7
RBT_091156,1
RBT_091157,2
RBT_091158,5
RBT_091159,5
RBT_091160,4
RBT_091161,3
RBT_091162,5
RBT_091163,6
RBT_091164,6
RBT_091165,5
RBT_091166,6
RBT_091167,6
RBT_091168,5
RBT_091169,7
RBT_091170,1
RBT_091171,7
RBT_091172,7
RBT_091173,3
RBT_091174,5
RBT_091175,5
RBT_091176,5
RBT_091177,7
RBT_091178,5
RBT_091179,2
RBT_091180,7
RBT_091181,1
RBT_091182,5
RBT_091183,4
RBT_091184,2
RBT_091185,6
RBT_091186,7
RBT_091187,5
RBT_091188,5
RBT_091189,5
RBT_091190,6
RBT_091191,7
RBT_091192,5
RBT_091193,7
RBT_091194,3
RBT_091195,5
RBT_091196,4
RBT_091197,3
RBT_091198,6
RBT_091199,6
RBT_091200,2
RBT_091201,6
RBT_091202,4
RBT_091203,6
RBT_091204,5
RBT_091205,5
RBT_091206,5
RBT_091207,3
RBT_091208,4
RBT_091209,1
RBT_091210,5
RBT_091211,2
RBT_091212,5
RBT_091213,7
RBT_091214,6
RBT_091215,3
RBT_091216,5
RBT_091217,5
RBT_091218,6
RBT_091219,4
RBT_091220,5
RBT_091221,2
RBT_091222,6
RBT_091223,5
RBT_091224,1
RBT_091225,5
RBT_091226,6
RBT_091227,1
RBT_091228,5
RBT_091229,5
RBT_091230,7
RBT_091231,3
RBT_091232,6
RBT_091233,4
RBT_091234,7
RBT_091235,5
RBT_091236,3
RBT_091237,5
RBT_091238,1
RBT_091239,2
RBT_091240,6
RBT_091241,7
RBT_091242,5
RBT_091243,5
RBT_091244,6
RBT_091245,1
RBT_091246,4
RBT_091247,7
RBT_091248,1
RBT_091249,5
RBT_091250,7
RBT_091251,4
RBT_091252,7
RBT_091253,5
RBT_091254,7
RBT_091255,5
RBT_091256,5
RBT_091257,6
RBT_091258,7
RBT_091259,4
RBT_091260,6
RBT_091261,5
RBT_091262,4
RBT_091263,1
RBT_091264,5
RBT_091265,6
RBT_091266,2
RBT_091267,5
RBT_091268,4
RBT_091269,5
RBT_091270,7
RBT_091271,6
RBT_091272,5
RBT_091273,6
RBT_091274,6
RBT_091275,7
RBT_091276,6
RBT_091277,6
RBT_091278,2
RBT_091279,1
RBT_091280,7
RBT_091281,4
RBT_091282,3
RBT_091283,3
RBT_091284,6
RBT_091285,1
RBT_091286,5
RBT_091287,5
RBT_091288,3
RBT_091289,3
RBT_091290,3
RBT_091291,4
RBT_091292,5
RBT_091293,3
RBT_091294,5
RBT_091295,7
RBT_091296,6
RBT_091297,6
RBT_091298,7
RBT_091299,5
RBT_091300,6
RBT_091301,6
RBT_091302,7
RBT_091303,5
RBT_091304,4
RBT_091305,3
RBT_091306,5
RBT_091307,6
RBT_091308,5
RBT_091309,4
RBT_091310,6
RBT_091311,7
RBT_091312,6
RBT_091313,2
RBT_091314,5
RBT_091315,7
RBT_091316,4
RBT_091317,5
RBT_091318,3
RBT_091319,7
RBT_091320,6
RBT_091321,5
RBT_091322,4
RBT_091323,1
RBT_091324,4
RBT_091325,6
RBT_091326,1
RBT_091327,3
RBT_091328,6
RBT_091329,5
RBT_091330,7
RBT_091331,6
RBT_091332,3
RBT_091333,5
RBT_091334,2
RBT_091335,2
RBT_091336,5
RBT_091337,5
RBT_091338,4
RBT_091339,5
RBT_091340,6
RBT_091341,6
RBT_091342,5
RBT_091343,4
RBT_091344,5
RBT_091345,1
RBT_091346,6
RBT_091347,6
RBT_091348,2
RBT_091349,5
RBT_091350,3
RBT_091351,7
RBT_091352,6
RBT_091353,1
RBT_091354,7
RBT_091355,3
RBT_091356,2
RBT_091357,1
RBT_091358,6
RBT_091359,7
RBT_091360,2
RBT_091361,7
RBT_091362,5
RBT_091363,5
RBT_091364,7
RBT_091365,1
RBT_091366,5
RBT_091367,5
RBT_091368,5
RBT_091369,2
RBT_091370,5
RBT_091371,1
RBT_091372,7
RBT_091373,5
RBT_091374,7
RBT_091375,6
RBT_091376,1
RBT_091377,5
RBT_091378,7
RBT_091379,4
RBT_091380,4
RBT_091381,6
RBT_091382,6
RBT_091383,5
RBT_091384,5
RBT_091385,2
RBT_091386,7
RBT_091387,4
RBT_091388,6
RBT_091389,5
RBT_091390,5
RBT_091391,4
RBT_091392,2
RBT_091393,4
RBT_091394,7
RBT_091395,2
RBT_091396,5
RBT_091397,7
RBT_091398,1
RBT_091399,2
RBT_091400,7
RBT_091401,6
RBT_091402,5
RBT_091403,5
RBT_091404,7
RBT_091405,1
RBT_091406,4
RBT_091407,4
RBT_091408,2
RBT_091409,4
RBT_091410,5
RBT_091411,7
RBT_091412,5
RBT_091413,7
RBT_091414,6
RBT_091415,6
RBT_091416,4
RBT_091417,5
RBT_091418,1
RBT_091419,4
RBT_091420,5
RBT_091421,6
RBT_091422,6
RBT_091423,3
RBT_091424,3
RBT_091425,5
RBT_091426,5
RBT_091427,3
RBT_091428,6
RBT_091429,5
RBT_091430,7
RBT_091431,4
RBT_091432,3
RBT_091433,3
RBT_091434,7
RBT_091435,6
RBT_091436,5
RBT_091437,4
RBT_091438,4
RBT_091439,4
RBT_091440,1
RBT_091441,2
RBT_091442,7
RBT_091443,6
RBT_091444,6
RBT_091445,5
RBT_091446,5
RBT_091447,2
RBT_091448,5
RBT_091449,6
RBT_091450,3
RBT_091451,5
RBT_091452,7
RBT_091453,6
RBT_091454,6
RBT_091455,1
RBT_091456,3
RBT_091457,4
RBT_091458,4
RBT_091459,2
RBT_091460,3
RBT_091461,5
RBT_091462,1
RBT_091463,5
RBT_091464,5
RBT_091465,1
RBT_091466,5
RBT_091467,2
RBT_091468,5
RBT_091469,7
RBT_091470,2
RBT_091471,5
RBT_091472,3
RBT_091473,5
RBT_091474,5
RBT_091475,7
RBT_091476,6
RBT_091477,6
RBT_091478,6
RBT_091479,2
RBT_091480,5
RBT_091481,5
RBT_091482,1
RBT_091483,6
RBT_091484,4
RBT_091485,1
RBT_091486,2
RBT_091487,7
RBT_091488,7
RBT_091489,7
RBT_091490,7
RBT_091491,6
RBT_091492,4
RBT_091493,4
RBT_091494,5
RBT_091495,6
RBT_091496,7
RBT_091497,5
RBT_091498,4
RBT_091499,4
RBT_091500,5
RBT_091501,1
RBT_091502,4
RBT_091503,4
RBT_091504,6
RBT_091505,5
RBT_091506,4
RBT_091507,5
RBT_091508,6
RBT_091509,5
RBT_091510,2
RBT_091511,5
RBT_091512,5
RBT_091513,5
RBT_091514,1
RBT_091515,6
RBT_091516,5
RBT_091517,7
RBT_091518,5
RBT_091519,6
RBT_091520,6
RBT_091521,6
RBT_091522,7
RBT_091523,5
RBT_091524,5
RBT_091525,7
RBT_091526,5
RBT_091527,1
RBT_091528,6
RBT_091529,7
RBT_091530,6
RBT_091531,6
RBT_091532,2
RBT_091533,6
RBT_091534,1
RBT_091535,6
RBT_091536,7
RBT_091537,7
RBT_091538,4
RBT_091539,5
RBT_091540,5
RBT_091541,5
RBT_091542,5
RBT_091543,7
RBT_091544,7
RBT_091545,5
RBT_091546,5
RBT_091547,6
RBT_091548,5
RBT_091549,6
RBT_091550,6
RBT_091551,7
RBT_091552,7
RBT_091553,2
RBT_091554,5
RBT_091555,5
RBT_091556,5
RBT_091557,5
RBT_091558,7
RBT_091559,4
RBT_091560,5
RBT_091561,6
RBT_091562,2
RBT_091563,7
RBT_091564,4
RBT_091565,6
RBT_091566,5
RBT_091567,4
RBT_091568,7
RBT_091569,1
RBT_091570,6
RBT_091571,6
RBT_091572,5
RBT_091573,7
RBT_091574,5
RBT_091575,5
RBT_091576,6
RBT_091577,1
RBT_091578,5
RBT_091579,4
RBT_091580,5
RBT_091581,7
RBT_091582,5
RBT_091583,5
RBT_091584,5
RBT_091585,5
RBT_091586,5
RBT_091587,4
RBT_091588,6
RBT_091589,6
RBT_091590,4
RBT_091591,1
RBT_091592,5
RBT_091593,5
RBT_091594,5
RBT_091595,4
RBT_091596,7
RBT_091597,5
RBT_091598,6
RBT_091599,5
RBT_091600,6
RBT_091601,6
RBT_091602,4
RBT_091603,6
RBT_091604,6
RBT_091605,5
RBT_091606,5
RBT_091607,4
RBT_091608,5
RBT_091609,5
RBT_091610,7
RBT_091611,5
RBT_091612,4
RBT_091613,3
RBT_091614,6
RBT_091615,5
RBT_091616,4
RBT_091617,3
RBT_091618,6
RBT_091619,4
RBT_091620,6
RBT_091621,6
RBT_091622,7
RBT_091623,7
RBT_091624,5
RBT_091625,5
RBT_091626,5
RBT_091627,2
RBT_091628,5
RBT_091629,5
RBT_091630,3
RBT_091631,7
RBT_091632,4
RBT_091633,6
RBT_091634,2
RBT_091635,1
RBT_091636,6
RBT_091637,2
RBT_091638,6
RBT_091639,5
RBT_091640,5
RBT_091641,1
RBT_091642,4
RBT_091643,7
RBT_091644,7
RBT_091645,5
RBT_091646,5
RBT_091647,5
RBT_091648,5
RBT_091649,7
RBT_091650,6
RBT_091651,6
RBT_091652,5
RBT_091653,3
RBT_091654,7
RBT_091655,7
RBT_091656,7
RBT_091657,3
RBT_091658,4
RBT_091659,5
RBT_091660,5
RBT_091661,6
RBT_091662,6
RBT_091663,6
RBT_091664,1
RBT_091665,7
RBT_091666,7
RBT_091667,7
RBT_091668,2
RBT_091669,5
RBT_091670,6
RBT_091671,2
RBT_091672,2
RBT_091673,6
RBT_091674,6
RBT_091675,7
RBT_091676,6
RBT_091677,4
RBT_091678,7
RBT_091679,4
RBT_091680,6
RBT_091681,5
RBT_091682,3
RBT_091683,7
RBT_091684,5
RBT_091685,2
RBT_091686,5
RBT_091687,6
RBT_091688,5
RBT_091689,3
RBT_091690,6
RBT_091691,5
RBT_091692,5
RBT_091693,4
RBT_091694,5
RBT_091695,7
RBT_091696,3
RBT_091697,1
RBT_091698,3
RBT_091699,6
RBT_091700,5
RBT_091701,6
RBT_091702,1
RBT_091703,3
RBT_091704,6
RBT_091705,6
RBT_091706,6
RBT_091707,5
RBT_091708,6
RBT_091709,3
RBT_091710,5
RBT_091711,5
RBT_091712,7
RBT_091713,5
RBT_091714,6
RBT_091715,5
RBT_091716,6
RBT_091717,1
RBT_091718,6
RBT_091719,1
RBT_091720,4
RBT_091721,5
RBT_091722,4
RBT_091723,2
RBT_091724,2
RBT_091725,5
RBT_091726,3
RBT_091727,6
RBT_091728,7
RBT_091729,6
RBT_091730,3
RBT_091731,5
RBT_091732,6
RBT_091733,7
RBT_091734,6
RBT_091735,4
RBT_091736,4
RBT_091737,6
RBT_091738,6
RBT_091739,5
RBT_091740,2
RBT_091741,5
RBT_091742,5
RBT_091743,1
RBT_091744,5
RBT_091745,4
RBT_091746,6
RBT_091747,5
RBT_091748,1
RBT_091749,5
RBT_091750,6
RBT_091751,6
RBT_091752,2
RBT_091753,2
RBT_091754,6
RBT_091755,5
RBT_091756,5
RBT_091757,5
RBT_091758,5
RBT_091759,5
RBT_091760,1
RBT_091761,5
RBT_091762,5
RBT_091763,5
RBT_091764,4
RBT_091765,6
RBT_091766,4
RBT_091767,2
RBT_091768,6
RBT_091769,5
RBT_091770,4
RBT_091771,3
RBT_091772,5
RBT_091773,2
RBT_091774,3
RBT_091775,7
RBT_091776,4
RBT_091777,4
RBT_091778,3
RBT_091779,7
RBT_091780,7
RBT_091781,1
RBT_091782,7
RBT_091783,3
RBT_091784,5
RBT_091785,5
RBT_091786,5
RBT_091787,4
RBT_091788,6
RBT_091789,6
RBT_091790,7
RBT_091791,4
RBT_091792,5
RBT_091793,4
RBT_091794,2
RBT_091795,1
RBT_091796,6
RBT_091797,4
RBT_091798,5
RBT_091799,7
RBT_091800,1
RBT_091801,5
RBT_091802,5
RBT_091803,6
RBT_091804,6
RBT_091805,2
RBT_091806,3
RBT_091807,1
RBT_091808,3
RBT_091809,3
RBT_091810,2
RBT_091811,5
RBT_091812,7
RBT_091813,6
RBT_091814,4
RBT_091815,6
RBT_091816,7
RBT_091817,5
RBT_091818,5
RBT_091819,4
RBT_091820,6
RBT_091821,5
RBT_091822,4
RBT_091823,3
RBT_091824,5
RBT_091825,7
RBT_091826,1
RBT_091827,7
RBT_091828,3
RBT_091829,5
RBT_091830,1
RBT_091831,1
RBT_091832,4
RBT_091833,5
RBT_091834,7
RBT_091835,3
RBT_091836,5
RBT_091837,5
RBT_091838,7
RBT_091839,3
RBT_091840,4
RBT_091841,1
RBT_091842,7
RBT_091843,5
RBT_091844,5
RBT_091845,1
RBT_091846,2
RBT_091847,6
RBT_091848,5
RBT_091849,3
RBT_091850,6
RBT_091851,7
RBT_091852,2
RBT_091853,7
RBT_091854,6
RBT_091855,3
RBT_091856,6
RBT_091857,6
RBT_091858,5
RBT_091859,6
RBT_091860,3
RBT_091861,6
RBT_091862,5
RBT_091863,4
RBT_091864,6
RBT_091865,5
RBT_091866,4
RBT_091867,3
RBT_091868,5
RBT_091869,5
RBT_091870,7
RBT_091871,5
RBT_091872,6
RBT_091873,5
RBT_091874,2
RBT_091875,5
RBT_091876,7
RBT_091877,5
RBT_091878,6
RBT_091879,7
RBT_091880,5
RBT_091881,5
RBT_091882,6
RBT_091883,6
RBT_091884,6
RBT_091885,6
RBT_091886,3
RBT_091887,5
RBT_091888,3
RBT_091889,2
RBT_091890,6
RBT_091891,4
RBT_091892,2
RBT_091893,5
RBT_091894,7
RBT_091895,3
RBT_091896,5
RBT_091897,5
RBT_091898,3
RBT_091899,7
RBT_091900,5
RBT_091901,3
RBT_091902,6
RBT_091903,4
RBT_091904,2
RBT_091905,4
RBT_091906,5
RBT_091907,2
RBT_091908,1
RBT_091909,5
RBT_091910,5
RBT_091911,3
RBT_091912,6
RBT_091913,2
RBT_091914,4
RBT_091915,2
RBT_091916,6
RBT_091917,5
RBT_091918,3
RBT_091919,5
RBT_091920,6
RBT_091921,1
RBT_091922,5
RBT_091923,4
RBT_091924,3
RBT_091925,6
RBT_091926,5
RBT_091927,5
RBT_091928,6
RBT_091929,4
RBT_091930,1
RBT_091931,7
RBT_091932,4
RBT_091933,5
RBT_091934,7
RBT_091935,5
RBT_091936,7
RBT_091937,5
RBT_091938,7
RBT_091939,2
RBT_091940,5
RBT_091941,7
RBT_091942,3
RBT_091943,5
RBT_091944,3
RBT_091945,7
RBT_091946,4
RBT_091947,2
RBT_091948,7
RBT_091949,5
RBT_091950,6
RBT_091951,5
RBT_091952,5
RBT_091953,4
RBT_091954,7
RBT_091955,3
RBT_091956,7
RBT_091957,4
RBT_091958,3
RBT_091959,5
RBT_091960,7
RBT_091961,4
RBT_091962,2
RBT_091963,5
RBT_091964,7
RBT_091965,5
RBT_091966,1
RBT_091967,5
RBT_091968,5
RBT_091969,2
RBT_091970,6
RBT_091971,5
RBT_091972,3
RBT_091973,6
RBT_091974,5
RBT_091975,6
RBT_091976,5
RBT_091977,7
RBT_091978,7
RBT_091979,1
RBT_091980,1
RBT_091981,6
RBT_091982,4
RBT_091983,4
RBT_091984,4
RBT_091985,6
RBT_091986,3
RBT_091987,1
RBT_091988,5
RBT_091989,3
RBT_091990,5
RBT_091991,5
RBT_091992,5
RBT_091993,2
RBT_091994,6
RBT_091995,5
RBT_091996,5
RBT_091997,4
RBT_091998,6
RBT_091999,6
RBT_092000,4
RBT_092001,7
RBT_092002,5
RBT_092003,7
RBT_092004,3
RBT_092005,4
RBT_092006,7
RBT_092007,2
RBT_092008,6
RBT_092009,7
RBT_092010,7
RBT_092011,7
RBT_092012,5
RBT_092013,5
RBT_092014,3
RBT_092015,3
RBT_092016,5
RBT_092017,5
RBT_092018,3
RBT_092019,1
RBT_092020,2
RBT_092021,7
RBT_092022,1
RBT_092023,7
RBT_092024,2
RBT_092025,3
RBT_092026,4
RBT_092027,6
RBT_092028,6
RBT_092029,4
RBT_092030,4
RBT_092031,6
RBT_092032,5
RBT_092033,5
RBT_092034,5
RBT_092035,5
RBT_092036,5
RBT_092037,6
RBT_092038,7
RBT_092039,5
RBT_092040,5
RBT_092041,7
RBT_092042,6
RBT_092043,5
RBT_092044,5
RBT_092045,6
RBT_092046,6
RBT_092047,6
RBT_092048,7
RBT_092049,5
RBT_092050,4
RBT_092051,5
RBT_092052,6
RBT_092053,5
RBT_092054,6
RBT_092055,4
RBT_092056,6
RBT_092057,4
RBT_092058,6
RBT_092059,5
RBT_092060,7
RBT_092061,5
RBT_092062,5
RBT_092063,1
RBT_092064,7
RBT_092065,5
RBT_092066,4
RBT_092067,6
RBT_092068,3
RBT_092069,2
RBT_092070,4
RBT_092071,6
RBT_092072,4
RBT_092073,5
RBT_092074,6
RBT_092075,5
RBT_092076,3
RBT_092077,4
RBT_092078,4
RBT_092079,4
RBT_092080,2
RBT_092081,5
RBT_092082,5
RBT_092083,7
RBT_092084,4
RBT_092085,5
RBT_092086,4
RBT_092087,5
RBT_092088,4
RBT_092089,6
RBT_092090,4
RBT_092091,5
RBT_092092,6
RBT_092093,7
RBT_092094,5
RBT_092095,2
RBT_092096,7
RBT_092097,6
RBT_092098,4
RBT_092099,2
RBT_092100,6
RBT_092101,4
RBT_092102,5
RBT_092103,2
RBT_092104,5
RBT_092105,1
RBT_092106,5
RBT_092107,7
RBT_092108,5
RBT_092109,7
RBT_092110,5
RBT_092111,6
RBT_092112,4
RBT_092113,4
RBT_092114,5
RBT_092115,2
RBT_092116,4
RBT_092117,5
RBT_092118,5
RBT_092119,5
RBT_092120,5
RBT_092121,6
RBT_092122,5
RBT_092123,5
RBT_092124,6
RBT_092125,5
RBT_092126,5
RBT_092127,4
RBT_092128,5
RBT_092129,3
RBT_092130,5
RBT_092131,1
RBT_092132,6
RBT_092133,4
RBT_092134,6
RBT_092135,4
RBT_092136,5
RBT_092137,7
RBT_092138,5
RBT_092139,3
RBT_092140,7
RBT_092141,7
RBT_092142,3
RBT_092143,6
RBT_092144,2
RBT_092145,1
RBT_092146,5
RBT_092147,4
RBT_092148,7
RBT_092149,5
RBT_092150,6
RBT_092151,2
RBT_092152,6
RBT_092153,3
RBT_092154,5
RBT_092155,5
RBT_092156,2
RBT_092157,7
RBT_092158,4
RBT_092159,6
RBT_092160,5
RBT_092161,1
RBT_092162,6
RBT_092163,4
RBT_092164,4
RBT_092165,1
RBT_092166,4
RBT_092167,5
RBT_092168,3
RBT_092169,5
RBT_092170,6
RBT_092171,7
RBT_092172,6
RBT_092173,3
RBT_092174,5
RBT_092175,5
RBT_092176,6
RBT_092177,5
RBT_092178,5
RBT_092179,3
RBT_092180,5
RBT_092181,5
RBT_092182,6
RBT_092183,5
RBT_092184,7
RBT_092185,6
RBT_092186,6
RBT_092187,4
RBT_092188,7
RBT_092189,5
RBT_092190,1
RBT_092191,7
RBT_092192,1
RBT_092193,2
RBT_092194,1
RBT_092195,2
RBT_092196,1
RBT_092197,5
RBT_092198,7
RBT_092199,6
RBT_092200,6
RBT_092201,6
RBT_092202,6
RBT_092203,6
RBT_092204,5
RBT_092205,1
RBT_092206,6
RBT_092207,6
RBT_092208,3
RBT_092209,4
RBT_092210,6
RBT_092211,5
RBT_092212,7
RBT_092213,5
RBT_092214,6
RBT_092215,4
RBT_092216,7
RBT_092217,4
RBT_092218,4
RBT_092219,5
RBT_092220,4
RBT_092221,4
RBT_092222,5
RBT_092223,4
RBT_092224,3
RBT_092225,6
RBT_092226,4
RBT_092227,5
RBT_092228,5
RBT_092229,6
RBT_092230,3
RBT_092231,5
RBT_092232,4
RBT_092233,6
RBT_092234,5
RBT_092235,3
RBT_092236,4
RBT_092237,1
RBT_092238,6
RBT_092239,5
RBT_092240,1
RBT_092241,1
RBT_092242,7
RBT_092243,6
RBT_092244,4
RBT_092245,5
RBT_092246,5
RBT_092247,5
RBT_092248,4
RBT_092249,5
RBT_092250,3
RBT_092251,1
RBT_092252,3
RBT_092253,1
RBT_092254,5
RBT_092255,5
RBT_092256,3
RBT_092257,5
RBT_092258,4
RBT_092259,3
RBT_092260,2
RBT_092261,5
RBT_092262,2
RBT_092263,5
RBT_092264,2
RBT_092265,6
RBT_092266,1
RBT_092267,5
RBT_092268,6
RBT_092269,6
RBT_092270,3
RBT_092271,3
RBT_092272,5
RBT_092273,6
RBT_092274,6
RBT_092275,5
RBT_092276,6
RBT_092277,5
RBT_092278,5
RBT_092279,5
RBT_092280,6
RBT_092281,3
RBT_092282,5
RBT_092283,6
RBT_092284,6
RBT_092285,6
RBT_092286,2
RBT_092287,5
RBT_092288,5
RBT_092289,6
RBT_092290,5
RBT_092291,5
RBT_092292,3
RBT_092293,6
RBT_092294,7
RBT_092295,6
RBT_092296,5
RBT_092297,4
RBT_092298,5
RBT_092299,5
RBT_092300,3
RBT_092301,5
RBT_092302,4
RBT_092303,7
RBT_092304,3
RBT_092305,6
RBT_092306,1
RBT_092307,5
RBT_092308,6
RBT_092309,7
RBT_092310,6
RBT_092311,3
RBT_092312,6
RBT_092313,5
RBT_092314,4
RBT_092315,5
RBT_092316,2
RBT_092317,6
RBT_092318,5
RBT_092319,3
RBT_092320,5
RBT_092321,2
RBT_092322,4
RBT_092323,1
RBT_092324,5
RBT_092325,1
RBT_092326,1
RBT_092327,5
RBT_092328,6
RBT_092329,5
RBT_092330,5
RBT_092331,5
RBT_092332,5
RBT_092333,3
RBT_092334,7
RBT_092335,5
RBT_092336,5
RBT_092337,2
RBT_092338,5
RBT_092339,5
RBT_092340,6
RBT_092341,5
RBT_092342,1
RBT_092343,5
RBT_092344,4
RBT_092345,4
RBT_092346,2
RBT_092347,1
RBT_092348,5
RBT_092349,6
RBT_092350,4
RBT_092351,6
RBT_092352,6
RBT_092353,4
RBT_092354,5
RBT_092355,4
RBT_092356,4
RBT_092357,5
RBT_092358,5
RBT_092359,5
RBT_092360,6
RBT_092361,6
RBT_092362,7
RBT_092363,6
RBT_092364,7
RBT_092365,4
RBT_092366,7
RBT_092367,3
RBT_092368,6
RBT_092369,5
RBT_092370,5
RBT_092371,6
RBT_092372,6
RBT_092373,6
RBT_092374,3
RBT_092375,6
RBT_092376,3
RBT_092377,4
RBT_092378,5
RBT_092379,5
RBT_092380,6
RBT_092381,5
RBT_092382,5
RBT_092383,5
RBT_092384,6
RBT_092385,5
RBT_092386,1
RBT_092387,4
RBT_092388,7
RBT_092389,7
RBT_092390,5
RBT_092391,3
RBT_092392,2
RBT_092393,7
RBT_092394,5
RBT_092395,5
RBT_092396,5
RBT_092397,7
RBT_092398,3
RBT_092399,4
RBT_092400,7
RBT_092401,5
RBT_092402,4
RBT_092403,7
RBT_092404,3
RBT_092405,2
RBT_092406,2
RBT_092407,2
RBT_092408,6
RBT_092409,5
RBT_092410,6
RBT_092411,6
RBT_092412,2
RBT_092413,6
RBT_092414,6
RBT_092415,6
RBT_092416,2
RBT_092417,4
RBT_092418,5
RBT_092419,5
RBT_092420,6
RBT_092421,1
RBT_092422,5
RBT_092423,6
RBT_092424,7
RBT_092425,2
RBT_092426,5
RBT_092427,1
RBT_092428,5
RBT_092429,5
RBT_092430,4
RBT_092431,5
RBT_092432,1
RBT_092433,7
RBT_092434,4
RBT_092435,3
RBT_092436,5
RBT_092437,5
RBT_092438,1
RBT_092439,6
RBT_092440,6
RBT_092441,5
RBT_092442,3
RBT_092443,7
RBT_092444,6
RBT_092445,4
RBT_092446,5
RBT_092447,2
RBT_092448,2
RBT_092449,5
RBT_092450,6
RBT_092451,7
RBT_092452,7
RBT_092453,6
RBT_092454,6
RBT_092455,5
RBT_092456,1
RBT_092457,2
RBT_092458,7
RBT_092459,5
RBT_092460,6
RBT_092461,3
RBT_092462,5
RBT_092463,3
RBT_092464,6
RBT_092465,3
RBT_092466,6
RBT_092467,3
RBT_092468,6
RBT_092469,5
RBT_092470,5
RBT_092471,4
RBT_092472,6
RBT_092473,2
RBT_092474,5
RBT_092475,6
RBT_092476,4
RBT_092477,6
RBT_092478,6
RBT_092479,5
RBT_092480,6
RBT_092481,3
RBT_092482,6
RBT_092483,3
RBT_092484,7
RBT_092485,1
RBT_092486,4
RBT_092487,5
RBT_092488,5
RBT_092489,5
RBT_092490,6
RBT_092491,1
RBT_092492,5
RBT_092493,5
RBT_092494,3
RBT_092495,5
RBT_092496,5
RBT_092497,5
RBT_092498,5
RBT_092499,5
RBT_092500,4
RBT_092501,6
RBT_092502,5
RBT_092503,3
RBT_092504,4
RBT_092505,7
RBT_092506,5
RBT_092507,7
RBT_092508,7
RBT_092509,3
RBT_092510,6
RBT_092511,5
RBT_092512,1
RBT_092513,6
RBT_092514,3
RBT_092515,7
RBT_092516,6
RBT_092517,6
RBT_092518,6
RBT_092519,5
RBT_092520,6
RBT_092521,6
RBT_092522,3
RBT_092523,5
RBT_092524,3
RBT_092525,2
RBT_092526,7
RBT_092527,5
RBT_092528,5
RBT_092529,5
RBT_092530,6
RBT_092531,5
RBT_092532,6
RBT_092533,5
RBT_092534,5
RBT_092535,5
RBT_092536,6
RBT_092537,4
RBT_092538,6
RBT_092539,3
RBT_092540,4
RBT_092541,7
RBT_092542,3
RBT_092543,5
RBT_092544,4
RBT_092545,5
RBT_092546,6
RBT_092547,6
RBT_092548,6
RBT_092549,7
RBT_092550,7
RBT_092551,7
RBT_092552,5
RBT_092553,5
RBT_092554,6
RBT_092555,7
RBT_092556,7
RBT_092557,5
RBT_092558,6
RBT_092559,4
RBT_092560,3
RBT_092561,5
RBT_092562,3
RBT_092563,5
RBT_092564,5
RBT_092565,7
RBT_092566,7
RBT_092567,4
RBT_092568,3
RBT_092569,3
RBT_092570,5
RBT_092571,6
RBT_092572,5
RBT_092573,7
RBT_092574,5
RBT_092575,5
RBT_092576,6
RBT_092577,7
RBT_092578,4
RBT_092579,4
RBT_092580,3
RBT_092581,5
RBT_092582,5
RBT_092583,4
RBT_092584,6
RBT_092585,4
RBT_092586,6
RBT_092587,6
RBT_092588,6
RBT_092589,3
RBT_092590,4
RBT_092591,5
RBT_092592,6
RBT_092593,5
RBT_092594,5
RBT_092595,5
RBT_092596,1
RBT_092597,4
RBT_092598,6
RBT_092599,6
RBT_092600,7
RBT_092601,5
RBT_092602,7
RBT_092603,5
RBT_092604,4
RBT_092605,4
RBT_092606,3
RBT_092607,5
RBT_092608,6
RBT_092609,1
RBT_092610,4
RBT_092611,3
RBT_092612,6
RBT_092613,3
RBT_092614,3
RBT_092615,1
RBT_092616,5
RBT_092617,5
RBT_092618,4
RBT_092619,1
RBT_092620,7
RBT_092621,6
RBT_092622,5
RBT_092623,7
RBT_092624,6
RBT_092625,5
RBT_092626,5
RBT_092627,5
RBT_092628,6
RBT_092629,6
RBT_092630,5
RBT_092631,6
RBT_092632,3
RBT_092633,6
RBT_092634,1
RBT_092635,5
RBT_092636,6
RBT_092637,7
RBT_092638,5
RBT_092639,3
RBT_092640,4
RBT_092641,5
RBT_092642,6
RBT_092643,3
RBT_092644,3
RBT_092645,3
RBT_092646,4
RBT_092647,7
RBT_092648,3
RBT_092649,5
RBT_092650,5
RBT_092651,2
RBT_092652,3
RBT_092653,7
RBT_092654,5
RBT_092655,7
RBT_092656,5
RBT_092657,6
RBT_092658,4
RBT_092659,5
RBT_092660,6
RBT_092661,5
RBT_092662,2
RBT_092663,1
RBT_092664,4
RBT_092665,3
RBT_092666,6
RBT_092667,5
RBT_092668,6
RBT_092669,5
RBT_092670,5
RBT_092671,5
RBT_092672,3
RBT_092673,5
RBT_092674,5
RBT_092675,4
RBT_092676,7
RBT_092677,2
RBT_092678,6
RBT_092679,5
RBT_092680,6
RBT_092681,2
RBT_092682,5
RBT_092683,6
RBT_092684,6
RBT_092685,6
RBT_092686,6
RBT_092687,4
RBT_092688,7
RBT_092689,2
RBT_092690,3
RBT_092691,5
RBT_092692,5
RBT_092693,5
RBT_092694,6
RBT_092695,5
RBT_092696,2
RBT_092697,7
RBT_092698,6
RBT_092699,7
RBT_092700,5
RBT_092701,1
RBT_092702,6
RBT_092703,5
RBT_092704,1
RBT_092705,5
RBT_092706,7
RBT_092707,3
RBT_092708,5
RBT_092709,5
RBT_092710,6
RBT_092711,5
RBT_092712,5
RBT_092713,4
RBT_092714,1
RBT_092715,5
RBT_092716,7
RBT_092717,6
RBT_092718,4
RBT_092719,4
RBT_092720,7
RBT_092721,6
RBT_092722,5
RBT_092723,5
RBT_092724,5
RBT_092725,3
RBT_092726,6
RBT_092727,3
RBT_092728,3
RBT_092729,5
RBT_092730,6
RBT_092731,5
RBT_092732,5
RBT_092733,6
RBT_092734,5
RBT_092735,6
RBT_092736,6
RBT_092737,1
RBT_092738,3
RBT_092739,6
RBT_092740,5
RBT_092741,6
RBT_092742,5
RBT_092743,5
RBT_092744,6
RBT_092745,4
RBT_092746,6
RBT_092747,5
RBT_092748,5
RBT_092749,2
RBT_092750,6
RBT_092751,4
RBT_092752,4
RBT_092753,2
RBT_092754,5
RBT_092755,5
RBT_092756,2
RBT_092757,6
RBT_092758,2
RBT_092759,3
RBT_092760,5
RBT_092761,4
RBT_092762,4
RBT_092763,5
RBT_092764,5
RBT_092765,5
RBT_092766,6
RBT_092767,6
RBT_092768,7
RBT_092769,6
RBT_092770,2
RBT_092771,5
RBT_092772,5
RBT_092773,5
RBT_092774,1
RBT_092775,5
RBT_092776,5
RBT_092777,6
RBT_092778,6
RBT_092779,5
RBT_092780,6
RBT_092781,5
RBT_092782,7
RBT_092783,4
RBT_092784,6
RBT_092785,5
RBT_092786,6
RBT_092787,5
RBT_092788,2
RBT_092789,5
RBT_092790,5
RBT_092791,7
RBT_092792,2
RBT_092793,4
RBT_092794,4
RBT_092795,5
RBT_092796,6
RBT_092797,5
RBT_092798,3
RBT_092799,5
RBT_092800,1
RBT_092801,4
RBT_092802,5
RBT_092803,5
RBT_092804,6
RBT_092805,6
RBT_092806,4
RBT_092807,4
RBT_092808,7
RBT_092809,5
RBT_092810,2
RBT_092811,5
RBT_092812,4
RBT_092813,5
RBT_092814,6
RBT_092815,3
RBT_092816,5
RBT_092817,5
RBT_092818,7
RBT_092819,6
RBT_092820,2
RBT_092821,3
RBT_092822,2
RBT_092823,1
RBT_092824,5
RBT_092825,4
RBT_092826,4
RBT_092827,5
RBT_092828,3
RBT_092829,7
RBT_092830,6
RBT_092831,2
RBT_092832,5
RBT_092833,7
RBT_092834,3
RBT_092835,2
RBT_092836,3
RBT_092837,6
RBT_092838,5
RBT_092839,2
RBT_092840,4
RBT_092841,2
RBT_092842,4
RBT_092843,3
RBT_092844,3
RBT_092845,6
RBT_092846,6
RBT_092847,6
RBT_092848,6
RBT_092849,5
RBT_092850,5
RBT_092851,5
RBT_092852,5
RBT_092853,6
RBT_092854,7
RBT_092855,3
RBT_092856,1
RBT_092857,3
RBT_092858,5
RBT_092859,5
RBT_092860,6
RBT_092861,5
RBT_092862,6
RBT_092863,4
RBT_092864,6
RBT_092865,1
RBT_092866,4
RBT_092867,5
RBT_092868,7
RBT_092869,7
RBT_092870,5
RBT_092871,2
RBT_092872,6
RBT_092873,3
RBT_092874,4
RBT_092875,5
RBT_092876,7
RBT_092877,7
RBT_092878,2
RBT_092879,6
RBT_092880,5
RBT_092881,6
RBT_092882,6
RBT_092883,7
RBT_092884,4
RBT_092885,6
RBT_092886,4
RBT_092887,7
RBT_092888,5
RBT_092889,5
RBT_092890,7
RBT_092891,3
RBT_092892,5
RBT_092893,7
RBT_092894,7
RBT_092895,3
RBT_092896,2
RBT_092897,5
RBT_092898,6
RBT_092899,7
RBT_092900,5
RBT_092901,5
RBT_092902,3
RBT_092903,5
RBT_092904,5
RBT_092905,6
RBT_092906,2
RBT_092907,6
RBT_092908,7
RBT_092909,6
RBT_092910,5
RBT_092911,2
RBT_092912,6
RBT_092913,4
RBT_092914,5
RBT_092915,6
RBT_092916,5
RBT_092917,5
RBT_092918,3
RBT_092919,5
RBT_092920,3
RBT_092921,2
RBT_092922,5
RBT_092923,5
RBT_092924,5
RBT_092925,5
RBT_092926,6
RBT_092927,7
RBT_092928,6
RBT_092929,5
RBT_092930,5
RBT_092931,7
RBT_092932,6
RBT_092933,6
RBT_092934,4
RBT_092935,5
RBT_092936,5
RBT_092937,4
RBT_092938,5
RBT_092939,5
RBT_092940,5
RBT_092941,6
RBT_092942,5
RBT_092943,6
RBT_092944,5
RBT_092945,4
RBT_092946,5
RBT_092947,6
RBT_092948,6
RBT_092949,6
RBT_092950,6
RBT_092951,4
RBT_092952,2
RBT_092953,5
RBT_092954,2
RBT_092955,7
RBT_092956,6
RBT_092957,6
RBT_092958,7
RBT_092959,7
RBT_092960,7
RBT_092961,6
RBT_092962,4
RBT_092963,1
RBT_092964,2
RBT_092965,6
RBT_092966,3
RBT_092967,4
RBT_092968,5
RBT_092969,3
RBT_092970,7
RBT_092971,6
RBT_092972,5
RBT_092973,7
RBT_092974,5
RBT_092975,7
RBT_092976,6
RBT_092977,1
RBT_092978,7
RBT_092979,6
RBT_092980,5
RBT_092981,5
RBT_092982,3
RBT_092983,5
RBT_092984,5
RBT_092985,7
RBT_092986,6
RBT_092987,5
RBT_092988,3
RBT_092989,6
RBT_092990,4
RBT_092991,7
RBT_092992,4
RBT_092993,4
RBT_092994,4
RBT_092995,7
RBT_092996,3
RBT_092997,1
RBT_092998,7
RBT_092999,3
RBT_093000,5
RBT_093001,3
RBT_093002,3
RBT_093003,3
RBT_093004,6
RBT_093005,6
RBT_093006,2
RBT_093007,3
RBT_093008,7
RBT_093009,5
RBT_093010,6
RBT_093011,2
RBT_093012,1
RBT_093013,6
RBT_093014,5
RBT_093015,4
RBT_093016,6
RBT_093017,5
RBT_093018,5
RBT_093019,2
RBT_093020,5
RBT_093021,4
RBT_093022,5
RBT_093023,1
RBT_093024,5
RBT_093025,6
RBT_093026,5
RBT_093027,6
RBT_093028,7
RBT_093029,5
RBT_093030,3
RBT_093031,5
RBT_093032,4
RBT_093033,4
RBT_093034,4
RBT_093035,5
RBT_093036,5
RBT_093037,5
RBT_093038,5
RBT_093039,3
RBT_093040,5
RBT_093041,6
RBT_093042,6
RBT_093043,2
RBT_093044,7
RBT_093045,4
RBT_093046,5
RBT_093047,1
RBT_093048,7
RBT_093049,6
RBT_093050,4
RBT_093051,6
RBT_093052,5
RBT_093053,4
RBT_093054,6
RBT_093055,5
RBT_093056,3
RBT_093057,6
RBT_093058,6
RBT_093059,1
RBT_093060,5
RBT_093061,5
RBT_093062,4
RBT_093063,7
RBT_093064,4
RBT_093065,4
RBT_093066,2
RBT_093067,2
RBT_093068,7
RBT_093069,6
RBT_093070,5
RBT_093071,3
RBT_093072,4
RBT_093073,5
RBT_093074,5
RBT_093075,7
RBT_093076,6
RBT_093077,3
RBT_093078,4
RBT_093079,1
RBT_093080,2
RBT_093081,3
RBT_093082,3
RBT_093083,5
RBT_093084,5
RBT_093085,6
RBT_093086,6
RBT_093087,5
RBT_093088,7
RBT_093089,3
RBT_093090,5
RBT_093091,5
RBT_093092,5
RBT_093093,6
RBT_093094,7
RBT_093095,6
RBT_093096,7
RBT_093097,5
RBT_093098,4
RBT_093099,5
RBT_093100,7
RBT_093101,7
RBT_093102,7
RBT_093103,1
RBT_093104,5
RBT_093105,4
RBT_093106,5
RBT_093107,1
RBT_093108,7
RBT_093109,5
RBT_093110,2
RBT_093111,3
RBT_093112,5
RBT_093113,7
RBT_093114,2
RBT_093115,5
RBT_093116,3
RBT_093117,3
RBT_093118,6
RBT_093119,6
RBT_093120,7
RBT_093121,6
RBT_093122,2
RBT_093123,5
RBT_093124,5
RBT_093125,5
RBT_093126,4
RBT_093127,3
RBT_093128,7
RBT_093129,4
RBT_093130,5
RBT_093131,2
RBT_093132,4
RBT_093133,5
RBT_093134,4
RBT_093135,4
RBT_093136,6
RBT_093137,5
RBT_093138,7
RBT_093139,2
RBT_093140,3
RBT_093141,6
RBT_093142,5
RBT_093143,5
RBT_093144,5
RBT_093145,5
RBT_093146,2
RBT_093147,6
RBT_093148,5
RBT_093149,5
RBT_093150,6
RBT_093151,5
RBT_093152,6
RBT_093153,7
RBT_093154,7
RBT_093155,5
RBT_093156,2
RBT_093157,1
RBT_093158,6
RBT_093159,2
RBT_093160,5
RBT_093161,5
RBT_093162,7
RBT_093163,3
RBT_093164,1
RBT_093165,1
RBT_093166,2
RBT_093167,7
RBT_093168,2
RBT_093169,6
RBT_093170,4
RBT_093171,4
RBT_093172,2
RBT_093173,3
RBT_093174,2
RBT_093175,1
RBT_093176,6
RBT_093177,2
RBT_093178,2
RBT_093179,5
RBT_093180,6
RBT_093181,3
RBT_093182,6
RBT_093183,3
RBT_093184,5
RBT_093185,5
RBT_093186,6
RBT_093187,4
RBT_093188,5
RBT_093189,6
RBT_093190,4
RBT_093191,3
RBT_093192,5
RBT_093193,7
RBT_093194,7
RBT_093195,5
RBT_093196,4
RBT_093197,5
RBT_093198,7
RBT_093199,2
RBT_093200,6
RBT_093201,5
RBT_093202,4
RBT_093203,6
RBT_093204,2
RBT_093205,7
RBT_093206,5
RBT_093207,6
RBT_093208,3
RBT_093209,5
RBT_093210,1
RBT_093211,4
RBT_093212,6
RBT_093213,5
RBT_093214,5
RBT_093215,6
RBT_093216,5
RBT_093217,5
RBT_093218,6
RBT_093219,2
RBT_093220,3
RBT_093221,5
RBT_093222,7
RBT_093223,5
RBT_093224,7
RBT_093225,5
RBT_093226,5
RBT_093227,3
RBT_093228,6
RBT_093229,5
RBT_093230,7
RBT_093231,2
RBT_093232,5
RBT_093233,2
RBT_093234,6
RBT_093235,6
RBT_093236,6
RBT_093237,5
RBT_093238,2
RBT_093239,5
RBT_093240,6
RBT_093241,5
RBT_093242,6
RBT_093243,5
RBT_093244,5
RBT_093245,4
RBT_093246,7
RBT_093247,5
RBT_093248,4
RBT_093249,1
RBT_093250,4
RBT_093251,5
RBT_093252,6
RBT_093253,7
RBT_093254,5
RBT_093255,6
RBT_093256,4
RBT_093257,7
RBT_093258,5
RBT_093259,5
RBT_093260,7
RBT_093261,1
RBT_093262,4
RBT_093263,6
RBT_093264,5
RBT_093265,3
RBT_093266,5
RBT_093267,5
RBT_093268,6
RBT_093269,4
RBT_093270,1
RBT_093271,5
RBT_093272,5
RBT_093273,5
RBT_093274,1
RBT_093275,2
RBT_093276,3
RBT_093277,5
RBT_093278,5
RBT_093279,5
RBT_093280,6
RBT_093281,4
RBT_093282,6
RBT_093283,5
RBT_093284,6
RBT_093285,6
RBT_093286,1
RBT_093287,4
RBT_093288,3
RBT_093289,6
RBT_093290,4
RBT_093291,5
RBT_093292,5
RBT_093293,4
RBT_093294,6
RBT_093295,1
RBT_093296,6
RBT_093297,1
RBT_093298,5
RBT_093299,7
RBT_093300,5
RBT_093301,6
RBT_093302,5
RBT_093303,6
RBT_093304,7
RBT_093305,7
RBT_093306,1
RBT_093307,4
RBT_093308,5
RBT_093309,7
RBT_093310,5
RBT_093311,4
RBT_093312,6
RBT_093313,6
RBT_093314,6
RBT_093315,2
RBT_093316,5
RBT_093317,4
RBT_093318,6
RBT_093319,5
RBT_093320,3
RBT_093321,5
RBT_093322,5
RBT_093323,6
RBT_093324,7
RBT_093325,3
RBT_093326,4
RBT_093327,6
RBT_093328,4
RBT_093329,4
RBT_093330,5
RBT_093331,5
RBT_093332,6
RBT_093333,2
RBT_093334,5
RBT_093335,5
RBT_093336,5
RBT_093337,2
RBT_093338,3
RBT_093339,5
RBT_093340,3
RBT_093341,4
RBT_093342,5
RBT_093343,5
RBT_093344,4
RBT_093345,5
RBT_093346,5
RBT_093347,2
RBT_093348,6
RBT_093349,6
RBT_093350,6
RBT_093351,3
RBT_093352,5
RBT_093353,4
RBT_093354,5
RBT_093355,2
RBT_093356,7
RBT_093357,7
RBT_093358,5
RBT_093359,5
RBT_093360,5
RBT_093361,5
RBT_093362,6
RBT_093363,5
RBT_093364,3
RBT_093365,4
RBT_093366,6
RBT_093367,7
RBT_093368,5
RBT_093369,5
RBT_093370,3
RBT_093371,4
RBT_093372,3
RBT_093373,5
RBT_093374,6
RBT_093375,6
RBT_093376,5
RBT_093377,5
RBT_093378,4
RBT_093379,3
RBT_093380,5
RBT_093381,5
RBT_093382,1
RBT_093383,2
RBT_093384,5
RBT_093385,3
RBT_093386,5
RBT_093387,7
RBT_093388,6
RBT_093389,2
RBT_093390,1
RBT_093391,3
RBT_093392,2
RBT_093393,5
RBT_093394,3
RBT_093395,2
RBT_093396,5
RBT_093397,5
RBT_093398,5
RBT_093399,5
RBT_093400,4
RBT_093401,5
RBT_093402,7
RBT_093403,5
RBT_093404,4
RBT_093405,5
RBT_093406,6
RBT_093407,7
RBT_093408,3
RBT_093409,5
RBT_093410,7
RBT_093411,5
RBT_093412,4
RBT_093413,6
RBT_093414,5
RBT_093415,6
RBT_093416,5
RBT_093417,5
RBT_093418,3
RBT_093419,7
RBT_093420,5
RBT_093421,6
RBT_093422,5
RBT_093423,6
RBT_093424,6
RBT_093425,4
RBT_093426,5
RBT_093427,6
RBT_093428,5
RBT_093429,7
RBT_093430,6
RBT_093431,5
RBT_093432,6
RBT_093433,5
RBT_093434,3
RBT_093435,5
RBT_093436,4
RBT_093437,1
RBT_093438,3
RBT_093439,3
RBT_093440,6
RBT_093441,6
RBT_093442,5
RBT_093443,7
RBT_093444,3
RBT_093445,3
RBT_093446,7
RBT_093447,5
RBT_093448,5
RBT_093449,6
RBT_093450,4
RBT_093451,5
RBT_093452,5
RBT_093453,4
RBT_093454,6
RBT_093455,3
RBT_093456,1
RBT_093457,4
RBT_093458,3
RBT_093459,6
RBT_093460,2
RBT_093461,7
RBT_093462,2
RBT_093463,7
RBT_093464,3
RBT_093465,1
RBT_093466,5
RBT_093467,4
RBT_093468,5
RBT_093469,5
RBT_093470,6
RBT_093471,7
RBT_093472,5
RBT_093473,3
RBT_093474,4
RBT_093475,2
RBT_093476,5
RBT_093477,7
RBT_093478,4
RBT_093479,5
RBT_093480,7
RBT_093481,2
RBT_093482,6
RBT_093483,6
RBT_093484,6
RBT_093485,3
RBT_093486,5
RBT_093487,4
RBT_093488,6
RBT_093489,6
RBT_093490,5
RBT_093491,5
RBT_093492,6
RBT_093493,3
RBT_093494,3
RBT_093495,3
RBT_093496,2
RBT_093497,6
RBT_093498,5
RBT_093499,7
RBT_093500,7
RBT_093501,5
RBT_093502,5
RBT_093503,4
RBT_093504,7
RBT_093505,6
RBT_093506,2
RBT_093507,4
RBT_093508,5
RBT_093509,4
RBT_093510,5
RBT_093511,5
RBT_093512,6
RBT_093513,2
RBT_093514,6
RBT_093515,4
RBT_093516,5
RBT_093517,5
RBT_093518,3
RBT_093519,7
RBT_093520,1
RBT_093521,5
RBT_093522,2
RBT_093523,4
RBT_093524,2
RBT_093525,4
RBT_093526,3
RBT_093527,5
RBT_093528,1
RBT_093529,5
RBT_093530,4
RBT_093531,4
RBT_093532,5
RBT_093533,5
RBT_093534,6
RBT_093535,4
RBT_093536,7
RBT_093537,6
RBT_093538,5
RBT_093539,2
RBT_093540,5
RBT_093541,5
RBT_093542,3
RBT_093543,6
RBT_093544,5
RBT_093545,3
RBT_093546,5
RBT_093547,5
RBT_093548,5
RBT_093549,3
RBT_093550,1
RBT_093551,5
RBT_093552,3
RBT_093553,3
RBT_093554,5
RBT_093555,5
RBT_093556,6
RBT_093557,5
RBT_093558,5
RBT_093559,4
RBT_093560,3
RBT_093561,3
RBT_093562,6
RBT_093563,6
RBT_093564,5
RBT_093565,6
RBT_093566,6
RBT_093567,5
RBT_093568,5
RBT_093569,6
RBT_093570,2
RBT_093571,1
RBT_093572,5
RBT_093573,4
RBT_093574,3
RBT_093575,3
RBT_093576,4
RBT_093577,2
RBT_093578,4
RBT_093579,3
RBT_093580,5
RBT_093581,6
RBT_093582,7
RBT_093583,6
RBT_093584,1
RBT_093585,3
RBT_093586,6
RBT_093587,1
RBT_093588,5
RBT_093589,3
RBT_093590,5
RBT_093591,7
RBT_093592,5
RBT_093593,4
RBT_093594,6
RBT_093595,1
RBT_093596,7
RBT_093597,4
RBT_093598,7
RBT_093599,4
RBT_093600,4
RBT_093601,5
RBT_093602,4
RBT_093603,4
RBT_093604,6
RBT_093605,4
RBT_093606,3
RBT_093607,7
RBT_093608,5
RBT_093609,3
RBT_093610,6
RBT_093611,5
RBT_093612,6
RBT_093613,1
RBT_093614,4
RBT_093615,4
RBT_093616,7
RBT_093617,4
RBT_093618,5
RBT_093619,1
RBT_093620,6
RBT_093621,2
RBT_093622,7
RBT_093623,5
RBT_093624,5
RBT_093625,6
RBT_093626,6
RBT_093627,6
RBT_093628,4
RBT_093629,7
RBT_093630,5
RBT_093631,5
RBT_093632,7
RBT_093633,5
RBT_093634,6
RBT_093635,5
RBT_093636,5
RBT_093637,4
RBT_093638,3
RBT_093639,7
RBT_093640,5
RBT_093641,5
RBT_093642,5
RBT_093643,2
RBT_093644,5
RBT_093645,5
RBT_093646,4
RBT_093647,7
RBT_093648,5
RBT_093649,3
RBT_093650,5
RBT_093651,4
RBT_093652,7
RBT_093653,5
RBT_093654,3
RBT_093655,2
RBT_093656,5
RBT_093657,5
RBT_093658,3
RBT_093659,2
RBT_093660,1
RBT_093661,3
RBT_093662,5
RBT_093663,3
RBT_093664,4
RBT_093665,5
RBT_093666,5
RBT_093667,6
RBT_093668,5
RBT_093669,3
RBT_093670,5
RBT_093671,4
RBT_093672,5
RBT_093673,4
RBT_093674,5
RBT_093675,3
RBT_093676,4
RBT_093677,6
RBT_093678,6
RBT_093679,1
RBT_093680,2
RBT_093681,6
RBT_093682,3
RBT_093683,4
RBT_093684,4
RBT_093685,6
RBT_093686,3
RBT_093687,5
RBT_093688,5
RBT_093689,6
RBT_093690,6
RBT_093691,6
RBT_093692,3
RBT_093693,5
RBT_093694,3
RBT_093695,2
RBT_093696,5
RBT_093697,6
RBT_093698,3
RBT_093699,6
RBT_093700,4
RBT_093701,4
RBT_093702,7
RBT_093703,3
RBT_093704,2
RBT_093705,5
RBT_093706,7
RBT_093707,2
RBT_093708,4
RBT_093709,6
RBT_093710,7
RBT_093711,5
RBT_093712,5
RBT_093713,5
RBT_093714,3
RBT_093715,5
RBT_093716,5
RBT_093717,7
RBT_093718,2
RBT_093719,6
RBT_093720,6
RBT_093721,4
RBT_093722,5
RBT_093723,5
RBT_093724,7
RBT_093725,5
RBT_093726,5
RBT_093727,6
RBT_093728,6
RBT_093729,6
RBT_093730,2
RBT_093731,4
RBT_093732,4
RBT_093733,3
RBT_093734,5
RBT_093735,4
RBT_093736,1
RBT_093737,5
RBT_093738,5
RBT_093739,1
RBT_093740,7
RBT_093741,5
RBT_093742,2
RBT_093743,7
RBT_093744,5
RBT_093745,4
RBT_093746,1
RBT_093747,6
RBT_093748,7
RBT_093749,3
RBT_093750,5
RBT_093751,5
RBT_093752,5
RBT_093753,6
RBT_093754,3
RBT_093755,4
RBT_093756,3
RBT_093757,3
RBT_093758,2
RBT_093759,5
RBT_093760,1
RBT_093761,6
RBT_093762,3
RBT_093763,4
RBT_093764,4
RBT_093765,5
RBT_093766,3
RBT_093767,5
RBT_093768,7
RBT_093769,4
RBT_093770,1
RBT_093771,4
RBT_093772,5
RBT_093773,5
RBT_093774,4
RBT_093775,3
RBT_093776,7
RBT_093777,5
RBT_093778,5
RBT_093779,5
RBT_093780,5
RBT_093781,5
RBT_093782,6
RBT_093783,2
RBT_093784,1
RBT_093785,5
RBT_093786,7
RBT_093787,5
RBT_093788,5
RBT_093789,1
RBT_093790,2
RBT_093791,5
RBT_093792,5
RBT_093793,4
RBT_093794,5
RBT_093795,3
RBT_093796,3
RBT_093797,6
RBT_093798,5
RBT_093799,7
RBT_093800,2
RBT_093801,5
RBT_093802,3
RBT_093803,4
RBT_093804,5
RBT_093805,6
RBT_093806,2
RBT_093807,2
RBT_093808,7
RBT_093809,6
RBT_093810,4
RBT_093811,5
RBT_093812,6
RBT_093813,6
RBT_093814,5
RBT_093815,6
RBT_093816,4
RBT_093817,3
RBT_093818,5
RBT_093819,1
RBT_093820,5
RBT_093821,4
RBT_093822,3
RBT_093823,6
RBT_093824,3
RBT_093825,5
RBT_093826,6
RBT_093827,1
RBT_093828,5
RBT_093829,5
RBT_093830,6
RBT_093831,5
RBT_093832,2
RBT_093833,5
RBT_093834,4
RBT_093835,3
RBT_093836,5
RBT_093837,6
RBT_093838,5
RBT_093839,5
RBT_093840,7
RBT_093841,7
RBT_093842,7
RBT_093843,3
RBT_093844,4
RBT_093845,4
RBT_093846,5
RBT_093847,2
RBT_093848,7
RBT_093849,6
RBT_093850,2
RBT_093851,5
RBT_093852,3
RBT_093853,5
RBT_093854,7
RBT_093855,5
RBT_093856,4
RBT_093857,2
RBT_093858,7
RBT_093859,5
RBT_093860,7
RBT_093861,5
RBT_093862,5
RBT_093863,5
RBT_093864,5
RBT_093865,6
RBT_093866,7
RBT_093867,4
RBT_093868,1
RBT_093869,5
RBT_093870,5
RBT_093871,2
RBT_093872,5
RBT_093873,4
RBT_093874,7
RBT_093875,6
RBT_093876,2
RBT_093877,7
RBT_093878,3
RBT_093879,6
RBT_093880,5
RBT_093881,5
RBT_093882,7
RBT_093883,5
RBT_093884,7
RBT_093885,6
RBT_093886,5
RBT_093887,5
RBT_093888,2
RBT_093889,3
RBT_093890,5
RBT_093891,4
RBT_093892,3
RBT_093893,6
RBT_093894,6
RBT_093895,5
RBT_093896,6
RBT_093897,1
RBT_093898,3
RBT_093899,7
RBT_093900,6
RBT_093901,6
RBT_093902,6
RBT_093903,1
RBT_093904,6
RBT_093905,4
RBT_093906,6
RBT_093907,5
RBT_093908,6
RBT_093909,7
RBT_093910,4
RBT_093911,5
RBT_093912,5
RBT_093913,7
RBT_093914,5
RBT_093915,3
RBT_093916,7
RBT_093917,6
RBT_093918,3
RBT_093919,5
RBT_093920,4
RBT_093921,3
RBT_093922,5
RBT_093923,2
RBT_093924,6
RBT_093925,6
RBT_093926,5
RBT_093927,5
RBT_093928,3
RBT_093929,6
RBT_093930,7
RBT_093931,7
RBT_093932,2
RBT_093933,4
RBT_093934,3
RBT_093935,5
RBT_093936,6
RBT_093937,7
RBT_093938,5
RBT_093939,5
RBT_093940,3
RBT_093941,3
RBT_093942,4
RBT_093943,1
RBT_093944,5
RBT_093945,6
RBT_093946,5
RBT_093947,5
RBT_093948,5
RBT_093949,3
RBT_093950,2
RBT_093951,4
RBT_093952,4
RBT_093953,2
RBT_093954,5
RBT_093955,6
RBT_093956,3
RBT_093957,6
RBT_093958,5
RBT_093959,5
RBT_093960,2
RBT_093961,5
RBT_093962,3
RBT_093963,4
RBT_093964,7
RBT_093965,4
RBT_093966,3
RBT_093967,3
RBT_093968,5
RBT_093969,6
RBT_093970,7
RBT_093971,5
RBT_093972,5
RBT_093973,3
RBT_093974,1
RBT_093975,7
RBT_093976,6
RBT_093977,6
RBT_093978,4
RBT_093979,4
RBT_093980,5
RBT_093981,6
RBT_093982,5
RBT_093983,5
RBT_093984,4
RBT_093985,6
RBT_093986,1
RBT_093987,6
RBT_093988,3
RBT_093989,5
RBT_093990,4
RBT_093991,6
RBT_093992,5
RBT_093993,5
RBT_093994,2
RBT_093995,4
RBT_093996,6
RBT_093997,6
RBT_093998,6
RBT_093999,5
RBT_094000,4
RBT_094001,5
RBT_094002,5
RBT_094003,1
RBT_094004,7
RBT_094005,4
RBT_094006,6
RBT_094007,5
RBT_094008,4
RBT_094009,6
RBT_094010,4
RBT_094011,5
RBT_094012,6
RBT_094013,6
RBT_094014,5
RBT_094015,6
RBT_094016,5
RBT_094017,2
RBT_094018,3
RBT_094019,4
RBT_094020,5
RBT_094021,4
RBT_094022,5
RBT_094023,5
RBT_094024,5
RBT_094025,1
RBT_094026,7
RBT_094027,5
RBT_094028,5
RBT_094029,4
RBT_094030,6
RBT_094031,5
RBT_094032,4
RBT_094033,7
RBT_094034,6
RBT_094035,3
RBT_094036,6
RBT_094037,6
RBT_094038,1
RBT_094039,6
RBT_094040,5
RBT_094041,7
RBT_094042,5
RBT_094043,5
RBT_094044,7
RBT_094045,4
RBT_094046,6
RBT_094047,5
RBT_094048,5
RBT_094049,5
RBT_094050,7
RBT_094051,7
RBT_094052,1
RBT_094053,4
RBT_094054,7
RBT_094055,6
RBT_094056,5
RBT_094057,3
RBT_094058,7
RBT_094059,5
RBT_094060,2
RBT_094061,7
RBT_094062,5
RBT_094063,3
RBT_094064,3
RBT_094065,7
RBT_094066,5
RBT_094067,5
RBT_094068,5
RBT_094069,6
RBT_094070,5
RBT_094071,5
RBT_094072,5
RBT_094073,5
RBT_094074,6
RBT_094075,7
RBT_094076,7
RBT_094077,5
RBT_094078,4
RBT_094079,4
RBT_094080,5
RBT_094081,2
RBT_094082,1
RBT_094083,6
RBT_094084,7
RBT_094085,4
RBT_094086,1
RBT_094087,6
RBT_094088,5
RBT_094089,5
RBT_094090,6
RBT_094091,4
RBT_094092,5
RBT_094093,7
RBT_094094,6
RBT_094095,5
RBT_094096,6
RBT_094097,1
RBT_094098,2
RBT_094099,6
RBT_094100,4
RBT_094101,2
RBT_094102,4
RBT_094103,3
RBT_094104,5
RBT_094105,2
RBT_094106,6
RBT_094107,6
RBT_094108,5
RBT_094109,5
RBT_094110,6
RBT_094111,7
RBT_094112,2
RBT_094113,6
RBT_094114,3
RBT_094115,1
RBT_094116,2
RBT_094117,5
RBT_094118,4
RBT_094119,3
RBT_094120,5
RBT_094121,5
RBT_094122,6
RBT_094123,5
RBT_094124,5
RBT_094125,5
RBT_094126,1
RBT_094127,6
RBT_094128,5
RBT_094129,3
RBT_094130,6
RBT_094131,2
RBT_094132,4
RBT_094133,5
RBT_094134,5
RBT_094135,3
RBT_094136,1
RBT_094137,5
RBT_094138,4
RBT_094139,4
RBT_094140,4
RBT_094141,5
RBT_094142,1
RBT_094143,3
RBT_094144,5
RBT_094145,5
RBT_094146,6
RBT_094147,4
RBT_094148,5
RBT_094149,5
RBT_094150,6
RBT_094151,5
RBT_094152,5
RBT_094153,5
RBT_094154,3
RBT_094155,4
RBT_094156,5
RBT_094157,2
RBT_094158,3
RBT_094159,5
RBT_094160,5
RBT_094161,2
RBT_094162,6
RBT_094163,6
RBT_094164,4
RBT_094165,5
RBT_094166,6
RBT_094167,6
RBT_094168,4
RBT_094169,5
RBT_094170,4
RBT_094171,4
RBT_094172,7
RBT_094173,2
RBT_094174,5
RBT_094175,6
RBT_094176,7
RBT_094177,5
RBT_094178,5
RBT_094179,4
RBT_094180,3
RBT_094181,3
RBT_094182,6
RBT_094183,5
RBT_094184,4
RBT_094185,6
RBT_094186,2
RBT_094187,5
RBT_094188,6
RBT_094189,2
RBT_094190,2
RBT_094191,1
RBT_094192,7
RBT_094193,6
RBT_094194,2
RBT_094195,5
RBT_094196,4
RBT_094197,2
RBT_094198,7
RBT_094199,3
RBT_094200,7
RBT_094201,7
RBT_094202,5
RBT_094203,7
RBT_094204,2
RBT_094205,7
RBT_094206,2
RBT_094207,5
RBT_094208,6
RBT_094209,5
RBT_094210,4
RBT_094211,3
RBT_094212,7
RBT_094213,4
RBT_094214,7
RBT_094215,6
RBT_094216,4
RBT_094217,6
RBT_094218,2
RBT_094219,6
RBT_094220,5
RBT_094221,2
RBT_094222,7
RBT_094223,5
RBT_094224,3
RBT_094225,4
RBT_094226,4
RBT_094227,6
RBT_094228,5
RBT_094229,3
RBT_094230,4
RBT_094231,6
RBT_094232,5
RBT_094233,4
RBT_094234,5
RBT_094235,5
RBT_094236,2
RBT_094237,5
RBT_094238,5
RBT_094239,5
RBT_094240,3
RBT_094241,5
RBT_094242,6
RBT_094243,5
RBT_094244,5
RBT_094245,5
RBT_094246,3
RBT_094247,2
RBT_094248,6
RBT_094249,6
RBT_094250,5
RBT_094251,3
RBT_094252,6
RBT_094253,3
RBT_094254,6
RBT_094255,5
RBT_094256,1
RBT_094257,6
RBT_094258,5
RBT_094259,4
RBT_094260,5
RBT_094261,7
RBT_094262,3
RBT_094263,2
RBT_094264,6
RBT_094265,6
RBT_094266,6
RBT_094267,4
RBT_094268,5
RBT_094269,1
RBT_094270,6
RBT_094271,3
RBT_094272,3
RBT_094273,5
RBT_094274,6
RBT_094275,3
RBT_094276,4
RBT_094277,4
RBT_094278,6
RBT_094279,5
RBT_094280,4
RBT_094281,5
RBT_094282,7
RBT_094283,5
RBT_094284,3
RBT_094285,3
RBT_094286,2
RBT_094287,4
RBT_094288,5
RBT_094289,4
RBT_094290,7
RBT_094291,4
RBT_094292,3
RBT_094293,3
RBT_094294,5
RBT_094295,7
RBT_094296,7
RBT_094297,3
RBT_094298,6
RBT_094299,6
RBT_094300,3
RBT_094301,4
RBT_094302,2
RBT_094303,2
RBT_094304,5
RBT_094305,5
RBT_094306,1
RBT_094307,7
RBT_094308,5
RBT_094309,5
RBT_094310,5
RBT_094311,5
RBT_094312,4
RBT_094313,7
RBT_094314,4
RBT_094315,7
RBT_094316,1
RBT_094317,2
RBT_094318,5
RBT_094319,5
RBT_094320,6
RBT_094321,5
RBT_094322,5
RBT_094323,1
RBT_094324,6
RBT_094325,5
RBT_094326,3
RBT_094327,3
RBT_094328,5
RBT_094329,2
RBT_094330,6
RBT_094331,6
RBT_094332,4
RBT_094333,7
RBT_094334,7
RBT_094335,6
RBT_094336,4
RBT_094337,5
RBT_094338,5
RBT_094339,5
RBT_094340,5
RBT_094341,1
RBT_094342,1
RBT_094343,6
RBT_094344,7
RBT_094345,3
RBT_094346,5
RBT_094347,4
RBT_094348,5
RBT_094349,2
RBT_094350,6
RBT_094351,5
RBT_094352,4
RBT_094353,5
RBT_094354,5
RBT_094355,5
RBT_094356,6
RBT_094357,6
RBT_094358,3
RBT_094359,7
RBT_094360,3
RBT_094361,3
RBT_094362,7
RBT_094363,6
RBT_094364,4
RBT_094365,5
RBT_094366,4
RBT_094367,2
RBT_094368,2
RBT_094369,1
RBT_094370,5
RBT_094371,5
RBT_094372,6
RBT_094373,2
RBT_094374,5
RBT_094375,7
RBT_094376,7
RBT_094377,5
RBT_094378,3
RBT_094379,3
RBT_094380,5
RBT_094381,5
RBT_094382,7
RBT_094383,6
RBT_094384,5
RBT_094385,5
RBT_094386,1
RBT_094387,1
RBT_094388,5
RBT_094389,2
RBT_094390,3
RBT_094391,7
RBT_094392,6
RBT_094393,5
RBT_094394,6
RBT_094395,3
RBT_094396,5
RBT_094397,5
RBT_094398,7
RBT_094399,7
RBT_094400,5
RBT_094401,5
RBT_094402,7
RBT_094403,3
RBT_094404,5
RBT_094405,6
RBT_094406,7
RBT_094407,5
RBT_094408,6
RBT_094409,5
RBT_094410,5
RBT_094411,6
RBT_094412,4
RBT_094413,6
RBT_094414,4
RBT_094415,5
RBT_094416,5
RBT_094417,7
RBT_094418,7
RBT_094419,4
RBT_094420,7
RBT_094421,1
RBT_094422,1
RBT_094423,5
RBT_094424,5
RBT_094425,5
RBT_094426,5
RBT_094427,5
RBT_094428,1
RBT_094429,5
RBT_094430,4
RBT_094431,3
RBT_094432,5
RBT_094433,6
RBT_094434,5
RBT_094435,5
RBT_094436,5
RBT_094437,3
RBT_094438,5
RBT_094439,5
RBT_094440,4
RBT_094441,5
RBT_094442,5
RBT_094443,4
RBT_094444,4
RBT_094445,6
RBT_094446,6
RBT_094447,5
RBT_094448,5
RBT_094449,3
RBT_094450,6
RBT_094451,4
RBT_094452,6
RBT_094453,5
RBT_094454,6
RBT_094455,4
RBT_094456,6
RBT_094457,2
RBT_094458,4
RBT_094459,6
RBT_094460,5
RBT_094461,4
RBT_094462,4
RBT_094463,2
RBT_094464,6
RBT_094465,7
RBT_094466,4
RBT_094467,5
RBT_094468,5
RBT_094469,3
RBT_094470,5
RBT_094471,6
RBT_094472,6
RBT_094473,1
RBT_094474,2
RBT_094475,7
RBT_094476,7
RBT_094477,1
RBT_094478,5
RBT_094479,3
RBT_094480,6
RBT_094481,1
RBT_094482,5
RBT_094483,5
RBT_094484,2
RBT_094485,5
RBT_094486,7
RBT_094487,2
RBT_094488,6
RBT_094489,5
RBT_094490,4
RBT_094491,5
RBT_094492,7
RBT_094493,4
RBT_094494,6
RBT_094495,2
RBT_094496,7
RBT_094497,1
RBT_094498,3
RBT_094499,7
RBT_094500,4
RBT_094501,1
RBT_094502,7
RBT_094503,7
RBT_094504,6
RBT_094505,7
RBT_094506,5
RBT_094507,5
RBT_094508,6
RBT_094509,7
RBT_094510,7
RBT_094511,1
RBT_094512,4
RBT_094513,5
RBT_094514,5
RBT_094515,4
RBT_094516,1
RBT_094517,3
RBT_094518,5
RBT_094519,2
RBT_094520,1
RBT_094521,5
RBT_094522,5
RBT_094523,6
RBT_094524,5
RBT_094525,5
RBT_094526,1
RBT_094527,4
RBT_094528,5
RBT_094529,5
RBT_094530,4
RBT_094531,3
RBT_094532,1
RBT_094533,6
RBT_094534,6
RBT_094535,5
RBT_094536,6
RBT_094537,2
RBT_094538,6
RBT_094539,7
RBT_094540,3
RBT_094541,6
RBT_094542,5
RBT_094543,6
RBT_094544,5
RBT_094545,2
RBT_094546,6
RBT_094547,2
RBT_094548,4
RBT_094549,7
RBT_094550,5
RBT_094551,6
RBT_094552,3
RBT_094553,6
RBT_094554,5
RBT_094555,5
RBT_094556,7
RBT_094557,7
RBT_094558,5
RBT_094559,7
RBT_094560,2
RBT_094561,1
RBT_094562,5
RBT_094563,6
RBT_094564,3
RBT_094565,2
RBT_094566,6
RBT_094567,7
RBT_094568,6
RBT_094569,7
RBT_094570,6
RBT_094571,4
RBT_094572,2
RBT_094573,6
RBT_094574,5
RBT_094575,6
RBT_094576,5
RBT_094577,5
RBT_094578,7
RBT_094579,6
RBT_094580,1
RBT_094581,6
RBT_094582,5
RBT_094583,3
RBT_094584,5
RBT_094585,5
RBT_094586,5
RBT_094587,5
RBT_094588,4
RBT_094589,5
RBT_094590,6
RBT_094591,6
RBT_094592,6
RBT_094593,5
RBT_094594,2
RBT_094595,5
RBT_094596,1
RBT_094597,4
RBT_094598,7
RBT_094599,6
RBT_094600,5
RBT_094601,6
RBT_094602,5
RBT_094603,4
RBT_094604,7
RBT_094605,4
RBT_094606,5
RBT_094607,2
RBT_094608,3
RBT_094609,7
RBT_094610,5
RBT_094611,6
RBT_094612,6
RBT_094613,7
RBT_094614,2
RBT_094615,6
RBT_094616,5
RBT_094617,6
RBT_094618,3
RBT_094619,5
RBT_094620,4
RBT_094621,3
RBT_094622,6
RBT_094623,3
RBT_094624,5
RBT_094625,4
RBT_094626,6
RBT_094627,7
RBT_094628,6
RBT_094629,5
RBT_094630,3
RBT_094631,6
RBT_094632,7
RBT_094633,5
RBT_094634,1
RBT_094635,2
RBT_094636,5
RBT_094637,5
RBT_094638,4
RBT_094639,5
RBT_094640,7
RBT_094641,2
RBT_094642,6
RBT_094643,5
RBT_094644,5
RBT_094645,7
RBT_094646,5
RBT_094647,2
RBT_094648,6
RBT_094649,5
RBT_094650,7
RBT_094651,2
RBT_094652,3
RBT_094653,7
RBT_094654,7
RBT_094655,3
RBT_094656,6
RBT_094657,2
RBT_094658,3
RBT_094659,3
RBT_094660,1
RBT_094661,5
RBT_094662,5
RBT_094663,5
RBT_094664,6
RBT_094665,5
RBT_094666,5
RBT_094667,2
RBT_094668,6
RBT_094669,4
RBT_094670,5
RBT_094671,6
RBT_094672,5
RBT_094673,3
RBT_094674,6
RBT_094675,6
RBT_094676,6
RBT_094677,5
RBT_094678,1
RBT_094679,5
RBT_094680,1
RBT_094681,7
RBT_094682,3
RBT_094683,7
RBT_094684,7
RBT_094685,6
RBT_094686,2
RBT_094687,5
RBT_094688,4
RBT_094689,6
RBT_094690,4
RBT_094691,5
RBT_094692,4
RBT_094693,1
RBT_094694,5
RBT_094695,4
RBT_094696,5
RBT_094697,2
RBT_094698,5
RBT_094699,5
RBT_094700,5
RBT_094701,3
RBT_094702,5
RBT_094703,5
RBT_094704,2
RBT_094705,5
RBT_094706,4
RBT_094707,7
RBT_094708,5
RBT_094709,6
RBT_094710,5
RBT_094711,5
RBT_094712,7
RBT_094713,6
RBT_094714,2
RBT_094715,7
RBT_094716,2
RBT_094717,4
RBT_094718,5
RBT_094719,7
RBT_094720,5
RBT_094721,6
RBT_094722,7
RBT_094723,6
RBT_094724,5
RBT_094725,5
RBT_094726,4
RBT_094727,5
RBT_094728,1
RBT_094729,3
RBT_094730,5
RBT_094731,6
RBT_094732,4
RBT_094733,4
RBT_094734,6
RBT_094735,7
RBT_094736,6
RBT_094737,2
RBT_094738,4
RBT_094739,6
RBT_094740,3
RBT_094741,5
RBT_094742,4
RBT_094743,5
RBT_094744,6
RBT_094745,6
RBT_094746,6
RBT_094747,6
RBT_094748,3
RBT_094749,7
RBT_094750,6
RBT_094751,2
RBT_094752,5
RBT_094753,5
RBT_094754,5
RBT_094755,5
RBT_094756,3
RBT_094757,7
RBT_094758,5
RBT_094759,5
RBT_094760,5
RBT_094761,5
RBT_094762,5
RBT_094763,4
RBT_094764,5
RBT_094765,4
RBT_094766,6
RBT_094767,6
RBT_094768,6
RBT_094769,6
RBT_094770,1
RBT_094771,3
RBT_094772,4
RBT_094773,5
RBT_094774,5
RBT_094775,7
RBT_094776,6
RBT_094777,4
RBT_094778,5
RBT_094779,1
RBT_094780,1
RBT_094781,5
RBT_094782,7
RBT_094783,6
RBT_094784,5
RBT_094785,3
RBT_094786,4
RBT_094787,5
RBT_094788,5
RBT_094789,5
RBT_094790,6
RBT_094791,1
RBT_094792,7
RBT_094793,7
RBT_094794,3
RBT_094795,1
RBT_094796,5
RBT_094797,6
RBT_094798,5
RBT_094799,5
RBT_094800,5
RBT_094801,5
RBT_094802,3
RBT_094803,6
RBT_094804,6
RBT_094805,2
RBT_094806,5
RBT_094807,4
RBT_094808,5
RBT_094809,5
RBT_094810,5
RBT_094811,5
RBT_094812,5
RBT_094813,2
RBT_094814,4
RBT_094815,2
RBT_094816,3
RBT_094817,1
RBT_094818,1
RBT_094819,6
RBT_094820,3
RBT_094821,5
RBT_094822,5
RBT_094823,5
RBT_094824,6
RBT_094825,5
RBT_094826,5
RBT_094827,5
RBT_094828,4
RBT_094829,6
RBT_094830,1
RBT_094831,4
RBT_094832,5
RBT_094833,1
RBT_094834,1
RBT_094835,5
RBT_094836,4
RBT_094837,6
RBT_094838,6
RBT_094839,1
RBT_094840,5
RBT_094841,7
RBT_094842,5
RBT_094843,3
RBT_094844,6
RBT_094845,5
RBT_094846,3
RBT_094847,3
RBT_094848,6
RBT_094849,5
RBT_094850,7
RBT_094851,4
RBT_094852,5
RBT_094853,2
RBT_094854,5
RBT_094855,5
RBT_094856,4
RBT_094857,5
RBT_094858,3
RBT_094859,6
RBT_094860,7
RBT_094861,6
RBT_094862,6
RBT_094863,4
RBT_094864,4
RBT_094865,2
RBT_094866,6
RBT_094867,1
RBT_094868,3
RBT_094869,5
RBT_094870,3
RBT_094871,5
RBT_094872,6
RBT_094873,7
RBT_094874,3
RBT_094875,5
RBT_094876,6
RBT_094877,3
RBT_094878,5
RBT_094879,6
RBT_094880,4
RBT_094881,4
RBT_094882,5
RBT_094883,2
RBT_094884,5
RBT_094885,1
RBT_094886,5
RBT_094887,7
RBT_094888,7
RBT_094889,2
RBT_094890,7
RBT_094891,6
RBT_094892,4
RBT_094893,2
RBT_094894,6
RBT_094895,5
RBT_094896,6
RBT_094897,5
RBT_094898,3
RBT_094899,4
RBT_094900,5
RBT_094901,4
RBT_094902,5
RBT_094903,2
RBT_094904,7
RBT_094905,5
RBT_094906,3
RBT_094907,3
RBT_094908,5
RBT_094909,1
RBT_094910,5
RBT_094911,7
RBT_094912,6
RBT_094913,7
RBT_094914,2
RBT_094915,5
RBT_094916,5
RBT_094917,6
RBT_094918,5
RBT_094919,4
RBT_094920,4
RBT_094921,6
RBT_094922,4
RBT_094923,1
RBT_094924,6
RBT_094925,3
RBT_094926,5
RBT_094927,1
RBT_094928,5
RBT_094929,5
RBT_094930,7
RBT_094931,2
RBT_094932,6
RBT_094933,7
RBT_094934,4
RBT_094935,3
RBT_094936,7
RBT_094937,5
RBT_094938,6
RBT_094939,6
RBT_094940,5
RBT_094941,3
RBT_094942,6
RBT_094943,5
RBT_094944,5
RBT_094945,5
RBT_094946,1
RBT_094947,1
RBT_094948,4
RBT_094949,5
RBT_094950,6
RBT_094951,4
RBT_094952,4
RBT_094953,5
RBT_094954,5
RBT_094955,4
RBT_094956,5
RBT_094957,5
RBT_094958,5
RBT_094959,4
RBT_094960,7
RBT_094961,5
RBT_094962,5
RBT_094963,5
RBT_094964,5
RBT_094965,1
RBT_094966,7
RBT_094967,6
RBT_094968,5
RBT_094969,7
RBT_094970,1
RBT_094971,6
RBT_094972,5
RBT_094973,6
RBT_094974,5
RBT_094975,3
RBT_094976,4
RBT_094977,5
RBT_094978,7
RBT_094979,2
RBT_094980,2
RBT_094981,3
RBT_094982,5
RBT_094983,5
RBT_094984,3
RBT_094985,2
RBT_094986,4
RBT_094987,5
RBT_094988,7
RBT_094989,5
RBT_094990,5
RBT_094991,6
RBT_094992,7
RBT_094993,6
RBT_094994,6
RBT_094995,6
RBT_094996,7
RBT_094997,4
RBT_094998,5
RBT_094999,3
RBT_095000,5
RBT_095001,5
RBT_095002,2
RBT_095003,4
RBT_095004,5
RBT_095005,5
RBT_095006,5
RBT_095007,2
RBT_095008,5
RBT_095009,7
RBT_095010,7
RBT_095011,2
RBT_095012,7
RBT_095013,5
RBT_095014,6
RBT_095015,3
RBT_095016,6
RBT_095017,2
RBT_095018,5
RBT_095019,5
RBT_095020,5
RBT_095021,1
RBT_095022,5
RBT_095023,6
RBT_095024,6
RBT_095025,5
RBT_095026,3
RBT_095027,5
RBT_095028,5
RBT_095029,7
RBT_095030,6
RBT_095031,5
RBT_095032,5
RBT_095033,5
RBT_095034,5
RBT_095035,5
RBT_095036,4
RBT_095037,3
RBT_095038,5
RBT_095039,7
RBT_095040,5
RBT_095041,4
RBT_095042,7
RBT_095043,1
RBT_095044,5
RBT_095045,5
RBT_095046,5
RBT_095047,3
RBT_095048,5
RBT_095049,2
RBT_095050,4
RBT_095051,1
RBT_095052,5
RBT_095053,3
RBT_095054,2
RBT_095055,5
RBT_095056,2
RBT_095057,5
RBT_095058,3
RBT_095059,6
RBT_095060,7
RBT_095061,6
RBT_095062,6
RBT_095063,5
RBT_095064,4
RBT_095065,4
RBT_095066,5
RBT_095067,5
RBT_095068,4
RBT_095069,3
RBT_095070,6
RBT_095071,6
RBT_095072,5
RBT_095073,4
RBT_095074,6
RBT_095075,2
RBT_095076,1
RBT_095077,6
RBT_095078,4
RBT_095079,6
RBT_095080,4
RBT_095081,2
RBT_095082,5
RBT_095083,6
RBT_095084,6
RBT_095085,2
RBT_095086,7
RBT_095087,1
RBT_095088,4
RBT_095089,6
RBT_095090,6
RBT_095091,5
RBT_095092,2
RBT_095093,6
RBT_095094,5
RBT_095095,6
RBT_095096,5
RBT_095097,5
RBT_095098,6
RBT_095099,6
RBT_095100,6
RBT_095101,6
RBT_095102,3
RBT_095103,3
RBT_095104,5
RBT_095105,5
RBT_095106,5
RBT_095107,6
RBT_095108,2
RBT_095109,7
RBT_095110,1
RBT_095111,4
RBT_095112,3
RBT_095113,5
RBT_095114,5
RBT_095115,5
RBT_095116,5
RBT_095117,5
RBT_095118,6
RBT_095119,6
RBT_095120,7
RBT_095121,2
RBT_095122,7
RBT_095123,6
RBT_095124,5
RBT_095125,4
RBT_095126,5
RBT_095127,6
RBT_095128,4
RBT_095129,1
RBT_095130,5
RBT_095131,4
RBT_095132,4
RBT_095133,6
RBT_095134,3
RBT_095135,5
RBT_095136,2
RBT_095137,7
RBT_095138,5
RBT_095139,7
RBT_095140,6
RBT_095141,6
RBT_095142,2
RBT_095143,6
RBT_095144,4
RBT_095145,4
RBT_095146,4
RBT_095147,4
RBT_095148,5
RBT_095149,5
RBT_095150,5
RBT_095151,7
RBT_095152,6
RBT_095153,3
RBT_095154,1
RBT_095155,7
RBT_095156,7
RBT_095157,5
RBT_095158,3
RBT_095159,7
RBT_095160,4
RBT_095161,3
RBT_095162,2
RBT_095163,4
RBT_095164,6
RBT_095165,5
RBT_095166,2
RBT_095167,7
RBT_095168,4
RBT_095169,5
RBT_095170,6
RBT_095171,5
RBT_095172,7
RBT_095173,6
RBT_095174,5
RBT_095175,4
RBT_095176,7
RBT_095177,5
RBT_095178,5
RBT_095179,3
RBT_095180,5
RBT_095181,5
RBT_095182,5
RBT_095183,3
RBT_095184,6
RBT_095185,5
RBT_095186,6
RBT_095187,4
RBT_095188,3
RBT_095189,5
RBT_095190,4
RBT_095191,6
RBT_095192,5
RBT_095193,3
RBT_095194,3
RBT_095195,7
RBT_095196,6
RBT_095197,5
RBT_095198,6
RBT_095199,6
RBT_095200,2
RBT_095201,6
RBT_095202,7
RBT_095203,2
RBT_095204,5
RBT_095205,3
RBT_095206,5
RBT_095207,3
RBT_095208,4
RBT_095209,4
RBT_095210,1
RBT_095211,1
RBT_095212,5
RBT_095213,5
RBT_095214,1
RBT_095215,5
RBT_095216,1
RBT_095217,5
RBT_095218,5
RBT_095219,7
RBT_095220,5
RBT_095221,6
RBT_095222,6
RBT_095223,3
RBT_095224,2
RBT_095225,6
RBT_095226,5
RBT_095227,5
RBT_095228,5
RBT_095229,2
RBT_095230,6
RBT_095231,5
RBT_095232,5
RBT_095233,6
RBT_095234,7
RBT_095235,6
RBT_095236,7
RBT_095237,5
RBT_095238,7
RBT_095239,6
RBT_095240,5
RBT_095241,5
RBT_095242,3
RBT_095243,2
RBT_095244,5
RBT_095245,7
RBT_095246,6
RBT_095247,1
RBT_095248,6
RBT_095249,5
RBT_095250,2
RBT_095251,7
RBT_095252,7
RBT_095253,5
RBT_095254,5
RBT_095255,4
RBT_095256,4
RBT_095257,7
RBT_095258,4
RBT_095259,5
RBT_095260,6
RBT_095261,6
RBT_095262,5
RBT_095263,5
RBT_095264,5
RBT_095265,5
RBT_095266,6
RBT_095267,2
RBT_095268,6
RBT_095269,3
RBT_095270,3
RBT_095271,2
RBT_095272,5
RBT_095273,6
RBT_095274,5
RBT_095275,5
RBT_095276,3
RBT_095277,6
RBT_095278,5
RBT_095279,2
RBT_095280,5
RBT_095281,5
RBT_095282,5
RBT_095283,4
RBT_095284,4
RBT_095285,6
RBT_095286,7
RBT_095287,1
RBT_095288,6
RBT_095289,2
RBT_095290,3
RBT_095291,5
RBT_095292,6
RBT_095293,5
RBT_095294,6
RBT_095295,6
RBT_095296,3
RBT_095297,6
RBT_095298,4
RBT_095299,6
RBT_095300,4
RBT_095301,3
RBT_095302,5
RBT_095303,5
RBT_095304,5
RBT_095305,4
RBT_095306,3
RBT_095307,7
RBT_095308,4
RBT_095309,5
RBT_095310,6
RBT_095311,1
RBT_095312,5
RBT_095313,3
RBT_095314,3
RBT_095315,5
RBT_095316,4
RBT_095317,6
RBT_095318,5
RBT_095319,4
RBT_095320,6
RBT_095321,6
RBT_095322,5
RBT_095323,5
RBT_095324,4
RBT_095325,2
RBT_095326,4
RBT_095327,4
RBT_095328,5
RBT_095329,5
RBT_095330,2
RBT_095331,2
RBT_095332,6
RBT_095333,3
RBT_095334,4
RBT_095335,5
RBT_095336,7
RBT_095337,3
RBT_095338,7
RBT_095339,5
RBT_095340,2
RBT_095341,2
RBT_095342,6
RBT_095343,7
RBT_095344,1
RBT_095345,3
RBT_095346,4
RBT_095347,7
RBT_095348,5
RBT_095349,4
RBT_095350,3
RBT_095351,2
RBT_095352,1
RBT_095353,7
RBT_095354,7
RBT_095355,1
RBT_095356,4
RBT_095357,1
RBT_095358,4
RBT_095359,7
RBT_095360,6
RBT_095361,6
RBT_095362,7
RBT_095363,6
RBT_095364,4
RBT_095365,6
RBT_095366,5
RBT_095367,5
RBT_095368,6
RBT_095369,5
RBT_095370,5
RBT_095371,6
RBT_095372,2
RBT_095373,5
RBT_095374,6
RBT_095375,1
RBT_095376,5
RBT_095377,3
RBT_095378,7
RBT_095379,5
RBT_095380,3
RBT_095381,7
RBT_095382,4
RBT_095383,5
RBT_095384,5
RBT_095385,2
RBT_095386,7
RBT_095387,5
RBT_095388,4
RBT_095389,3
RBT_095390,6
RBT_095391,3
RBT_095392,3
RBT_095393,5
RBT_095394,3
RBT_095395,2
RBT_095396,5
RBT_095397,7
RBT_095398,6
RBT_095399,3
RBT_095400,5
RBT_095401,6
RBT_095402,3
RBT_095403,3
RBT_095404,7
RBT_095405,4
RBT_095406,5
RBT_095407,3
RBT_095408,1
RBT_095409,6
RBT_095410,5
RBT_095411,6
RBT_095412,6
RBT_095413,3
RBT_095414,3
RBT_095415,7
RBT_095416,6
RBT_095417,7
RBT_095418,4
RBT_095419,5
RBT_095420,6
RBT_095421,2
RBT_095422,6
RBT_095423,5
RBT_095424,1
RBT_095425,4
RBT_095426,5
RBT_095427,1
RBT_095428,1
RBT_095429,5
RBT_095430,4
RBT_095431,5
RBT_095432,2
RBT_095433,3
RBT_095434,3
RBT_095435,1
RBT_095436,6
RBT_095437,7
RBT_095438,5
RBT_095439,7
RBT_095440,3
RBT_095441,5
RBT_095442,3
RBT_095443,7
RBT_095444,1
RBT_095445,5
RBT_095446,2
RBT_095447,2
RBT_095448,6
RBT_095449,2
RBT_095450,1
RBT_095451,7
RBT_095452,3
RBT_095453,6
RBT_095454,7
RBT_095455,6
RBT_095456,2
RBT_095457,3
RBT_095458,3
RBT_095459,5
RBT_095460,3
RBT_095461,1
RBT_095462,5
RBT_095463,6
RBT_095464,5
RBT_095465,5
RBT_095466,5
RBT_095467,4
RBT_095468,7
RBT_095469,6
RBT_095470,4
RBT_095471,1
RBT_095472,6
RBT_095473,6
RBT_095474,2
RBT_095475,6
RBT_095476,5
RBT_095477,3
RBT_095478,6
RBT_095479,5
RBT_095480,7
RBT_095481,1
RBT_095482,7
RBT_095483,2
RBT_095484,1
RBT_095485,6
RBT_095486,6
RBT_095487,3
RBT_095488,6
RBT_095489,6
RBT_095490,5
RBT_095491,5
RBT_095492,6
RBT_095493,6
RBT_095494,6
RBT_095495,5
RBT_095496,6
RBT_095497,5
RBT_095498,5
RBT_095499,7
RBT_095500,5
RBT_095501,6
RBT_095502,6
RBT_095503,1
RBT_095504,5
RBT_095505,5
RBT_095506,5
RBT_095507,7
RBT_095508,5
RBT_095509,7
RBT_095510,3
RBT_095511,7
RBT_095512,5
RBT_095513,3
RBT_095514,5
RBT_095515,7
RBT_095516,6
RBT_095517,1
RBT_095518,4
RBT_095519,6
RBT_095520,1
RBT_095521,7
RBT_095522,5
RBT_095523,3
RBT_095524,3
RBT_095525,6
RBT_095526,7
RBT_095527,3
RBT_095528,5
RBT_095529,7
RBT_095530,7
RBT_095531,5
RBT_095532,6
RBT_095533,3
RBT_095534,5
RBT_095535,5
RBT_095536,6
RBT_095537,3
RBT_095538,5
RBT_095539,5
RBT_095540,2
RBT_095541,4
RBT_095542,3
RBT_095543,7
RBT_095544,7
RBT_095545,4
RBT_095546,6
RBT_095547,6
RBT_095548,7
RBT_095549,2
RBT_095550,5
RBT_095551,3
RBT_095552,4
RBT_095553,6
RBT_095554,2
RBT_095555,5
RBT_095556,6
RBT_095557,3
RBT_095558,5
RBT_095559,5
RBT_095560,6
RBT_095561,5
RBT_095562,1
RBT_095563,2
RBT_095564,7
RBT_095565,6
RBT_095566,1
RBT_095567,6
RBT_095568,3
RBT_095569,7
RBT_095570,2
RBT_095571,2
RBT_095572,5
RBT_095573,6
RBT_095574,4
RBT_095575,4
RBT_095576,4
RBT_095577,7
RBT_095578,5
RBT_095579,3
RBT_095580,4
RBT_095581,7
RBT_095582,6
RBT_095583,5
RBT_095584,6
RBT_095585,5
RBT_095586,5
RBT_095587,7
RBT_095588,4
RBT_095589,3
RBT_095590,2
RBT_095591,6
RBT_095592,5
RBT_095593,6
RBT_095594,7
RBT_095595,5
RBT_095596,1
RBT_095597,5
RBT_095598,3
RBT_095599,5
RBT_095600,3
RBT_095601,5
RBT_095602,7
RBT_095603,2
RBT_095604,4
RBT_095605,5
RBT_095606,6
RBT_095607,6
RBT_095608,3
RBT_095609,5
RBT_095610,7
RBT_095611,6
RBT_095612,7
RBT_095613,5
RBT_095614,5
RBT_095615,4
RBT_095616,5
RBT_095617,6
RBT_095618,5
RBT_095619,3
RBT_095620,6
RBT_095621,6
RBT_095622,6
RBT_095623,6
RBT_095624,5
RBT_095625,3
RBT_095626,5
RBT_095627,6
RBT_095628,3
RBT_095629,5
RBT_095630,4
RBT_095631,5
RBT_095632,1
RBT_095633,5
RBT_095634,5
RBT_095635,3
RBT_095636,5
RBT_095637,3
RBT_095638,3
RBT_095639,7
RBT_095640,5
RBT_095641,5
RBT_095642,5
RBT_095643,5
RBT_095644,5
RBT_095645,1
RBT_095646,4
RBT_095647,7
RBT_095648,2
RBT_095649,2
RBT_095650,5
RBT_095651,4
RBT_095652,5
RBT_095653,7
RBT_095654,2
RBT_095655,5
RBT_095656,6
RBT_095657,3
RBT_095658,6
RBT_095659,5
RBT_095660,5
RBT_095661,5
RBT_095662,5
RBT_095663,6
RBT_095664,3
RBT_095665,5
RBT_095666,6
RBT_095667,7
RBT_095668,5
RBT_095669,5
RBT_095670,5
RBT_095671,3
RBT_095672,6
RBT_095673,6
RBT_095674,1
RBT_095675,5
RBT_095676,7
RBT_095677,7
RBT_095678,5
RBT_095679,6
RBT_095680,1
RBT_095681,5
RBT_095682,6
RBT_095683,5
RBT_095684,5
RBT_095685,6
RBT_095686,5
RBT_095687,7
RBT_095688,4
RBT_095689,6
RBT_095690,2
RBT_095691,6
RBT_095692,5
RBT_095693,5
RBT_095694,1
RBT_095695,2
RBT_095696,1
RBT_095697,5
RBT_095698,5
RBT_095699,4
RBT_095700,5
RBT_095701,4
RBT_095702,6
RBT_095703,5
RBT_095704,4
RBT_095705,3
RBT_095706,6
RBT_095707,5
RBT_095708,5
RBT_095709,5
RBT_095710,4
RBT_095711,5
RBT_095712,6
RBT_095713,4
RBT_095714,3
RBT_095715,5
RBT_095716,6
RBT_095717,1
RBT_095718,4
RBT_095719,7
RBT_095720,2
RBT_095721,7
RBT_095722,2
RBT_095723,7
RBT_095724,6
RBT_095725,6
RBT_095726,2
RBT_095727,2
RBT_095728,7
RBT_095729,7
RBT_095730,4
RBT_095731,5
RBT_095732,1
RBT_095733,7
RBT_095734,7
RBT_095735,2
RBT_095736,4
RBT_095737,7
RBT_095738,3
RBT_095739,6
RBT_095740,3
RBT_095741,2
RBT_095742,3
RBT_095743,6
RBT_095744,3
RBT_095745,1
RBT_095746,6
RBT_095747,5
RBT_095748,6
RBT_095749,4
RBT_095750,1
RBT_095751,1
RBT_095752,6
RBT_095753,6
RBT_095754,6
RBT_095755,4
RBT_095756,6
RBT_095757,2
RBT_095758,6
RBT_095759,4
RBT_095760,7
RBT_095761,4
RBT_095762,5
RBT_095763,4
RBT_095764,5
RBT_095765,2
RBT_095766,1
RBT_095767,6
RBT_095768,7
RBT_095769,6
RBT_095770,3
RBT_095771,5
RBT_095772,3
RBT_095773,7
RBT_095774,4
RBT_095775,5
RBT_095776,6
RBT_095777,5
RBT_095778,5
RBT_095779,7
RBT_095780,5
RBT_095781,6
RBT_095782,6
RBT_095783,2
RBT_095784,7
RBT_095785,6
RBT_095786,1
RBT_095787,6
RBT_095788,3
RBT_095789,4
RBT_095790,4
RBT_095791,4
RBT_095792,6
RBT_095793,6
RBT_095794,5
RBT_095795,4
RBT_095796,4
RBT_095797,1
RBT_095798,4
RBT_095799,1
RBT_095800,6
RBT_095801,5
RBT_095802,7
RBT_095803,3
RBT_095804,5
RBT_095805,2
RBT_095806,5
RBT_095807,5
RBT_095808,4
RBT_095809,6
RBT_095810,6
RBT_095811,5
RBT_095812,2
RBT_095813,4
RBT_095814,4
RBT_095815,4
RBT_095816,4
RBT_095817,4
RBT_095818,6
RBT_095819,6
RBT_095820,4
RBT_095821,2
RBT_095822,4
RBT_095823,5
RBT_095824,6
RBT_095825,5
RBT_095826,7
RBT_095827,5
RBT_095828,5
RBT_095829,5
RBT_095830,4
RBT_095831,1
RBT_095832,6
RBT_095833,7
RBT_095834,6
RBT_095835,5
RBT_095836,6
RBT_095837,5
RBT_095838,6
RBT_095839,2
RBT_095840,5
RBT_095841,5
RBT_095842,5
RBT_095843,6
RBT_095844,5
RBT_095845,3
RBT_095846,7
RBT_095847,6
RBT_095848,5
RBT_095849,4
RBT_095850,7
RBT_095851,2
RBT_095852,7
RBT_095853,5
RBT_095854,2
RBT_095855,4
RBT_095856,6
RBT_095857,5
RBT_095858,5
RBT_095859,6
RBT_095860,5
RBT_095861,5
RBT_095862,3
RBT_095863,4
RBT_095864,5
RBT_095865,2
RBT_095866,4
RBT_095867,6
RBT_095868,1
RBT_095869,1
RBT_095870,6
RBT_095871,5
RBT_095872,6
RBT_095873,7
RBT_095874,5
RBT_095875,1
RBT_095876,5
RBT_095877,7
RBT_095878,5
RBT_095879,4
RBT_095880,5
RBT_095881,3
RBT_095882,6
RBT_095883,6
RBT_095884,6
RBT_095885,5
RBT_095886,7
RBT_095887,6
RBT_095888,7
RBT_095889,5
RBT_095890,4
RBT_095891,6
RBT_095892,5
RBT_095893,5
RBT_095894,6
RBT_095895,2
RBT_095896,5
RBT_095897,4
RBT_095898,6
RBT_095899,4
RBT_095900,6
RBT_095901,3
RBT_095902,4
RBT_095903,5
RBT_095904,5
RBT_095905,3
RBT_095906,5
RBT_095907,3
RBT_095908,6
RBT_095909,7
RBT_095910,3
RBT_095911,1
RBT_095912,7
RBT_095913,5
RBT_095914,3
RBT_095915,7
RBT_095916,6
RBT_095917,1
RBT_095918,3
RBT_095919,6
RBT_095920,4
RBT_095921,5
RBT_095922,1
RBT_095923,6
RBT_095924,5
RBT_095925,5
RBT_095926,5
RBT_095927,5
RBT_095928,2
RBT_095929,5
RBT_095930,5
RBT_095931,6
RBT_095932,3
RBT_095933,3
RBT_095934,5
RBT_095935,5
RBT_095936,1
RBT_095937,6
RBT_095938,2
RBT_095939,6
RBT_095940,2
RBT_095941,6
RBT_095942,7
RBT_095943,3
RBT_095944,1
RBT_095945,1
RBT_095946,6
RBT_095947,2
RBT_095948,7
RBT_095949,6
RBT_095950,4
RBT_095951,6
RBT_095952,6
RBT_095953,6
RBT_095954,3
RBT_095955,5
RBT_095956,2
RBT_095957,5
RBT_095958,5
RBT_095959,7
RBT_095960,1
RBT_095961,5
RBT_095962,6
RBT_095963,5
RBT_095964,4
RBT_095965,5
RBT_095966,7
RBT_095967,1
RBT_095968,3
RBT_095969,5
RBT_095970,5
RBT_095971,5
RBT_095972,2
RBT_095973,2
RBT_095974,7
RBT_095975,2
RBT_095976,6
RBT_095977,5
RBT_095978,4
RBT_095979,4
RBT_095980,4
RBT_095981,5
RBT_095982,4
RBT_095983,2
RBT_095984,6
RBT_095985,6
RBT_095986,1
RBT_095987,6
RBT_095988,6
RBT_095989,7
RBT_095990,5
RBT_095991,6
RBT_095992,6
RBT_095993,1
RBT_095994,6
RBT_095995,5
RBT_095996,5
RBT_095997,7
RBT_095998,1
RBT_095999,2
RBT_096000,5
RBT_096001,5
RBT_096002,6
RBT_096003,4
RBT_096004,6
RBT_096005,2
RBT_096006,5
RBT_096007,6
RBT_096008,5
RBT_096009,1
RBT_096010,5
RBT_096011,1
RBT_096012,5
RBT_096013,4
RBT_096014,4
RBT_096015,6
RBT_096016,7
RBT_096017,5
RBT_096018,5
RBT_096019,4
RBT_096020,5
RBT_096021,2
RBT_096022,6
RBT_096023,5
RBT_096024,4
RBT_096025,5
RBT_096026,7
RBT_096027,6
RBT_096028,3
RBT_096029,6
RBT_096030,5
RBT_096031,5
RBT_096032,6
RBT_096033,5
RBT_096034,2
RBT_096035,4
RBT_096036,7
RBT_096037,5
RBT_096038,6
RBT_096039,4
RBT_096040,6
RBT_096041,6
RBT_096042,3
RBT_096043,1
RBT_096044,5
RBT_096045,5
RBT_096046,1
RBT_096047,5
RBT_096048,5
RBT_096049,3
RBT_096050,2
RBT_096051,6
RBT_096052,7
RBT_096053,4
RBT_096054,3
RBT_096055,5
RBT_096056,4
RBT_096057,5
RBT_096058,1
RBT_096059,6
RBT_096060,1
RBT_096061,5
RBT_096062,5
RBT_096063,5
RBT_096064,4
RBT_096065,6
RBT_096066,5
RBT_096067,3
RBT_096068,4
RBT_096069,2
RBT_096070,1
RBT_096071,1
RBT_096072,5
RBT_096073,6
RBT_096074,7
RBT_096075,4
RBT_096076,4
RBT_096077,4
RBT_096078,6
RBT_096079,1
RBT_096080,4
RBT_096081,6
RBT_096082,5
RBT_096083,5
RBT_096084,7
RBT_096085,5
RBT_096086,5
RBT_096087,6
RBT_096088,6
RBT_096089,5
RBT_096090,4
RBT_096091,7
RBT_096092,4
RBT_096093,2
RBT_096094,7
RBT_096095,5
RBT_096096,5
RBT_096097,5
RBT_096098,4
RBT_096099,6
RBT_096100,3
RBT_096101,7
RBT_096102,5
RBT_096103,7
RBT_096104,4
RBT_096105,4
RBT_096106,2
RBT_096107,5
RBT_096108,5
RBT_096109,5
RBT_096110,5
RBT_096111,3
RBT_096112,1
RBT_096113,6
RBT_096114,5
RBT_096115,4
RBT_096116,1
RBT_096117,2
RBT_096118,5
RBT_096119,5
RBT_096120,4
RBT_096121,6
RBT_096122,6
RBT_096123,5
RBT_096124,6
RBT_096125,5
RBT_096126,2
RBT_096127,3
RBT_096128,5
RBT_096129,4
RBT_096130,5
RBT_096131,5
RBT_096132,5
RBT_096133,5
RBT_096134,7
RBT_096135,5
RBT_096136,4
RBT_096137,5
RBT_096138,3
RBT_096139,2
RBT_096140,5
RBT_096141,7
RBT_096142,6
RBT_096143,5
RBT_096144,7
RBT_096145,6
RBT_096146,7
RBT_096147,4
RBT_096148,5
RBT_096149,3
RBT_096150,1
RBT_096151,4
RBT_096152,5
RBT_096153,2
RBT_096154,5
RBT_096155,5
RBT_096156,6
RBT_096157,5
RBT_096158,5
RBT_096159,1
RBT_096160,7
RBT_096161,7
RBT_096162,5
RBT_096163,5
RBT_096164,6
RBT_096165,7
RBT_096166,5
RBT_096167,6
RBT_096168,3
RBT_096169,3
RBT_096170,6
RBT_096171,7
RBT_096172,5
RBT_096173,5
RBT_096174,4
RBT_096175,6
RBT_096176,6
RBT_096177,5
RBT_096178,2
RBT_096179,6
RBT_096180,6
RBT_096181,3
RBT_096182,4
RBT_096183,2
RBT_096184,5
RBT_096185,4
RBT_096186,3
RBT_096187,3
RBT_096188,5
RBT_096189,6
RBT_096190,4
RBT_096191,7
RBT_096192,6
RBT_096193,5
RBT_096194,2
RBT_096195,7
RBT_096196,5
RBT_096197,5
RBT_096198,5
RBT_096199,5
RBT_096200,6
RBT_096201,3
RBT_096202,6
RBT_096203,5
RBT_096204,2
RBT_096205,5
RBT_096206,5
RBT_096207,3
RBT_096208,5
RBT_096209,2
RBT_096210,6
RBT_096211,3
RBT_096212,6
RBT_096213,7
RBT_096214,5
RBT_096215,4
RBT_096216,2
RBT_096217,5
RBT_096218,7
RBT_096219,4
RBT_096220,3
RBT_096221,5
RBT_096222,5
RBT_096223,6
RBT_096224,4
RBT_096225,6
RBT_096226,5
RBT_096227,6
RBT_096228,5
RBT_096229,2
RBT_096230,4
RBT_096231,6
RBT_096232,6
RBT_096233,2
RBT_096234,5
RBT_096235,6
RBT_096236,6
RBT_096237,5
RBT_096238,3
RBT_096239,4
RBT_096240,5
RBT_096241,6
RBT_096242,4
RBT_096243,5
RBT_096244,5
RBT_096245,1
RBT_096246,6
RBT_096247,6
RBT_096248,1
RBT_096249,5
RBT_096250,6
RBT_096251,5
RBT_096252,5
RBT_096253,2
RBT_096254,6
RBT_096255,6
RBT_096256,5
RBT_096257,2
RBT_096258,5
RBT_096259,1
RBT_096260,6
RBT_096261,6
RBT_096262,5
RBT_096263,6
RBT_096264,5
RBT_096265,4
RBT_096266,5
RBT_096267,5
RBT_096268,6
RBT_096269,4
RBT_096270,6
RBT_096271,7
RBT_096272,5
RBT_096273,6
RBT_096274,5
RBT_096275,7
RBT_096276,1
RBT_096277,6
RBT_096278,5
RBT_096279,2
RBT_096280,6
RBT_096281,5
RBT_096282,5
RBT_096283,6
RBT_096284,4
RBT_096285,4
RBT_096286,4
RBT_096287,6
RBT_096288,7
RBT_096289,4
RBT_096290,5
RBT_096291,5
RBT_096292,6
RBT_096293,7
RBT_096294,4
RBT_096295,5
RBT_096296,7
RBT_096297,4
RBT_096298,4
RBT_096299,7
RBT_096300,5
RBT_096301,3
RBT_096302,7
RBT_096303,5
RBT_096304,3
RBT_096305,5
RBT_096306,6
RBT_096307,2
RBT_096308,4
RBT_096309,5
RBT_096310,2
RBT_096311,7
RBT_096312,5
RBT_096313,5
RBT_096314,1
RBT_096315,5
RBT_096316,3
RBT_096317,6
RBT_096318,4
RBT_096319,5
RBT_096320,4
RBT_096321,6
RBT_096322,6
RBT_096323,4
RBT_096324,4
RBT_096325,3
RBT_096326,6
RBT_096327,4
RBT_096328,2
RBT_096329,5
RBT_096330,1
RBT_096331,6
RBT_096332,4
RBT_096333,4
RBT_096334,7
RBT_096335,3
RBT_096336,3
RBT_096337,6
RBT_096338,7
RBT_096339,7
RBT_096340,5
RBT_096341,7
RBT_096342,5
RBT_096343,5
RBT_096344,5
RBT_096345,5
RBT_096346,6
RBT_096347,5
RBT_096348,5
RBT_096349,6
RBT_096350,5
RBT_096351,6
RBT_096352,6
RBT_096353,6
RBT_096354,1
RBT_096355,6
RBT_096356,7
RBT_096357,6
RBT_096358,6
RBT_096359,5
RBT_096360,3
RBT_096361,1
RBT_096362,4
RBT_096363,5
RBT_096364,4
RBT_096365,6
RBT_096366,7
RBT_096367,6
RBT_096368,5
RBT_096369,3
RBT_096370,6
RBT_096371,6
RBT_096372,2
RBT_096373,1
RBT_096374,7
RBT_096375,6
RBT_096376,7
RBT_096377,4
RBT_096378,5
RBT_096379,7
RBT_096380,4
RBT_096381,5
RBT_096382,5
RBT_096383,1
RBT_096384,6
RBT_096385,7
RBT_096386,5
RBT_096387,5
RBT_096388,5
RBT_096389,4
RBT_096390,2
RBT_096391,5
RBT_096392,4
RBT_096393,5
RBT_096394,5
RBT_096395,5
RBT_096396,6
RBT_096397,7
RBT_096398,3
RBT_096399,7
RBT_096400,7
RBT_096401,6
RBT_096402,2
RBT_096403,6
RBT_096404,5
RBT_096405,6
RBT_096406,5
RBT_096407,6
RBT_096408,3
RBT_096409,5
RBT_096410,5
RBT_096411,7
RBT_096412,6
RBT_096413,6
RBT_096414,3
RBT_096415,6
RBT_096416,5
RBT_096417,6
RBT_096418,7
RBT_096419,5
RBT_096420,6
RBT_096421,7
RBT_096422,3
RBT_096423,6
RBT_096424,3
RBT_096425,1
RBT_096426,7
RBT_096427,7
RBT_096428,1
RBT_096429,6
RBT_096430,6
RBT_096431,6
RBT_096432,4
RBT_096433,5
RBT_096434,4
RBT_096435,5
RBT_096436,7
RBT_096437,6
RBT_096438,5
RBT_096439,6
RBT_096440,5
RBT_096441,1
RBT_096442,2
RBT_096443,6
RBT_096444,4
RBT_096445,4
RBT_096446,6
RBT_096447,7
RBT_096448,5
RBT_096449,5
RBT_096450,5
RBT_096451,1
RBT_096452,6
RBT_096453,1
RBT_096454,4
RBT_096455,5
RBT_096456,5
RBT_096457,4
RBT_096458,5
RBT_096459,6
RBT_096460,5
RBT_096461,5
RBT_096462,3
RBT_096463,5
RBT_096464,1
RBT_096465,6
RBT_096466,3
RBT_096467,7
RBT_096468,5
RBT_096469,6
RBT_096470,5
RBT_096471,3
RBT_096472,5
RBT_096473,4
RBT_096474,4
RBT_096475,4
RBT_096476,4
RBT_096477,5
RBT_096478,2
RBT_096479,4
RBT_096480,5
RBT_096481,6
RBT_096482,5
RBT_096483,4
RBT_096484,5
RBT_096485,7
RBT_096486,5
RBT_096487,6
RBT_096488,7
RBT_096489,5
RBT_096490,6
RBT_096491,6
RBT_096492,3
RBT_096493,7
RBT_096494,5
RBT_096495,7
RBT_096496,6
RBT_096497,3
RBT_096498,3
RBT_096499,5
RBT_096500,4
RBT_096501,1
RBT_096502,7
RBT_096503,4
RBT_096504,6
RBT_096505,5
RBT_096506,5
RBT_096507,5
RBT_096508,7
RBT_096509,5
RBT_096510,5
RBT_096511,5
RBT_096512,5
RBT_096513,5
RBT_096514,5
RBT_096515,6
RBT_096516,7
RBT_096517,7
RBT_096518,2
RBT_096519,5
RBT_096520,5
RBT_096521,3
RBT_096522,5
RBT_096523,7
RBT_096524,3
RBT_096525,5
RBT_096526,6
RBT_096527,4
RBT_096528,5
RBT_096529,5
RBT_096530,2
RBT_096531,5
RBT_096532,2
RBT_096533,4
RBT_096534,4
RBT_096535,6
RBT_096536,3
RBT_096537,5
RBT_096538,5
RBT_096539,5
RBT_096540,6
RBT_096541,5
RBT_096542,6
RBT_096543,6
RBT_096544,6
RBT_096545,4
RBT_096546,7
RBT_096547,2
RBT_096548,4
RBT_096549,6
RBT_096550,1
RBT_096551,5
RBT_096552,3
RBT_096553,6
RBT_096554,7
RBT_096555,7
RBT_096556,2
RBT_096557,3
RBT_096558,5
RBT_096559,4
RBT_096560,5
RBT_096561,6
RBT_096562,3
RBT_096563,1
RBT_096564,6
RBT_096565,5
RBT_096566,2
RBT_096567,5
RBT_096568,6
RBT_096569,6
RBT_096570,5
RBT_096571,4
RBT_096572,5
RBT_096573,5
RBT_096574,7
RBT_096575,7
RBT_096576,5
RBT_096577,4
RBT_096578,5
RBT_096579,4
RBT_096580,7
RBT_096581,5
RBT_096582,4
RBT_096583,5
RBT_096584,2
RBT_096585,7
RBT_096586,5
RBT_096587,4
RBT_096588,1
RBT_096589,5
RBT_096590,7
RBT_096591,5
RBT_096592,4
RBT_096593,5
RBT_096594,5
RBT_096595,6
RBT_096596,3
RBT_096597,7
RBT_096598,4
RBT_096599,5
RBT_096600,7
RBT_096601,5
RBT_096602,6
RBT_096603,5
RBT_096604,1
RBT_096605,7
RBT_096606,5
RBT_096607,2
RBT_096608,7
RBT_096609,5
RBT_096610,5
RBT_096611,7
RBT_096612,5
RBT_096613,4
RBT_096614,3
RBT_096615,6
RBT_096616,4
RBT_096617,5
RBT_096618,5
RBT_096619,6
RBT_096620,6
RBT_096621,5
RBT_096622,5
RBT_096623,4
RBT_096624,5
RBT_096625,6
RBT_096626,5
RBT_096627,1
RBT_096628,5
RBT_096629,7
RBT_096630,2
RBT_096631,2
RBT_096632,5
RBT_096633,7
RBT_096634,1
RBT_096635,4
RBT_096636,2
RBT_096637,4
RBT_096638,5
RBT_096639,5
RBT_096640,4
RBT_096641,3
RBT_096642,4
RBT_096643,5
RBT_096644,4
RBT_096645,6
RBT_096646,6
RBT_096647,7
RBT_096648,3
RBT_096649,7
RBT_096650,3
RBT_096651,6
RBT_096652,6
RBT_096653,5
RBT_096654,6
RBT_096655,6
RBT_096656,5
RBT_096657,1
RBT_096658,5
RBT_096659,5
RBT_096660,5
RBT_096661,5
RBT_096662,6
RBT_096663,5
RBT_096664,7
RBT_096665,5
RBT_096666,3
RBT_096667,4
RBT_096668,3
RBT_096669,6
RBT_096670,3
RBT_096671,5
RBT_096672,7
RBT_096673,5
RBT_096674,5
RBT_096675,3
RBT_096676,6
RBT_096677,5
RBT_096678,7
RBT_096679,3
RBT_096680,1
RBT_096681,5
RBT_096682,2
RBT_096683,5
RBT_096684,5
RBT_096685,5
RBT_096686,7
RBT_096687,4
RBT_096688,3
RBT_096689,1
RBT_096690,4
RBT_096691,6
RBT_096692,4
RBT_096693,5
RBT_096694,7
RBT_096695,4
RBT_096696,5
RBT_096697,5
RBT_096698,5
RBT_096699,7
RBT_096700,5
RBT_096701,1
RBT_096702,1
RBT_096703,1
RBT_096704,5
RBT_096705,5
RBT_096706,6
RBT_096707,5
RBT_096708,7
RBT_096709,7
RBT_096710,6
RBT_096711,3
RBT_096712,5
RBT_096713,3
RBT_096714,5
RBT_096715,6
RBT_096716,4
RBT_096717,3
RBT_096718,4
RBT_096719,6
RBT_096720,6
RBT_096721,5
RBT_096722,5
RBT_096723,5
RBT_096724,6
RBT_096725,5
RBT_096726,4
RBT_096727,7
RBT_096728,5
RBT_096729,3
RBT_096730,5
RBT_096731,6
RBT_096732,2
RBT_096733,3
RBT_096734,1
RBT_096735,6
RBT_096736,2
RBT_096737,7
RBT_096738,5
RBT_096739,7
RBT_096740,5
RBT_096741,7
RBT_096742,7
RBT_096743,3
RBT_096744,2
RBT_096745,5
RBT_096746,5
RBT_096747,5
RBT_096748,2
RBT_096749,6
RBT_096750,3
RBT_096751,3
RBT_096752,6
RBT_096753,2
RBT_096754,6
RBT_096755,2
RBT_096756,6
RBT_096757,6
RBT_096758,4
RBT_096759,5
RBT_096760,4
RBT_096761,6
RBT_096762,2
RBT_096763,7
RBT_096764,6
RBT_096765,6
RBT_096766,7
RBT_096767,6
RBT_096768,2
RBT_096769,4
RBT_096770,5
RBT_096771,5
RBT_096772,1
RBT_096773,5
RBT_096774,6
RBT_096775,5
RBT_096776,7
RBT_096777,7
RBT_096778,6
RBT_096779,5
RBT_096780,5
RBT_096781,4
RBT_096782,7
RBT_096783,6
RBT_096784,6
RBT_096785,6
RBT_096786,6
RBT_096787,7
RBT_096788,6
RBT_096789,6
RBT_096790,5
RBT_096791,5
RBT_096792,5
RBT_096793,5
RBT_096794,6
RBT_096795,5
RBT_096796,4
RBT_096797,4
RBT_096798,7
RBT_096799,5
RBT_096800,2
RBT_096801,5
RBT_096802,5
RBT_096803,6
RBT_096804,6
RBT_096805,3
RBT_096806,1
RBT_096807,6
RBT_096808,5
RBT_096809,3
RBT_096810,7
RBT_096811,7
RBT_096812,6
RBT_096813,1
RBT_096814,3
RBT_096815,4
RBT_096816,1
RBT_096817,6
RBT_096818,2
RBT_096819,3
RBT_096820,5
RBT_096821,4
RBT_096822,4
RBT_096823,7
RBT_096824,7
RBT_096825,5
RBT_096826,3
RBT_096827,6
RBT_096828,7
RBT_096829,7
RBT_096830,5
RBT_096831,3
RBT_096832,6
RBT_096833,5
RBT_096834,5
RBT_096835,3
RBT_096836,4
RBT_096837,5
RBT_096838,5
RBT_096839,5
RBT_096840,6
RBT_096841,7
RBT_096842,1
RBT_096843,6
RBT_096844,2
RBT_096845,7
RBT_096846,6
RBT_096847,5
RBT_096848,5
RBT_096849,5
RBT_096850,5
RBT_096851,7
RBT_096852,7
RBT_096853,1
RBT_096854,6
RBT_096855,6
RBT_096856,7
RBT_096857,7
RBT_096858,5
RBT_096859,5
RBT_096860,5
RBT_096861,4
RBT_096862,4
RBT_096863,5
RBT_096864,4
RBT_096865,6
RBT_096866,6
RBT_096867,7
RBT_096868,3
RBT_096869,5
RBT_096870,6
RBT_096871,5
RBT_096872,2
RBT_096873,4
RBT_096874,5
RBT_096875,5
RBT_096876,6
RBT_096877,5
RBT_096878,7
RBT_096879,7
RBT_096880,4
RBT_096881,5
RBT_096882,5
RBT_096883,4
RBT_096884,5
RBT_096885,5
RBT_096886,3
RBT_096887,2
RBT_096888,5
RBT_096889,5
RBT_096890,2
RBT_096891,5
RBT_096892,6
RBT_096893,5
RBT_096894,6
RBT_096895,3
RBT_096896,2
RBT_096897,6
RBT_096898,7
RBT_096899,4
RBT_096900,5
RBT_096901,5
RBT_096902,6
RBT_096903,5
RBT_096904,3
RBT_096905,2
RBT_096906,1
RBT_096907,3
RBT_096908,3
RBT_096909,1
RBT_096910,2
RBT_096911,1
RBT_096912,5
RBT_096913,1
RBT_096914,7
RBT_096915,5
RBT_096916,7
RBT_096917,5
RBT_096918,3
RBT_096919,6
RBT_096920,4
RBT_096921,1
RBT_096922,3
RBT_096923,5
RBT_096924,5
RBT_096925,2
RBT_096926,4
RBT_096927,7
RBT_096928,6
RBT_096929,2
RBT_096930,4
RBT_096931,6
RBT_096932,3
RBT_096933,5
RBT_096934,5
RBT_096935,2
RBT_096936,5
RBT_096937,7
RBT_096938,4
RBT_096939,7
RBT_096940,6
RBT_096941,6
RBT_096942,7
RBT_096943,5
RBT_096944,3
RBT_096945,2
RBT_096946,7
RBT_096947,5
RBT_096948,6
RBT_096949,6
RBT_096950,5
RBT_096951,5
RBT_096952,5
RBT_096953,6
RBT_096954,2
RBT_096955,6
RBT_096956,6
RBT_096957,2
RBT_096958,3
RBT_096959,7
RBT_096960,5
RBT_096961,5
RBT_096962,2
RBT_096963,3
RBT_096964,7
RBT_096965,1
RBT_096966,6
RBT_096967,5
RBT_096968,4
RBT_096969,5
RBT_096970,5
RBT_096971,7
RBT_096972,4
RBT_096973,5
RBT_096974,5
RBT_096975,5
RBT_096976,5
RBT_096977,6
RBT_096978,6
RBT_096979,7
RBT_096980,7
RBT_096981,3
RBT_096982,5
RBT_096983,6
RBT_096984,7
RBT_096985,3
RBT_096986,6
RBT_096987,3
RBT_096988,5
RBT_096989,5
RBT_096990,6
RBT_096991,7
RBT_096992,7
RBT_096993,7
RBT_096994,4
RBT_096995,3
RBT_096996,3
RBT_096997,2
RBT_096998,7
RBT_096999,5
RBT_097000,7
RBT_097001,6
RBT_097002,7
RBT_097003,6
RBT_097004,4
RBT_097005,3
RBT_097006,4
RBT_097007,5
RBT_097008,1
RBT_097009,5
RBT_097010,5
RBT_097011,2
RBT_097012,6
RBT_097013,6
RBT_097014,2
RBT_097015,3
RBT_097016,5
RBT_097017,5
RBT_097018,7
RBT_097019,5
RBT_097020,6
RBT_097021,4
RBT_097022,4
RBT_097023,3
RBT_097024,6
RBT_097025,4
RBT_097026,1
RBT_097027,4
RBT_097028,4
RBT_097029,5
RBT_097030,6
RBT_097031,6
RBT_097032,7
RBT_097033,5
RBT_097034,5
RBT_097035,4
RBT_097036,6
RBT_097037,5
RBT_097038,4
RBT_097039,5
RBT_097040,4
RBT_097041,7
RBT_097042,3
RBT_097043,5
RBT_097044,4
RBT_097045,3
RBT_097046,4
RBT_097047,4
RBT_097048,5
RBT_097049,5
RBT_097050,6
RBT_097051,2
RBT_097052,4
RBT_097053,4
RBT_097054,6
RBT_097055,3
RBT_097056,3
RBT_097057,2
RBT_097058,5
RBT_097059,6
RBT_097060,6
RBT_097061,6
RBT_097062,4
RBT_097063,5
RBT_097064,3
RBT_097065,7
RBT_097066,2
RBT_097067,6
RBT_097068,1
RBT_097069,5
RBT_097070,6
RBT_097071,5
RBT_097072,6
RBT_097073,2
RBT_097074,5
RBT_097075,5
RBT_097076,6
RBT_097077,4
RBT_097078,3
RBT_097079,6
RBT_097080,7
RBT_097081,7
RBT_097082,5
RBT_097083,7
RBT_097084,4
RBT_097085,5
RBT_097086,3
RBT_097087,4
RBT_097088,3
RBT_097089,2
RBT_097090,1
RBT_097091,5
RBT_097092,6
RBT_097093,5
RBT_097094,5
RBT_097095,6
RBT_097096,5
RBT_097097,5
RBT_097098,5
RBT_097099,2
RBT_097100,4
RBT_097101,6
RBT_097102,1
RBT_097103,3
RBT_097104,5
RBT_097105,6
RBT_097106,5
RBT_097107,6
RBT_097108,7
RBT_097109,2
RBT_097110,4
RBT_097111,6
RBT_097112,2
RBT_097113,4
RBT_097114,7
RBT_097115,3
RBT_097116,6
RBT_097117,5
RBT_097118,3
RBT_097119,5
RBT_097120,5
RBT_097121,5
RBT_097122,4
RBT_097123,1
RBT_097124,5
RBT_097125,2
RBT_097126,3
RBT_097127,7
RBT_097128,1
RBT_097129,5
RBT_097130,2
RBT_097131,6
RBT_097132,5
RBT_097133,4
RBT_097134,4
RBT_097135,5
RBT_097136,6
RBT_097137,1
RBT_097138,1
RBT_097139,5
RBT_097140,6
RBT_097141,3
RBT_097142,6
RBT_097143,5
RBT_097144,5
RBT_097145,5
RBT_097146,6
RBT_097147,3
RBT_097148,4
RBT_097149,5
RBT_097150,6
RBT_097151,3
RBT_097152,5
RBT_097153,6
RBT_097154,2
RBT_097155,5
RBT_097156,3
RBT_097157,3
RBT_097158,4
RBT_097159,5
RBT_097160,5
RBT_097161,3
RBT_097162,2
RBT_097163,4
RBT_097164,1
RBT_097165,4
RBT_097166,6
RBT_097167,7
RBT_097168,3
RBT_097169,5
RBT_097170,4
RBT_097171,3
RBT_097172,5
RBT_097173,3
RBT_097174,1
RBT_097175,3
RBT_097176,4
RBT_097177,1
RBT_097178,6
RBT_097179,5
RBT_097180,1
RBT_097181,3
RBT_097182,5
RBT_097183,1
RBT_097184,4
RBT_097185,2
RBT_097186,5
RBT_097187,7
RBT_097188,5
RBT_097189,5
RBT_097190,5
RBT_097191,4
RBT_097192,6
RBT_097193,5
RBT_097194,5
RBT_097195,1
RBT_097196,6
RBT_097197,5
RBT_097198,2
RBT_097199,3
RBT_097200,4
RBT_097201,4
RBT_097202,5
RBT_097203,6
RBT_097204,5
RBT_097205,5
RBT_097206,4
RBT_097207,5
RBT_097208,6
RBT_097209,4
RBT_097210,6
RBT_097211,5
RBT_097212,2
RBT_097213,7
RBT_097214,5
RBT_097215,6
RBT_097216,5
RBT_097217,2
RBT_097218,5
RBT_097219,5
RBT_097220,4
RBT_097221,5
RBT_097222,5
RBT_097223,1
RBT_097224,7
RBT_097225,5
RBT_097226,5
RBT_097227,3
RBT_097228,6
RBT_097229,4
RBT_097230,2
RBT_097231,6
RBT_097232,5
RBT_097233,4
RBT_097234,7
RBT_097235,6
RBT_097236,1
RBT_097237,6
RBT_097238,3
RBT_097239,1
RBT_097240,3
RBT_097241,1
RBT_097242,5
RBT_097243,6
RBT_097244,3
RBT_097245,3
RBT_097246,3
RBT_097247,5
RBT_097248,5
RBT_097249,1
RBT_097250,5
RBT_097251,2
RBT_097252,5
RBT_097253,5
RBT_097254,6
RBT_097255,6
RBT_097256,5
RBT_097257,5
RBT_097258,5
RBT_097259,4
RBT_097260,7
RBT_097261,5
RBT_097262,7
RBT_097263,5
RBT_097264,7
RBT_097265,3
RBT_097266,5
RBT_097267,6
RBT_097268,7
RBT_097269,6
RBT_097270,5
RBT_097271,6
RBT_097272,1
RBT_097273,6
RBT_097274,4
RBT_097275,1
RBT_097276,6
RBT_097277,6
RBT_097278,5
RBT_097279,4
RBT_097280,2
RBT_097281,6
RBT_097282,1
RBT_097283,6
RBT_097284,6
RBT_097285,7
RBT_097286,5
RBT_097287,2
RBT_097288,2
RBT_097289,4
RBT_097290,6
RBT_097291,1
RBT_097292,3
RBT_097293,5
RBT_097294,2
RBT_097295,6
RBT_097296,5
RBT_097297,5
RBT_097298,1
RBT_097299,2
RBT_097300,6
RBT_097301,6
RBT_097302,1
RBT_097303,7
RBT_097304,4
RBT_097305,5
RBT_097306,6
RBT_097307,7
RBT_097308,7
RBT_097309,5
RBT_097310,3
RBT_097311,6
RBT_097312,7
RBT_097313,5
RBT_097314,7
RBT_097315,5
RBT_097316,3
RBT_097317,5
RBT_097318,5
RBT_097319,5
RBT_097320,6
RBT_097321,7
RBT_097322,5
RBT_097323,7
RBT_097324,7
RBT_097325,5
RBT_097326,7
RBT_097327,2
RBT_097328,4
RBT_097329,6
RBT_097330,5
RBT_097331,1
RBT_097332,1
RBT_097333,7
RBT_097334,5
RBT_097335,3
RBT_097336,7
RBT_097337,7
RBT_097338,5
RBT_097339,6
RBT_097340,5
RBT_097341,5
RBT_097342,7
RBT_097343,1
RBT_097344,5
RBT_097345,6
RBT_097346,6
RBT_097347,3
RBT_097348,5
RBT_097349,5
RBT_097350,6
RBT_097351,5
RBT_097352,4
RBT_097353,6
RBT_097354,7
RBT_097355,1
RBT_097356,5
RBT_097357,2
RBT_097358,5
RBT_097359,5
RBT_097360,3
RBT_097361,6
RBT_097362,5
RBT_097363,5
RBT_097364,5
RBT_097365,7
RBT_097366,5
RBT_097367,7
RBT_097368,5
RBT_097369,3
RBT_097370,6
RBT_097371,5
RBT_097372,4
RBT_097373,4
RBT_097374,6
RBT_097375,5
RBT_097376,5
RBT_097377,5
RBT_097378,3
RBT_097379,5
RBT_097380,2
RBT_097381,5
RBT_097382,7
RBT_097383,5
RBT_097384,1
RBT_097385,6
RBT_097386,6
RBT_097387,6
RBT_097388,4
RBT_097389,1
RBT_097390,5
RBT_097391,5
RBT_097392,1
RBT_097393,2
RBT_097394,5
RBT_097395,7
RBT_097396,7
RBT_097397,7
RBT_097398,3
RBT_097399,6
RBT_097400,7
RBT_097401,5
RBT_097402,5
RBT_097403,4
RBT_097404,6
RBT_097405,4
RBT_097406,2
RBT_097407,5
RBT_097408,3
RBT_097409,5
RBT_097410,5
RBT_097411,6
RBT_097412,6
RBT_097413,6
RBT_097414,5
RBT_097415,2
RBT_097416,7
RBT_097417,6
RBT_097418,6
RBT_097419,7
RBT_097420,7
RBT_097421,7
RBT_097422,3
RBT_097423,5
RBT_097424,7
RBT_097425,6
RBT_097426,6
RBT_097427,7
RBT_097428,4
RBT_097429,3
RBT_097430,5
RBT_097431,7
RBT_097432,2
RBT_097433,5
RBT_097434,6
RBT_097435,5
RBT_097436,7
RBT_097437,5
RBT_097438,4
RBT_097439,6
RBT_097440,6
RBT_097441,4
RBT_097442,5
RBT_097443,5
RBT_097444,6
RBT_097445,6
RBT_097446,5
RBT_097447,5
RBT_097448,4
RBT_097449,1
RBT_097450,7
RBT_097451,6
RBT_097452,3
RBT_097453,5
RBT_097454,5
RBT_097455,4
RBT_097456,2
RBT_097457,5
RBT_097458,4
RBT_097459,6
RBT_097460,7
RBT_097461,5
RBT_097462,6
RBT_097463,7
RBT_097464,3
RBT_097465,6
RBT_097466,5
RBT_097467,3
RBT_097468,4
RBT_097469,6
RBT_097470,7
RBT_097471,2
RBT_097472,5
RBT_097473,5
RBT_097474,4
RBT_097475,3
RBT_097476,6
RBT_097477,4
RBT_097478,5
RBT_097479,3
RBT_097480,5
RBT_097481,6
RBT_097482,3
RBT_097483,5
RBT_097484,6
RBT_097485,2
RBT_097486,1
RBT_097487,6
RBT_097488,7
RBT_097489,5
RBT_097490,5
RBT_097491,4
RBT_097492,5
RBT_097493,5
RBT_097494,6
RBT_097495,5
RBT_097496,7
RBT_097497,4
RBT_097498,1
RBT_097499,5
RBT_097500,6
RBT_097501,6
RBT_097502,1
RBT_097503,4
RBT_097504,5
RBT_097505,6
RBT_097506,4
RBT_097507,4
RBT_097508,5
RBT_097509,5
RBT_097510,1
RBT_097511,5
RBT_097512,5
RBT_097513,6
RBT_097514,6
RBT_097515,5
RBT_097516,4
RBT_097517,6
RBT_097518,6
RBT_097519,5
RBT_097520,4
RBT_097521,6
RBT_097522,5
RBT_097523,5
RBT_097524,3
RBT_097525,4
RBT_097526,1
RBT_097527,3
RBT_097528,6
RBT_097529,5
RBT_097530,5
RBT_097531,5
RBT_097532,1
RBT_097533,5
RBT_097534,3
RBT_097535,6
RBT_097536,5
RBT_097537,5
RBT_097538,5
RBT_097539,4
RBT_097540,4
RBT_097541,6
RBT_097542,6
RBT_097543,7
RBT_097544,5
RBT_097545,5
RBT_097546,7
RBT_097547,6
RBT_097548,7
RBT_097549,5
RBT_097550,5
RBT_097551,5
RBT_097552,4
RBT_097553,5
RBT_097554,4
RBT_097555,5
RBT_097556,6
RBT_097557,5
RBT_097558,5
RBT_097559,2
RBT_097560,4
RBT_097561,6
RBT_097562,4
RBT_097563,7
RBT_097564,5
RBT_097565,5
RBT_097566,7
RBT_097567,5
RBT_097568,3
RBT_097569,3
RBT_097570,2
RBT_097571,1
RBT_097572,6
RBT_097573,6
RBT_097574,6
RBT_097575,2
RBT_097576,7
RBT_097577,6
RBT_097578,2
RBT_097579,2
RBT_097580,5
RBT_097581,5
RBT_097582,5
RBT_097583,1
RBT_097584,5
RBT_097585,2
RBT_097586,2
RBT_097587,3
RBT_097588,1
RBT_097589,2
RBT_097590,5
RBT_097591,5
RBT_097592,3
RBT_097593,3
RBT_097594,1
RBT_097595,6
RBT_097596,5
RBT_097597,4
RBT_097598,6
RBT_097599,3
RBT_097600,1
RBT_097601,5
RBT_097602,4
RBT_097603,5
RBT_097604,7
RBT_097605,4
RBT_097606,4
RBT_097607,6
RBT_097608,5
RBT_097609,6
RBT_097610,3
RBT_097611,4
RBT_097612,1
RBT_097613,5
RBT_097614,5
RBT_097615,5
RBT_097616,3
RBT_097617,1
RBT_097618,5
RBT_097619,2
RBT_097620,6
RBT_097621,4
RBT_097622,4
RBT_097623,4
RBT_097624,5
RBT_097625,7
RBT_097626,1
RBT_097627,6
RBT_097628,5
RBT_097629,7
RBT_097630,6
RBT_097631,6
RBT_097632,6
RBT_097633,1
RBT_097634,6
RBT_097635,5
RBT_097636,7
RBT_097637,3
RBT_097638,7
RBT_097639,6
RBT_097640,4
RBT_097641,2
RBT_097642,5
RBT_097643,5
RBT_097644,6
RBT_097645,6
RBT_097646,5
RBT_097647,4
RBT_097648,6
RBT_097649,5
RBT_097650,5
RBT_097651,4
RBT_097652,6
RBT_097653,7
RBT_097654,3
RBT_097655,2
RBT_097656,4
RBT_097657,7
RBT_097658,4
RBT_097659,1
RBT_097660,5
RBT_097661,5
RBT_097662,2
RBT_097663,3
RBT_097664,2
RBT_097665,5
RBT_097666,5
RBT_097667,5
RBT_097668,5
RBT_097669,5
RBT_097670,4
RBT_097671,7
RBT_097672,5
RBT_097673,4
RBT_097674,7
RBT_097675,2
RBT_097676,4
RBT_097677,7
RBT_097678,7
RBT_097679,5
RBT_097680,1
RBT_097681,4
RBT_097682,7
RBT_097683,7
RBT_097684,7
RBT_097685,4
RBT_097686,6
RBT_097687,5
RBT_097688,7
RBT_097689,5
RBT_097690,4
RBT_097691,5
RBT_097692,4
RBT_097693,1
RBT_097694,6
RBT_097695,6
RBT_097696,6
RBT_097697,3
RBT_097698,3
RBT_097699,3
RBT_097700,5
RBT_097701,4
RBT_097702,6
RBT_097703,5
RBT_097704,5
RBT_097705,6
RBT_097706,2
RBT_097707,6
RBT_097708,6
RBT_097709,6
RBT_097710,2
RBT_097711,1
RBT_097712,3
RBT_097713,4
RBT_097714,5
RBT_097715,2
RBT_097716,4
RBT_097717,3
RBT_097718,5
RBT_097719,4
RBT_097720,4
RBT_097721,1
RBT_097722,2
RBT_097723,5
RBT_097724,5
RBT_097725,6
RBT_097726,5
RBT_097727,4
RBT_097728,4
RBT_097729,5
RBT_097730,5
RBT_097731,2
RBT_097732,1
RBT_097733,5
RBT_097734,7
RBT_097735,5
RBT_097736,2
RBT_097737,6
RBT_097738,3
RBT_097739,5
RBT_097740,2
RBT_097741,5
RBT_097742,5
RBT_097743,4
RBT_097744,7
RBT_097745,5
RBT_097746,4
RBT_097747,4
RBT_097748,7
RBT_097749,3
RBT_097750,3
RBT_097751,6
RBT_097752,4
RBT_097753,5
RBT_097754,5
RBT_097755,6
RBT_097756,6
RBT_097757,4
RBT_097758,5
RBT_097759,1
RBT_097760,5
RBT_097761,6
RBT_097762,6
RBT_097763,3
RBT_097764,7
RBT_097765,3
RBT_097766,2
RBT_097767,5
RBT_097768,3
RBT_097769,3
RBT_097770,5
RBT_097771,5
RBT_097772,5
RBT_097773,5
RBT_097774,5
RBT_097775,7
RBT_097776,4
RBT_097777,5
RBT_097778,5
RBT_097779,1
RBT_097780,6
RBT_097781,4
RBT_097782,2
RBT_097783,5
RBT_097784,6
RBT_097785,5
RBT_097786,4
RBT_097787,7
RBT_097788,3
RBT_097789,6
RBT_097790,2
RBT_097791,6
RBT_097792,5
RBT_097793,6
RBT_097794,2
RBT_097795,5
RBT_097796,5
RBT_097797,5
RBT_097798,5
RBT_097799,5
RBT_097800,5
RBT_097801,4
RBT_097802,6
RBT_097803,7
RBT_097804,2
RBT_097805,4
RBT_097806,3
RBT_097807,7
RBT_097808,5
RBT_097809,3
RBT_097810,5
RBT_097811,5
RBT_097812,5
RBT_097813,4
RBT_097814,5
RBT_097815,6
RBT_097816,4
RBT_097817,2
RBT_097818,6
RBT_097819,4
RBT_097820,5
RBT_097821,6
RBT_097822,5
RBT_097823,4
RBT_097824,5
RBT_097825,4
RBT_097826,5
RBT_097827,4
RBT_097828,5
RBT_097829,3
RBT_097830,2
RBT_097831,6
RBT_097832,2
RBT_097833,6
RBT_097834,3
RBT_097835,4
RBT_097836,5
RBT_097837,3
RBT_097838,6
RBT_097839,3
RBT_097840,4
RBT_097841,3
RBT_097842,1
RBT_097843,6
RBT_097844,5
RBT_097845,2
RBT_097846,7
RBT_097847,4
RBT_097848,5
RBT_097849,5
RBT_097850,3
RBT_097851,5
RBT_097852,5
RBT_097853,7
RBT_097854,6
RBT_097855,5
RBT_097856,5
RBT_097857,7
RBT_097858,6
RBT_097859,2
RBT_097860,3
RBT_097861,5
RBT_097862,4
RBT_097863,6
RBT_097864,5
RBT_097865,7
RBT_097866,1
RBT_097867,5
RBT_097868,5
RBT_097869,5
RBT_097870,7
RBT_097871,5
RBT_097872,6
RBT_097873,5
RBT_097874,5
RBT_097875,6
RBT_097876,3
RBT_097877,3
RBT_097878,7
RBT_097879,5
RBT_097880,5
RBT_097881,4
RBT_097882,5
RBT_097883,7
RBT_097884,7
RBT_097885,5
RBT_097886,7
RBT_097887,4
RBT_097888,2
RBT_097889,3
RBT_097890,5
RBT_097891,7
RBT_097892,7
RBT_097893,3
RBT_097894,4
RBT_097895,7
RBT_097896,6
RBT_097897,5
RBT_097898,5
RBT_097899,6
RBT_097900,1
RBT_097901,6
RBT_097902,3
RBT_097903,7
RBT_097904,2
RBT_097905,7
RBT_097906,1
RBT_097907,6
RBT_097908,2
RBT_097909,3
RBT_097910,7
RBT_097911,6
RBT_097912,6
RBT_097913,5
RBT_097914,2
RBT_097915,3
RBT_097916,7
RBT_097917,5
RBT_097918,6
RBT_097919,6
RBT_097920,5
RBT_097921,6
RBT_097922,5
RBT_097923,7
RBT_097924,5
RBT_097925,3
RBT_097926,4
RBT_097927,6
RBT_097928,5
RBT_097929,5
RBT_097930,7
RBT_097931,6
RBT_097932,6
RBT_097933,4
RBT_097934,4
RBT_097935,4
RBT_097936,2
RBT_097937,6
RBT_097938,6
RBT_097939,5
RBT_097940,6
RBT_097941,1
RBT_097942,1
RBT_097943,4
RBT_097944,5
RBT_097945,5
RBT_097946,7
RBT_097947,4
RBT_097948,2
RBT_097949,2
RBT_097950,2
RBT_097951,4
RBT_097952,4
RBT_097953,5
RBT_097954,4
RBT_097955,5
RBT_097956,5
RBT_097957,4
RBT_097958,5
RBT_097959,5
RBT_097960,7
RBT_097961,2
RBT_097962,6
RBT_097963,5
RBT_097964,3
RBT_097965,6
RBT_097966,5
RBT_097967,5
RBT_097968,6
RBT_097969,5
RBT_097970,6
RBT_097971,6
RBT_097972,6
RBT_097973,5
RBT_097974,6
RBT_097975,6
RBT_097976,6
RBT_097977,3
RBT_097978,6
RBT_097979,5
RBT_097980,2
RBT_097981,6
RBT_097982,6
RBT_097983,5
RBT_097984,3
RBT_097985,5
RBT_097986,4
RBT_097987,5
RBT_097988,5
RBT_097989,5
RBT_097990,4
RBT_097991,6
RBT_097992,3
RBT_097993,1
RBT_097994,5
RBT_097995,1
RBT_097996,5
RBT_097997,5
RBT_097998,5
RBT_097999,4
RBT_098000,6
RBT_098001,4
RBT_098002,2
RBT_098003,5
RBT_098004,6
RBT_098005,4
RBT_098006,3
RBT_098007,4
RBT_098008,5
RBT_098009,2
RBT_098010,5
RBT_098011,7
RBT_098012,3
RBT_098013,2
RBT_098014,5
RBT_098015,2
RBT_098016,1
RBT_098017,1
RBT_098018,4
RBT_098019,2
RBT_098020,3
RBT_098021,5
RBT_098022,5
RBT_098023,5
RBT_098024,5
RBT_098025,7
RBT_098026,6
RBT_098027,6
RBT_098028,5
RBT_098029,6
RBT_098030,5
RBT_098031,6
RBT_098032,5
RBT_098033,4
RBT_098034,2
RBT_098035,6
RBT_098036,2
RBT_098037,5
RBT_098038,7
RBT_098039,3
RBT_098040,6
RBT_098041,7
RBT_098042,5
RBT_098043,5
RBT_098044,5
RBT_098045,5
RBT_098046,5
RBT_098047,6
RBT_098048,7
RBT_098049,4
RBT_098050,6
RBT_098051,6
RBT_098052,4
RBT_098053,5
RBT_098054,6
RBT_098055,2
RBT_098056,6
RBT_098057,5
RBT_098058,5
RBT_098059,6
RBT_098060,3
RBT_098061,1
RBT_098062,5
RBT_098063,3
RBT_098064,7
RBT_098065,5
RBT_098066,5
RBT_098067,6
RBT_098068,4
RBT_098069,5
RBT_098070,3
RBT_098071,2
RBT_098072,5
RBT_098073,7
RBT_098074,5
RBT_098075,5
RBT_098076,6
RBT_098077,4
RBT_098078,5
RBT_098079,4
RBT_098080,6
RBT_098081,1
RBT_098082,5
RBT_098083,4
RBT_098084,4
RBT_098085,4
RBT_098086,4
RBT_098087,7
RBT_098088,6
RBT_098089,6
RBT_098090,3
RBT_098091,6
RBT_098092,5
RBT_098093,7
RBT_098094,5
RBT_098095,5
RBT_098096,7
RBT_098097,5
RBT_098098,6
RBT_098099,5
RBT_098100,6
RBT_098101,4
RBT_098102,5
RBT_098103,5
RBT_098104,6
RBT_098105,7
RBT_098106,6
RBT_098107,6
RBT_098108,5
RBT_098109,3
RBT_098110,6
RBT_098111,5
RBT_098112,4
RBT_098113,7
RBT_098114,4
RBT_098115,6
RBT_098116,2
RBT_098117,4
RBT_098118,5
RBT_098119,4
RBT_098120,7
RBT_098121,5
RBT_098122,6
RBT_098123,5
RBT_098124,5
RBT_098125,6
RBT_098126,1
RBT_098127,5
RBT_098128,6
RBT_098129,2
RBT_098130,3
RBT_098131,7
RBT_098132,7
RBT_098133,5
RBT_098134,6
RBT_098135,5
RBT_098136,5
RBT_098137,6
RBT_098138,5
RBT_098139,2
RBT_098140,6
RBT_098141,4
RBT_098142,5
RBT_098143,6
RBT_098144,7
RBT_098145,7
RBT_098146,7
RBT_098147,5
RBT_098148,5
RBT_098149,1
RBT_098150,2
RBT_098151,5
RBT_098152,5
RBT_098153,5
RBT_098154,4
RBT_098155,3
RBT_098156,5
RBT_098157,6
RBT_098158,1
RBT_098159,4
RBT_098160,1
RBT_098161,5
RBT_098162,7
RBT_098163,3
RBT_098164,1
RBT_098165,2
RBT_098166,6
RBT_098167,1
RBT_098168,5
RBT_098169,7
RBT_098170,2
RBT_098171,7
RBT_098172,2
RBT_098173,2
RBT_098174,5
RBT_098175,4
RBT_098176,1
RBT_098177,6
RBT_098178,4
RBT_098179,7
RBT_098180,4
RBT_098181,5
RBT_098182,4
RBT_098183,3
RBT_098184,7
RBT_098185,5
RBT_098186,6
RBT_098187,4
RBT_098188,5
RBT_098189,5
RBT_098190,5
RBT_098191,6
RBT_098192,4
RBT_098193,3
RBT_098194,4
RBT_098195,4
RBT_098196,5
RBT_098197,1
RBT_098198,4
RBT_098199,5
RBT_098200,6
RBT_098201,4
RBT_098202,4
RBT_098203,4
RBT_098204,1
RBT_098205,4
RBT_098206,2
RBT_098207,5
RBT_098208,5
RBT_098209,1
RBT_098210,6
RBT_098211,4
RBT_098212,5
RBT_098213,4
RBT_098214,4
RBT_098215,6
RBT_098216,4
RBT_098217,5
RBT_098218,5
RBT_098219,4
RBT_098220,6
RBT_098221,5
RBT_098222,6
RBT_098223,1
RBT_098224,6
RBT_098225,4
RBT_098226,2
RBT_098227,5
RBT_098228,3
RBT_098229,5
RBT_098230,6
RBT_098231,2
RBT_098232,2
RBT_098233,5
RBT_098234,5
RBT_098235,3
RBT_098236,5
RBT_098237,5
RBT_098238,5
RBT_098239,3
RBT_098240,5
RBT_098241,2
RBT_098242,5
RBT_098243,5
RBT_098244,1
RBT_098245,5
RBT_098246,4
RBT_098247,3
RBT_098248,5
RBT_098249,5
RBT_098250,4
RBT_098251,6
RBT_098252,2
RBT_098253,5
RBT_098254,5
RBT_098255,4
RBT_098256,5
RBT_098257,7
RBT_098258,5
RBT_098259,3
RBT_098260,5
RBT_098261,3
RBT_098262,7
RBT_098263,6
RBT_098264,7
RBT_098265,5
RBT_098266,6
RBT_098267,3
RBT_098268,6
RBT_098269,3
RBT_098270,6
RBT_098271,4
RBT_098272,6
RBT_098273,5
RBT_098274,5
RBT_098275,4
RBT_098276,4
RBT_098277,4
RBT_098278,4
RBT_098279,7
RBT_098280,5
RBT_098281,6
RBT_098282,6
RBT_098283,5
RBT_098284,6
RBT_098285,4
RBT_098286,4
RBT_098287,5
RBT_098288,5
RBT_098289,1
RBT_098290,6
RBT_098291,4
RBT_098292,5
RBT_098293,1
RBT_098294,5
RBT_098295,2
RBT_098296,1
RBT_098297,6
RBT_098298,5
RBT_098299,6
RBT_098300,4
RBT_098301,5
RBT_098302,2
RBT_098303,3
RBT_098304,5
RBT_098305,5
RBT_098306,3
RBT_098307,5
RBT_098308,4
RBT_098309,5
RBT_098310,4
RBT_098311,7
RBT_098312,4
RBT_098313,4
RBT_098314,7
RBT_098315,3
RBT_098316,7
RBT_098317,5
RBT_098318,3
RBT_098319,5
RBT_098320,6
RBT_098321,1
RBT_098322,5
RBT_098323,4
RBT_098324,6
RBT_098325,2
RBT_098326,4
RBT_098327,5
RBT_098328,6
RBT_098329,4
RBT_098330,6
RBT_098331,2
RBT_098332,3
RBT_098333,3
RBT_098334,5
RBT_098335,5
RBT_098336,6
RBT_098337,5
RBT_098338,6
RBT_098339,4
RBT_098340,7
RBT_098341,5
RBT_098342,5
RBT_098343,5
RBT_098344,7
RBT_098345,5
RBT_098346,4
RBT_098347,4
RBT_098348,7
RBT_098349,4
RBT_098350,7
RBT_098351,3
RBT_098352,5
RBT_098353,5
RBT_098354,7
RBT_098355,5
RBT_098356,1
RBT_098357,6
RBT_098358,5
RBT_098359,3
RBT_098360,5
RBT_098361,7
RBT_098362,1
RBT_098363,7
RBT_098364,4
RBT_098365,5
RBT_098366,5
RBT_098367,6
RBT_098368,5
RBT_098369,4
RBT_098370,5
RBT_098371,5
RBT_098372,4
RBT_098373,5
RBT_098374,5
RBT_098375,3
RBT_098376,7
RBT_098377,1
RBT_098378,5
RBT_098379,5
RBT_098380,2
RBT_098381,2
RBT_098382,6
RBT_098383,4
RBT_098384,4
RBT_098385,6
RBT_098386,6
RBT_098387,6
RBT_098388,5
RBT_098389,6
RBT_098390,7
RBT_098391,3
RBT_098392,5
RBT_098393,6
RBT_098394,7
RBT_098395,2
RBT_098396,7
RBT_098397,6
RBT_098398,5
RBT_098399,3
RBT_098400,4
RBT_098401,5
RBT_098402,6
RBT_098403,6
RBT_098404,3
RBT_098405,3
RBT_098406,4
RBT_098407,5
RBT_098408,5
RBT_098409,4
RBT_098410,6
RBT_098411,6
RBT_098412,5
RBT_098413,6
RBT_098414,6
RBT_098415,7
RBT_098416,7
RBT_098417,6
RBT_098418,5
RBT_098419,6
RBT_098420,5
RBT_098421,3
RBT_098422,7
RBT_098423,5
RBT_098424,7
RBT_098425,5
RBT_098426,5
RBT_098427,2
RBT_098428,5
RBT_098429,3
RBT_098430,7
RBT_098431,5
RBT_098432,6
RBT_098433,3
RBT_098434,2
RBT_098435,5
RBT_098436,7
RBT_098437,2
RBT_098438,6
RBT_098439,1
RBT_098440,3
RBT_098441,6
RBT_098442,3
RBT_098443,1
RBT_098444,3
RBT_098445,6
RBT_098446,4
RBT_098447,5
RBT_098448,5
RBT_098449,3
RBT_098450,3
RBT_098451,3
RBT_098452,6
RBT_098453,6
RBT_098454,5
RBT_098455,4
RBT_098456,4
RBT_098457,7
RBT_098458,3
RBT_098459,6
RBT_098460,2
RBT_098461,5
RBT_098462,4
RBT_098463,6
RBT_098464,1
RBT_098465,5
RBT_098466,5
RBT_098467,6
RBT_098468,7
RBT_098469,6
RBT_098470,2
RBT_098471,6
RBT_098472,5
RBT_098473,2
RBT_098474,3
RBT_098475,6
RBT_098476,5
RBT_098477,3
RBT_098478,6
RBT_098479,5
RBT_098480,3
RBT_098481,5
RBT_098482,7
RBT_098483,6
RBT_098484,5
RBT_098485,1
RBT_098486,3
RBT_098487,3
RBT_098488,5
RBT_098489,7
RBT_098490,3
RBT_098491,1
RBT_098492,4
RBT_098493,5
RBT_098494,2
RBT_098495,5
RBT_098496,3
RBT_098497,5
RBT_098498,3
RBT_098499,6
RBT_098500,5
RBT_098501,2
RBT_098502,4
RBT_098503,7
RBT_098504,6
RBT_098505,6
RBT_098506,7
RBT_098507,5
RBT_098508,4
RBT_098509,7
RBT_098510,6
RBT_098511,6
RBT_098512,6
RBT_098513,6
RBT_098514,4
RBT_098515,2
RBT_098516,6
RBT_098517,7
RBT_098518,7
RBT_098519,1
RBT_098520,5
RBT_098521,5
RBT_098522,3
RBT_098523,5
RBT_098524,5
RBT_098525,7
RBT_098526,4
RBT_098527,3
RBT_098528,5
RBT_098529,4
RBT_098530,1
RBT_098531,6
RBT_098532,4
RBT_098533,7
RBT_098534,5
RBT_098535,5
RBT_098536,3
RBT_098537,5
RBT_098538,4
RBT_098539,6
RBT_098540,1
RBT_098541,5
RBT_098542,5
RBT_098543,4
RBT_098544,2
RBT_098545,2
RBT_098546,6
RBT_098547,6
RBT_098548,5
RBT_098549,1
RBT_098550,6
RBT_098551,5
RBT_098552,2
RBT_098553,4
RBT_098554,2
RBT_098555,6
RBT_098556,5
RBT_098557,4
RBT_098558,5
RBT_098559,6
RBT_098560,5
RBT_098561,6
RBT_098562,5
RBT_098563,1
RBT_098564,3
RBT_098565,6
RBT_098566,2
RBT_098567,5
RBT_098568,2
RBT_098569,7
RBT_098570,3
RBT_098571,4
RBT_098572,6
RBT_098573,5
RBT_098574,5
RBT_098575,6
RBT_098576,7
RBT_098577,3
RBT_098578,4
RBT_098579,5
RBT_098580,5
RBT_098581,5
RBT_098582,6
RBT_098583,6
RBT_098584,5
RBT_098585,4
RBT_098586,5
RBT_098587,6
RBT_098588,6
RBT_098589,4
RBT_098590,7
RBT_098591,6
RBT_098592,3
RBT_098593,5
RBT_098594,6
RBT_098595,5
RBT_098596,6
RBT_098597,3
RBT_098598,2
RBT_098599,5
RBT_098600,5
RBT_098601,5
RBT_098602,4
RBT_098603,5
RBT_098604,2
RBT_098605,2
RBT_098606,5
RBT_098607,4
RBT_098608,7
RBT_098609,4
RBT_098610,5
RBT_098611,4
RBT_098612,4
RBT_098613,6
RBT_098614,5
RBT_098615,5
RBT_098616,5
RBT_098617,6
RBT_098618,6
RBT_098619,7
RBT_098620,6
RBT_098621,5
RBT_098622,3
RBT_098623,4
RBT_098624,4
RBT_098625,1
RBT_098626,6
RBT_098627,7
RBT_098628,6
RBT_098629,6
RBT_098630,5
RBT_098631,7
RBT_098632,4
RBT_098633,5
RBT_098634,5
RBT_098635,5
RBT_098636,6
RBT_098637,5
RBT_098638,5
RBT_098639,4
RBT_098640,5
RBT_098641,4
RBT_098642,5
RBT_098643,2
RBT_098644,6
RBT_098645,4
RBT_098646,6
RBT_098647,4
RBT_098648,6
RBT_098649,6
RBT_098650,4
RBT_098651,2
RBT_098652,5
RBT_098653,5
RBT_098654,5
RBT_098655,7
RBT_098656,7
RBT_098657,4
RBT_098658,5
RBT_098659,2
RBT_098660,5
RBT_098661,5
RBT_098662,5
RBT_098663,6
RBT_098664,5
RBT_098665,5
RBT_098666,4
RBT_098667,3
RBT_098668,5
RBT_098669,1
RBT_098670,3
RBT_098671,6
RBT_098672,5
RBT_098673,7
RBT_098674,1
RBT_098675,6
RBT_098676,5
RBT_098677,5
RBT_098678,6
RBT_098679,6
RBT_098680,1
RBT_098681,7
RBT_098682,6
RBT_098683,5
RBT_098684,2
RBT_098685,6
RBT_098686,5
RBT_098687,4
RBT_098688,6
RBT_098689,3
RBT_098690,3
RBT_098691,5
RBT_098692,5
RBT_098693,5
RBT_098694,5
RBT_098695,6
RBT_098696,4
RBT_098697,5
RBT_098698,6
RBT_098699,5
RBT_098700,6
RBT_098701,5
RBT_098702,5
RBT_098703,2
RBT_098704,5
RBT_098705,6
RBT_098706,4
RBT_098707,4
RBT_098708,7
RBT_098709,5
RBT_098710,6
RBT_098711,5
RBT_098712,5
RBT_098713,1
RBT_098714,6
RBT_098715,4
RBT_098716,3
RBT_098717,3
RBT_098718,5
RBT_098719,5
RBT_098720,6
RBT_098721,5
RBT_098722,6
RBT_098723,2
RBT_098724,2
RBT_098725,3
RBT_098726,2
RBT_098727,5
RBT_098728,4
RBT_098729,5
RBT_098730,6
RBT_098731,5
RBT_098732,5
RBT_098733,5
RBT_098734,6
RBT_098735,5
RBT_098736,5
RBT_098737,6
RBT_098738,7
RBT_098739,6
RBT_098740,5
RBT_098741,5
RBT_098742,5
RBT_098743,5
RBT_098744,6
RBT_098745,6
RBT_098746,2
RBT_098747,3
RBT_098748,5
RBT_098749,6
RBT_098750,5
RBT_098751,5
RBT_098752,5
RBT_098753,5
RBT_098754,4
RBT_098755,7
RBT_098756,5
RBT_098757,6
RBT_098758,5
RBT_098759,5
RBT_098760,6
RBT_098761,4
RBT_098762,7
RBT_098763,4
RBT_098764,3
RBT_098765,5
RBT_098766,4
RBT_098767,7
RBT_098768,7
RBT_098769,4
RBT_098770,7
RBT_098771,4
RBT_098772,5
RBT_098773,2
RBT_098774,1
RBT_098775,5
RBT_098776,1
RBT_098777,4
RBT_098778,5
RBT_098779,5
RBT_098780,4
RBT_098781,5
RBT_098782,5
RBT_098783,4
RBT_098784,4
RBT_098785,5
RBT_098786,3
RBT_098787,5
RBT_098788,4
RBT_098789,2
RBT_098790,3
RBT_098791,7
RBT_098792,5
RBT_098793,7
RBT_098794,3
RBT_098795,4
RBT_098796,5
RBT_098797,4
RBT_098798,5
RBT_098799,6
RBT_098800,1
RBT_098801,5
RBT_098802,7
RBT_098803,3
RBT_098804,5
RBT_098805,6
RBT_098806,5
RBT_098807,4
RBT_098808,5
RBT_098809,4
RBT_098810,5
RBT_098811,3
RBT_098812,3
RBT_098813,1
RBT_098814,3
RBT_098815,3
RBT_098816,5
RBT_098817,6
RBT_098818,3
RBT_098819,2
RBT_098820,4
RBT_098821,3
RBT_098822,5
RBT_098823,5
RBT_098824,1
RBT_098825,7
RBT_098826,3
RBT_098827,6
RBT_098828,5
RBT_098829,3
RBT_098830,2
RBT_098831,6
RBT_098832,5
RBT_098833,7
RBT_098834,3
RBT_098835,6
RBT_098836,3
RBT_098837,6
RBT_098838,5
RBT_098839,6
RBT_098840,5
RBT_098841,3
RBT_098842,5
RBT_098843,4
RBT_098844,3
RBT_098845,7
RBT_098846,4
RBT_098847,6
RBT_098848,6
RBT_098849,1
RBT_098850,7
RBT_098851,6
RBT_098852,4
RBT_098853,3
RBT_098854,1
RBT_098855,2
RBT_098856,3
RBT_098857,1
RBT_098858,4
RBT_098859,7
RBT_098860,5
RBT_098861,5
RBT_098862,4
RBT_098863,3
RBT_098864,4
RBT_098865,4
RBT_098866,5
RBT_098867,3
RBT_098868,5
RBT_098869,5
RBT_098870,5
RBT_098871,5
RBT_098872,4
RBT_098873,5
RBT_098874,5
RBT_098875,5
RBT_098876,6
RBT_098877,1
RBT_098878,4
RBT_098879,7
RBT_098880,6
RBT_098881,6
RBT_098882,4
RBT_098883,6
RBT_098884,2
RBT_098885,4
RBT_098886,2
RBT_098887,2
RBT_098888,5
RBT_098889,2
RBT_098890,5
RBT_098891,4
RBT_098892,1
RBT_098893,5
RBT_098894,5
RBT_098895,4
RBT_098896,4
RBT_098897,5
RBT_098898,4
RBT_098899,7
RBT_098900,3
RBT_098901,4
RBT_098902,5
RBT_098903,1
RBT_098904,3
RBT_098905,1
RBT_098906,7
RBT_098907,5
RBT_098908,6
RBT_098909,1
RBT_098910,2
RBT_098911,4
RBT_098912,1
RBT_098913,4
RBT_098914,7
RBT_098915,4
RBT_098916,6
RBT_098917,2
RBT_098918,5
RBT_098919,1
RBT_098920,5
RBT_098921,4
RBT_098922,5
RBT_098923,6
RBT_098924,5
RBT_098925,5
RBT_098926,5
RBT_098927,6
RBT_098928,6
RBT_098929,7
RBT_098930,6
RBT_098931,4
RBT_098932,5
RBT_098933,6
RBT_098934,5
RBT_098935,5
RBT_098936,4
RBT_098937,3
RBT_098938,3
RBT_098939,3
RBT_098940,7
RBT_098941,5
RBT_098942,4
RBT_098943,4
RBT_098944,3
RBT_098945,6
RBT_098946,5
RBT_098947,4
RBT_098948,6
RBT_098949,6
RBT_098950,5
RBT_098951,6
RBT_098952,6
RBT_098953,1
RBT_098954,6
RBT_098955,4
RBT_098956,7
RBT_098957,7
RBT_098958,1
RBT_098959,5
RBT_098960,7
RBT_098961,6
RBT_098962,5
RBT_098963,7
RBT_098964,5
RBT_098965,5
RBT_098966,5
RBT_098967,1
RBT_098968,3
RBT_098969,4
RBT_098970,2
RBT_098971,3
RBT_098972,4
RBT_098973,5
RBT_098974,4
RBT_098975,6
RBT_098976,7
RBT_098977,5
RBT_098978,5
RBT_098979,5
RBT_098980,5
RBT_098981,3
RBT_098982,7
RBT_098983,5
RBT_098984,6
RBT_098985,4
RBT_098986,2
RBT_098987,5
RBT_098988,6
RBT_098989,5
RBT_098990,6
RBT_098991,5
RBT_098992,6
RBT_098993,4
RBT_098994,5
RBT_098995,6
RBT_098996,6
RBT_098997,3
RBT_098998,1
RBT_098999,5
RBT_099000,2
RBT_099001,3
RBT_099002,4
RBT_099003,5
RBT_099004,3
RBT_099005,3
RBT_099006,1
RBT_099007,6
RBT_099008,3
RBT_099009,5
RBT_099010,5
RBT_099011,3
RBT_099012,5
RBT_099013,4
RBT_099014,4
RBT_099015,6
RBT_099016,1
RBT_099017,3
RBT_099018,2
RBT_099019,7
RBT_099020,5
RBT_099021,6
RBT_099022,4
RBT_099023,7
RBT_099024,5
RBT_099025,5
RBT_099026,5
RBT_099027,2
RBT_099028,4
RBT_099029,5
RBT_099030,5
RBT_099031,3
RBT_099032,7
RBT_099033,6
RBT_099034,5
RBT_099035,7
RBT_099036,5
RBT_099037,7
RBT_099038,6
RBT_099039,3
RBT_099040,5
RBT_099041,4
RBT_099042,6
RBT_099043,6
RBT_099044,6
RBT_099045,5
RBT_099046,5
RBT_099047,7
RBT_099048,1
RBT_099049,2
RBT_099050,5
RBT_099051,6
RBT_099052,7
RBT_099053,5
RBT_099054,4
RBT_099055,6
RBT_099056,5
RBT_099057,2
RBT_099058,5
RBT_099059,5
RBT_099060,2
RBT_099061,3
RBT_099062,2
RBT_099063,6
RBT_099064,4
RBT_099065,6
RBT_099066,7
RBT_099067,6
RBT_099068,3
RBT_099069,5
RBT_099070,5
RBT_099071,6
RBT_099072,7
RBT_099073,5
RBT_099074,6
RBT_099075,2
RBT_099076,6
RBT_099077,6
RBT_099078,1
RBT_099079,5
RBT_099080,7
RBT_099081,5
RBT_099082,2
RBT_099083,7
RBT_099084,5
RBT_099085,5
RBT_099086,7
RBT_099087,5
RBT_099088,5
RBT_099089,6
RBT_099090,6
RBT_099091,6
RBT_099092,2
RBT_099093,7
RBT_099094,5
RBT_099095,5
RBT_099096,6
RBT_099097,4
RBT_099098,5
RBT_099099,4
RBT_099100,6
RBT_099101,5
RBT_099102,3
RBT_099103,7
RBT_099104,6
RBT_099105,1
RBT_099106,2
RBT_099107,4
RBT_099108,6
RBT_099109,4
RBT_099110,7
RBT_099111,7
RBT_099112,6
RBT_099113,1
RBT_099114,7
RBT_099115,5
RBT_099116,5
RBT_099117,2
RBT_099118,5
RBT_099119,5
RBT_099120,5
RBT_099121,3
RBT_099122,5
RBT_099123,2
RBT_099124,1
RBT_099125,3
RBT_099126,6
RBT_099127,5
RBT_099128,7
RBT_099129,6
RBT_099130,5
RBT_099131,6
RBT_099132,5
RBT_099133,5
RBT_099134,5
RBT_099135,2
RBT_099136,3
RBT_099137,5
RBT_099138,5
RBT_099139,5
RBT_099140,3
RBT_099141,5
RBT_099142,7
RBT_099143,6
RBT_099144,5
RBT_099145,7
RBT_099146,6
RBT_099147,4
RBT_099148,6
RBT_099149,5
RBT_099150,6
RBT_099151,4
RBT_099152,6
RBT_099153,4
RBT_099154,7
RBT_099155,3
RBT_099156,6
RBT_099157,5
RBT_099158,1
RBT_099159,4
RBT_099160,4
RBT_099161,5
RBT_099162,4
RBT_099163,2
RBT_099164,7
RBT_099165,6
RBT_099166,1
RBT_099167,5
RBT_099168,5
RBT_099169,4
RBT_099170,4
RBT_099171,5
RBT_099172,3
RBT_099173,5
RBT_099174,2
RBT_099175,4
RBT_099176,2
RBT_099177,5
RBT_099178,6
RBT_099179,7
RBT_099180,3
RBT_099181,6
RBT_099182,2
RBT_099183,3
RBT_099184,5
RBT_099185,7
RBT_099186,7
RBT_099187,5
RBT_099188,5
RBT_099189,5
RBT_099190,5
RBT_099191,5
RBT_099192,6
RBT_099193,5
RBT_099194,6
RBT_099195,5
RBT_099196,6
RBT_099197,6
RBT_099198,5
RBT_099199,5
RBT_099200,5
RBT_099201,6
RBT_099202,3
RBT_099203,5
RBT_099204,4
RBT_099205,3
RBT_099206,7
RBT_099207,5
RBT_099208,5
RBT_099209,5
RBT_099210,6
RBT_099211,3
RBT_099212,5
RBT_099213,4
RBT_099214,6
RBT_099215,6
RBT_099216,1
RBT_099217,6
RBT_099218,5
RBT_099219,4
RBT_099220,4
RBT_099221,5
RBT_099222,2
RBT_099223,6
RBT_099224,5
RBT_099225,3
RBT_099226,4
RBT_099227,5
RBT_099228,4
RBT_099229,7
RBT_099230,6
RBT_099231,5
RBT_099232,1
RBT_099233,4
RBT_099234,6
RBT_099235,5
RBT_099236,4
RBT_099237,6
RBT_099238,4
RBT_099239,7
RBT_099240,5
RBT_099241,6
RBT_099242,5
RBT_099243,4
RBT_099244,5
RBT_099245,1
RBT_099246,6
RBT_099247,7
RBT_099248,3
RBT_099249,7
RBT_099250,3
RBT_099251,5
RBT_099252,4
RBT_099253,3
RBT_099254,6
RBT_099255,6
RBT_099256,6
RBT_099257,1
RBT_099258,6
RBT_099259,1
RBT_099260,4
RBT_099261,3
RBT_099262,7
RBT_099263,5
RBT_099264,5
RBT_099265,5
RBT_099266,5
RBT_099267,5
RBT_099268,5
RBT_099269,5
RBT_099270,5
RBT_099271,6
RBT_099272,5
RBT_099273,6
RBT_099274,7
RBT_099275,7
RBT_099276,3
RBT_099277,6
RBT_099278,6
RBT_099279,4
RBT_099280,6
RBT_099281,7
RBT_099282,2
RBT_099283,5
RBT_099284,7
RBT_099285,5
RBT_099286,2
RBT_099287,7
RBT_099288,7
RBT_099289,6
RBT_099290,5
RBT_099291,5
RBT_099292,6
RBT_099293,4
RBT_099294,4
RBT_099295,3
RBT_099296,5
RBT_099297,4
RBT_099298,5
RBT_099299,6
RBT_099300,5
RBT_099301,6
RBT_099302,5
RBT_099303,3
RBT_099304,6
RBT_099305,2
RBT_099306,7
RBT_099307,6
RBT_099308,7
RBT_099309,5
RBT_099310,5
RBT_099311,3
RBT_099312,4
RBT_099313,5
RBT_099314,6
RBT_099315,2
RBT_099316,2
RBT_099317,4
RBT_099318,6
RBT_099319,5
RBT_099320,3
RBT_099321,4
RBT_099322,6
RBT_099323,4
RBT_099324,5
RBT_099325,5
RBT_099326,4
RBT_099327,1
RBT_099328,3
RBT_099329,7
RBT_099330,5
RBT_099331,4
RBT_099332,5
RBT_099333,7
RBT_099334,5
RBT_099335,3
RBT_099336,7
RBT_099337,6
RBT_099338,6
RBT_099339,5
RBT_099340,4
RBT_099341,5
RBT_099342,3
RBT_099343,6
RBT_099344,6
RBT_099345,6
RBT_099346,7
RBT_099347,3
RBT_099348,5
RBT_099349,4
RBT_099350,4
RBT_099351,6
RBT_099352,7
RBT_099353,6
RBT_099354,4
RBT_099355,6
RBT_099356,5
RBT_099357,5
RBT_099358,2
RBT_099359,6
RBT_099360,5
RBT_099361,6
RBT_099362,3
RBT_099363,2
RBT_099364,6
RBT_099365,6
RBT_099366,3
RBT_099367,5
RBT_099368,3
RBT_099369,1
RBT_099370,5
RBT_099371,7
RBT_099372,5
RBT_099373,5
RBT_099374,4
RBT_099375,4
RBT_099376,4
RBT_099377,3
RBT_099378,2
RBT_099379,6
RBT_099380,4
RBT_099381,3
RBT_099382,5
RBT_099383,7
RBT_099384,6
RBT_099385,3
RBT_099386,5
RBT_099387,5
RBT_099388,1
RBT_099389,4
RBT_099390,5
RBT_099391,5
RBT_099392,5
RBT_099393,6
RBT_099394,3
RBT_099395,5
RBT_099396,5
RBT_099397,7
RBT_099398,6
RBT_099399,6
RBT_099400,6
RBT_099401,1
RBT_099402,5
RBT_099403,6
RBT_099404,5
RBT_099405,7
RBT_099406,7
RBT_099407,4
RBT_099408,7
RBT_099409,2
RBT_099410,7
RBT_099411,3
RBT_099412,5
RBT_099413,6
RBT_099414,6
RBT_099415,5
RBT_099416,3
RBT_099417,6
RBT_099418,5
RBT_099419,4
RBT_099420,5
RBT_099421,4
RBT_099422,7
RBT_099423,6
RBT_099424,7
RBT_099425,1
RBT_099426,5
RBT_099427,3
RBT_099428,6
RBT_099429,7
RBT_099430,6
RBT_099431,7
RBT_099432,5
RBT_099433,5
RBT_099434,4
RBT_099435,6
RBT_099436,4
RBT_099437,6
RBT_099438,5
RBT_099439,6
RBT_099440,5
RBT_099441,2
RBT_099442,7
RBT_099443,5
RBT_099444,6
RBT_099445,5
RBT_099446,5
RBT_099447,6
RBT_099448,6
RBT_099449,5
RBT_099450,7
RBT_099451,7
RBT_099452,4
RBT_099453,7
RBT_099454,5
RBT_099455,4
RBT_099456,7
RBT_099457,2
RBT_099458,5
RBT_099459,7
RBT_099460,6
RBT_099461,1
RBT_099462,5
RBT_099463,2
RBT_099464,5
RBT_099465,7
RBT_099466,7
RBT_099467,5
RBT_099468,7
RBT_099469,5
RBT_099470,6
RBT_099471,6
RBT_099472,6
RBT_099473,2
RBT_099474,4
RBT_099475,1
RBT_099476,3
RBT_099477,4
RBT_099478,6
RBT_099479,6
RBT_099480,2
RBT_099481,1
RBT_099482,7
RBT_099483,3
RBT_099484,5
RBT_099485,2
RBT_099486,5
RBT_099487,2
RBT_099488,6
RBT_099489,2
RBT_099490,4
RBT_099491,5
RBT_099492,7
RBT_099493,6
RBT_099494,2
RBT_099495,5
RBT_099496,6
RBT_099497,4
RBT_099498,5
RBT_099499,2
RBT_099500,5
RBT_099501,3
RBT_099502,4
RBT_099503,5
RBT_099504,6
RBT_099505,4
RBT_099506,7
RBT_099507,5
RBT_099508,3
RBT_099509,7
RBT_099510,5
RBT_099511,5
RBT_099512,7
RBT_099513,7
RBT_099514,4
RBT_099515,5
RBT_099516,6
RBT_099517,3
RBT_099518,5
RBT_099519,4
RBT_099520,4
RBT_099521,6
RBT_099522,5
RBT_099523,6
RBT_099524,5
RBT_099525,7
RBT_099526,5
RBT_099527,5
RBT_099528,4
RBT_099529,1
RBT_099530,6
RBT_099531,6
RBT_099532,6
RBT_099533,6
RBT_099534,4
RBT_099535,5
RBT_099536,6
RBT_099537,5
RBT_099538,7
RBT_099539,4
RBT_099540,5
RBT_099541,7
RBT_099542,5
RBT_099543,7
RBT_099544,1
RBT_099545,5
RBT_099546,4
RBT_099547,5
RBT_099548,2
RBT_099549,4
RBT_099550,5
RBT_099551,6
RBT_099552,7
RBT_099553,4
RBT_099554,6
RBT_099555,1
RBT_099556,7
RBT_099557,5
RBT_099558,6
RBT_099559,4
RBT_099560,5
RBT_099561,2
RBT_099562,2
RBT_099563,6
RBT_099564,4
RBT_099565,5
RBT_099566,5
RBT_099567,5
RBT_099568,1
RBT_099569,4
RBT_099570,5
RBT_099571,6
RBT_099572,3
RBT_099573,5
RBT_099574,5
RBT_099575,5
RBT_099576,4
RBT_099577,2
RBT_099578,5
RBT_099579,4
RBT_099580,5
RBT_099581,5
RBT_099582,3
RBT_099583,5
RBT_099584,1
RBT_099585,5
RBT_099586,5
RBT_099587,7
RBT_099588,5
RBT_099589,1
RBT_099590,6
RBT_099591,3
RBT_099592,5
RBT_099593,3
RBT_099594,5
RBT_099595,5
RBT_099596,6
RBT_099597,4
RBT_099598,2
RBT_099599,5
RBT_099600,6
RBT_099601,5
RBT_099602,5
RBT_099603,5
RBT_099604,5
RBT_099605,2
RBT_099606,5
RBT_099607,2
RBT_099608,3
RBT_099609,6
RBT_099610,6
RBT_099611,6
RBT_099612,5
RBT_099613,5
RBT_099614,2
RBT_099615,7
RBT_099616,5
RBT_099617,3
RBT_099618,7
RBT_099619,5
RBT_099620,5
RBT_099621,4
RBT_099622,5
RBT_099623,1
RBT_099624,5
RBT_099625,7
RBT_099626,6
RBT_099627,6
RBT_099628,5
RBT_099629,5
RBT_099630,3
RBT_099631,4
RBT_099632,3
RBT_099633,6
RBT_099634,5
RBT_099635,6
RBT_099636,4
RBT_099637,3
RBT_099638,6
RBT_099639,7
RBT_099640,5
RBT_099641,2
RBT_099642,4
RBT_099643,1
RBT_099644,7
RBT_099645,5
RBT_099646,5
RBT_099647,7
RBT_099648,5
RBT_099649,5
RBT_099650,6
RBT_099651,6
RBT_099652,5
RBT_099653,2
RBT_099654,5
RBT_099655,3
RBT_099656,5
RBT_099657,1
RBT_099658,5
RBT_099659,1
RBT_099660,3
RBT_099661,6
RBT_099662,7
RBT_099663,5
RBT_099664,3
RBT_099665,4
RBT_099666,4
RBT_099667,1
RBT_099668,7
RBT_099669,5
RBT_099670,3
RBT_099671,6
RBT_099672,3
RBT_099673,3
RBT_099674,4
RBT_099675,5
RBT_099676,7
RBT_099677,5
RBT_099678,4
RBT_099679,5
RBT_099680,5
RBT_099681,6
RBT_099682,4
RBT_099683,5
RBT_099684,5
RBT_099685,5
RBT_099686,2
RBT_099687,5
RBT_099688,5
RBT_099689,7
RBT_099690,2
RBT_099691,1
RBT_099692,6
RBT_099693,3
RBT_099694,1
RBT_099695,3
RBT_099696,7
RBT_099697,3
RBT_099698,4
RBT_099699,5
RBT_099700,3
RBT_099701,5
RBT_099702,7
RBT_099703,3
RBT_099704,2
RBT_099705,6
RBT_099706,6
RBT_099707,6
RBT_099708,1
RBT_099709,5
RBT_099710,4
RBT_099711,5
RBT_099712,5
RBT_099713,6
RBT_099714,1
RBT_099715,3
RBT_099716,4
RBT_099717,5
RBT_099718,3
RBT_099719,2
RBT_099720,7
RBT_099721,5
RBT_099722,4
RBT_099723,1
RBT_099724,6
RBT_099725,7
RBT_099726,7
RBT_099727,4
RBT_099728,7
RBT_099729,5
RBT_099730,5
RBT_099731,6
RBT_099732,6
RBT_099733,5
RBT_099734,5
RBT_099735,7
RBT_099736,5
RBT_099737,6
RBT_099738,6
RBT_099739,2
RBT_099740,3
RBT_099741,1
RBT_099742,1
RBT_099743,6
RBT_099744,2
RBT_099745,3
RBT_099746,4
RBT_099747,5
RBT_099748,3
RBT_099749,5
RBT_099750,4
RBT_099751,5
RBT_099752,7
RBT_099753,7
RBT_099754,2
RBT_099755,2
RBT_099756,1
RBT_099757,5
RBT_099758,6
RBT_099759,7
RBT_099760,5
RBT_099761,6
RBT_099762,6
RBT_099763,3
RBT_099764,7
RBT_099765,6
RBT_099766,2
RBT_099767,5
RBT_099768,2
RBT_099769,1
RBT_099770,6
RBT_099771,7
RBT_099772,5
RBT_099773,1
RBT_099774,5
RBT_099775,5
RBT_099776,5
RBT_099777,4
RBT_099778,5
RBT_099779,4
RBT_099780,3
RBT_099781,6
RBT_099782,5
RBT_099783,4
RBT_099784,5
RBT_099785,4
RBT_099786,4
RBT_099787,5
RBT_099788,3
RBT_099789,5
RBT_099790,6
RBT_099791,7
RBT_099792,3
RBT_099793,6
RBT_099794,4
RBT_099795,5
RBT_099796,2
RBT_099797,5
RBT_099798,5
RBT_099799,5
RBT_099800,5
RBT_099801,7
RBT_099802,6
RBT_099803,7
RBT_099804,5
RBT_099805,5
RBT_099806,5
RBT_099807,5
RBT_099808,6
RBT_099809,5
RBT_099810,6
RBT_099811,6
RBT_099812,5
RBT_099813,6
RBT_099814,4
RBT_099815,5
RBT_099816,3
RBT_099817,5
RBT_099818,3
RBT_099819,7
RBT_099820,5
RBT_099821,1
RBT_099822,1
RBT_099823,5
RBT_099824,5
RBT_099825,6
RBT_099826,6
RBT_099827,1
RBT_099828,3
RBT_099829,4
RBT_099830,2
RBT_099831,3
RBT_099832,5
RBT_099833,6
RBT_099834,5
RBT_099835,3
RBT_099836,5
RBT_099837,6
RBT_099838,2
RBT_099839,6
RBT_099840,4
RBT_099841,6
RBT_099842,6
RBT_099843,5
RBT_099844,1
RBT_099845,7
RBT_099846,5
RBT_099847,2
RBT_099848,6
RBT_099849,6
RBT_099850,7
RBT_099851,5
RBT_099852,5
RBT_099853,5
RBT_099854,4
RBT_099855,5
RBT_099856,5
RBT_099857,6
RBT_099858,6
RBT_099859,4
RBT_099860,3
RBT_099861,3
RBT_099862,5
RBT_099863,3
RBT_099864,5
RBT_099865,6
RBT_099866,6
RBT_099867,6
RBT_099868,3
RBT_099869,5
RBT_099870,3
RBT_099871,6
RBT_099872,6
RBT_099873,1
RBT_099874,3
RBT_099875,5
RBT_099876,3
RBT_099877,4
RBT_099878,1
RBT_099879,6
RBT_099880,5
RBT_099881,6
RBT_099882,5
RBT_099883,5
RBT_099884,5
RBT_099885,2
RBT_099886,5
RBT_099887,6
RBT_099888,4
RBT_099889,5
RBT_099890,5
RBT_099891,5
RBT_099892,5
RBT_099893,6
RBT_099894,3
RBT_099895,5
RBT_099896,1
RBT_099897,5
RBT_099898,3
RBT_099899,6
RBT_099900,4
RBT_099901,5
RBT_099902,5
RBT_099903,5
RBT_099904,4
RBT_099905,3
RBT_099906,5
RBT_099907,5
RBT_099908,1
RBT_099909,5
RBT_099910,5
RBT_099911,5
RBT_099912,2
RBT_099913,5
RBT_099914,6
RBT_099915,3
RBT_099916,4
RBT_099917,3
RBT_099918,4
RBT_099919,4
RBT_099920,6
RBT_099921,3
RBT_099922,4
RBT_099923,6
RBT_099924,6
RBT_099925,5
RBT_099926,5
RBT_099927,6
RBT_099928,5
RBT_099929,5
RBT_099930,4
RBT_099931,5
RBT_099932,6
RBT_099933,5
RBT_099934,5
RBT_099935,5
RBT_099936,7
RBT_099937,5
RBT_099938,1
RBT_099939,6
RBT_099940,5
RBT_099941,3
RBT_099942,1
RBT_099943,7
RBT_099944,5
RBT_099945,5
RBT_099946,4
RBT_099947,2
RBT_099948,5
RBT_099949,5
RBT_099950,7
RBT_099951,2
RBT_099952,4
RBT_099953,5
RBT_099954,6
RBT_099955,6
RBT_099956,4
RBT_099957,3
RBT_099958,1
RBT_099959,4
RBT_099960,3
RBT_099961,7
RBT_099962,6
RBT_099963,3
RBT_099964,4
RBT_099965,7
RBT_099966,5
RBT_099967,6
RBT_099968,4
RBT_099969,5
RBT_099970,5
RBT_099971,2
RBT_099972,2
RBT_099973,6
RBT_099974,7
RBT_099975,5
RBT_099976,6
RBT_099977,7
RBT_099978,5
RBT_099979,4
RBT_099980,6
RBT_099981,7
RBT_099982,6
RBT_099983,4
RBT_099984,4
RBT_099985,6
RBT_099986,5
RBT_099987,6
RBT_099988,5
RBT_099989,4
RBT_099990,4
RBT_099991,6
RBT_099992,2
RBT_099993,7
RBT_099994,5
RBT_099995,6
RBT_099996,6
RBT_099997,6
RBT_099998,5
RBT_099999,5
RBT_100000,5
